uai,ips,rentree_scolaire
0030445T,119.9,2023-2024
0031043T,86.1,2023-2024
0060033D,102.2,2023-2024
0061394H,105.7,2023-2024
0080028M,77.7,2023-2024
0080045F,95.2,2023-2024
0090020Y,91.7,2023-2024
0110045P,115.5,2023-2024
0130039X,111.2,2023-2024
0131339K,129.9,2023-2024
0133015G,105.6,2023-2024
0141274J,98.8,2023-2024
0150006A,105.5,2023-2024
0210013A,99,2023-2024
0211074D,143.5,2023-2024
0220107X,105,2023-2024
0240035H,112.6,2023-2024
0250008Y,123.7,2023-2024
0251028G,126.4,2023-2024
0251994G,94.7,2023-2024
0270017X,113.6,2023-2024
0280019U,103.4,2023-2024
0280021W,102.3,2023-2024
0280684S,88.3,2023-2024
0290009C,126.7,2023-2024
0290108K,92.3,2023-2024
0290164W,121.5,2023-2024
0300083C,121.5,2023-2024
0330020T,101.5,2023-2024
0330029C,115.5,2023-2024
0331491S,136.4,2023-2024
0332441Z,88.2,2023-2024
0333582P,119.6,2023-2024
0340059E,111.3,2023-2024
0342091N,102.6,2023-2024
0350009V,90.5,2023-2024
0350050P,88.7,2023-2024
0352318E,117.1,2023-2024
0370032J,91.4,2023-2024
0370036N,118.1,2023-2024
0380023U,91.9,2023-2024
0381733C,100,2023-2024
0391092A,104.5,2023-2024
0410002E,114,2023-2024
0421022H,122.6,2023-2024
0430098Y,104.4,2023-2024
0480019K,89.7,2023-2024
0490040C,109.1,2023-2024
0490904S,110.9,2023-2024
0490910Y,95.5,2023-2024
0492148U,114,2023-2024
0501788X,105,2023-2024
0501850P,92.7,2023-2024
0511142P,137.1,2023-2024
0520028Y,91.2,2023-2024
0541370W,100.8,2023-2024
0541605B,77,2023-2024
0542208G,111.5,2023-2024
0550002D,105.4,2023-2024
0560019S,85.7,2023-2024
0570054Z,128.1,2023-2024
0570294K,91.1,2023-2024
0573281G,113.5,2023-2024
0590010R,107.3,2023-2024
0590143K,124.6,2023-2024
0590264S,74.5,2023-2024
0593136N,128.7,2023-2024
0596892W,95.4,2023-2024
0601164P,120.4,2023-2024
0610006A,95.7,2023-2024
0610014J,103.1,2023-2024
0610698C,112.5,2023-2024
0630020E,90.4,2023-2024
0630041C,86.7,2023-2024
0640047D,115.6,2023-2024
0660021P,102.3,2023-2024
0670043H,84.1,2023-2024
0671611M,131.3,2023-2024
0680015X,112.7,2023-2024
0680031P,98.1,2023-2024
0680068E,93.4,2023-2024
0690037R,123,2023-2024
0690047B,81.7,2023-2024
0690074F,102.8,2023-2024
0690097F,100.3,2023-2024
0690543R,138.3,2023-2024
0690698J,119.6,2023-2024
0701035V,109.5,2023-2024
0720013Y,82.5,2023-2024
0730013T,130.5,2023-2024
0730760E,109,2023-2024
0750694X,131.9,2023-2024
0752846L,84.9,2023-2024
0753890W,145.1,2023-2024
0753959W,149.1,2023-2024
0754045P,135.6,2023-2024
0754479L,118.4,2023-2024
0754860A,147.8,2023-2024
0770933W,112.2,2023-2024
0771336J,94.9,2023-2024
0772275E,135.7,2023-2024
0772840U,123.4,2023-2024
0781512V,141.1,2023-2024
0783351U,151.2,2023-2024
0783548H,162.6,2023-2024
0800013E,81.4,2023-2024
0801479Y,103.9,2023-2024
0801742J,133.9,2023-2024
0801900F,88.4,2023-2024
0810006S,127.7,2023-2024
0810068J,129.3,2023-2024
0820061W,111.3,2023-2024
0820917B,109,2023-2024
0830116A,108.8,2023-2024
0831440P,102,2023-2024
0840763Y,89.3,2023-2024
0850068M,102,2023-2024
0850133H,119.2,2023-2024
0860752A,99.1,2023-2024
0870041X,90.5,2023-2024
0870081R,123.7,2023-2024
0890003V,118.5,2023-2024
0900425Y,87.7,2023-2024
0910632T,91.9,2023-2024
0911844K,148.6,2023-2024
0920918Y,138.1,2023-2024
0922277A,82.3,2023-2024
0930962R,95.7,2023-2024
0931573E,105.2,2023-2024
0932282A,81.5,2023-2024
0932667U,80.3,2023-2024
0950762M,142.9,2023-2024
0950804H,128.9,2023-2024
9710884J,98.2,2023-2024
9720692V,97.4,2023-2024
9730563Z,72.6,2023-2024
9740737H,73.2,2023-2024
9760127J,80.2,2023-2024
0020498F,90.3,2024-2025
0030072M,126.3,2024-2025
0060011E,108.3,2024-2025
0070016E,92.4,2024-2025
0090024C,99.8,2024-2025
0100016N,82.3,2024-2025
0110012D,105.2,2024-2025
0131323T,158,2024-2025
0131391S,124.9,2024-2025
0132193N,96.2,2024-2025
0132790M,86.5,2024-2025
0142108R,126.8,2024-2025
0150030B,106.8,2024-2025
0160079Z,124.6,2024-2025
0170028N,126.5,2024-2025
0180010N,83.1,2024-2025
0180036S,99.3,2024-2025
0180572Z,94.3,2024-2025
0190018S,108.4,2024-2025
0190058K,128.1,2024-2025
0210017E,115.5,2024-2025
0211928G,132.2,2024-2025
0220196U,104.2,2024-2025
0240048X,91.9,2024-2025
0251079M,85.2,2024-2025
0251349F,87.3,2024-2025
0260015A,112.6,2024-2025
0260116K,83.6,2024-2025
0271579V,111,2024-2025
0290023T,108,2024-2025
0290034E,116.9,2024-2025
0290044R,114,2024-2025
0290184T,106,2024-2025
0300026R,103.6,2024-2025
0311132M,141.2,2024-2025
0312191N,120.1,2024-2025
0320015T,108.9,2024-2025
0330018R,99.7,2024-2025
0330023W,135.8,2024-2025
0331498Z,127.5,2024-2025
0350778F,138.8,2024-2025
0351054F,89.4,2024-2025
0370038R,115.1,2024-2025
0370728R,127.7,2024-2025
0370737A,140.9,2024-2025
0370749N,122.8,2024-2025
0381602K,86.7,2024-2025
0382854W,130.7,2024-2025
0382895R,104.3,2024-2025
0390091M,94.1,2024-2025
0410030K,112.2,2024-2025
0420008F,108.1,2024-2025
0420014M,97.9,2024-2025
0420073B,78.2,2024-2025
0420074C,79.4,2024-2025
0420982P,86.8,2024-2025
0450064A,95.6,2024-2025
0470038L,95,2024-2025
0490001K,126.1,2024-2025
0490782J,102.4,2024-2025
0490886X,107.9,2024-2025
0491966W,124.6,2024-2025
0492298G,119.2,2024-2025
0492420P,120.5,2024-2025
0502009M,92.6,2024-2025
0550003E,83.5,2024-2025
0560051B,124.2,2024-2025
0560098C,120.8,2024-2025
0561981Z,128,2024-2025
0573231C,87.3,2024-2025
0592964B,88.5,2024-2025
0593106F,135.4,2024-2025
0593117T,134.6,2024-2025
0595480L,75.7,2024-2025
0600020W,103.7,2024-2025
0600048B,87.8,2024-2025
0600049C,89.4,2024-2025
0601699W,129.4,2024-2025
0601824G,110.5,2024-2025
0610018N,101.7,2024-2025
0610021S,95.2,2024-2025
0620121V,80.1,2024-2025
0623902E,94.1,2024-2025
0624109E,98.6,2024-2025
0631033F,122.7,2024-2025
0631034G,132.3,2024-2025
0640111Y,128.2,2024-2025
0640127R,124.9,2024-2025
0650027B,117.2,2024-2025
0650885J,116.5,2024-2025
0660552S,111.6,2024-2025
0670005S,108,2024-2025
0670062D,76.4,2024-2025
0670067J,84.7,2024-2025
0672616E,97.9,2024-2025
0680151V,130,2024-2025
0690040U,86.8,2024-2025
0690042W,99.8,2024-2025
0690132U,98.5,2024-2025
0690540M,153.1,2024-2025
0690641X,122.5,2024-2025
0690646C,119.6,2024-2025
0690712Z,121.6,2024-2025
0691724Z,102.6,2024-2025
0693654X,128.6,2024-2025
0701052N,111.4,2024-2025
0710012C,107.6,2024-2025
0720029R,134.4,2024-2025
0721493G,106.8,2024-2025
0730772T,106.5,2024-2025
0731043M,90.4,2024-2025
0740047Z,118.2,2024-2025
0741443S,133.3,2024-2025
0750681H,137.3,2024-2025
0750714U,130,2024-2025
0753268V,92.5,2024-2025
0753946G,158.5,2024-2025
0754042L,131.3,2024-2025
0754924V,131.8,2024-2025
0760024N,86.8,2024-2025
0760096S,113.4,2024-2025
0761707T,132.9,2024-2025
0761715B,139.4,2024-2025
0762920L,96.6,2024-2025
0762964J,89.4,2024-2025
0770922J,107.6,2024-2025
0771336J,95.8,2024-2025
0771996B,103.9,2024-2025
0771997C,92.6,2024-2025
0772342C,109,2024-2025
0772685A,107.3,2024-2025
0781860Y,138.9,2024-2025
0801209E,130.5,2024-2025
0801479Y,106.5,2024-2025
0801945E,103.6,2024-2025
0810100U,102.4,2024-2025
0830015R,103.2,2024-2025
0840026X,103.8,2024-2025
0850077X,111.3,2024-2025
0860029P,90.8,2024-2025
0860755D,133.6,2024-2025
0870015U,122.3,2024-2025
0870017W,115.3,2024-2025
0870050G,110.1,2024-2025
0870864S,136.5,2024-2025
0875023M,96.5,2024-2025
0900003P,113.1,2024-2025
0900019G,75.1,2024-2025
0910628N,93.3,2024-2025
0930119Z,82.3,2024-2025
0932260B,80.4,2024-2025
0932282A,79.1,2024-2025
0932577W,87.5,2024-2025
0950785M,142.3,2024-2025
0951937P,117.9,2024-2025
9710002A,104.4,2024-2025
9710418C,79.2,2024-2025
9730423X,103.9,2024-2025
9741263E,98,2024-2025
0382895R,103.9,2023-2024
0400916D,93.6,2023-2024
0420029D,79.3,2023-2024
0540060X,79.6,2023-2024
0542448T,127,2023-2024
0560182U,104.2,2023-2024
0573080N,74.9,2023-2024
0573320Z,99.5,2023-2024
0590255G,82.8,2023-2024
0592940A,136.3,2023-2024
0593138R,127.7,2023-2024
0595480L,73.9,2023-2024
0595867G,105.2,2023-2024
0597005U,99.3,2023-2024
0610724F,103.1,2023-2024
0623902E,92.5,2023-2024
0631033F,120.6,2023-2024
0640130U,134.6,2023-2024
0640131V,122.3,2023-2024
0650041S,95.8,2023-2024
0660077A,107.4,2023-2024
0940743X,95.1,2023-2024
0951221L,138,2023-2024
9720070U,105.7,2023-2024
0021999M,115.2,2024-2025
0050003B,116.6,2024-2025
0060028Y,86,2024-2025
0080007P,103.5,2024-2025
0090019X,92.7,2024-2025
0130068D,80.9,2024-2025
0141165R,137.1,2024-2025
0141868E,96.2,2024-2025
0221867K,103.3,2024-2025
0260072M,116,2024-2025
0511901P,98.1,2024-2025
0550008K,96.8,2024-2025
0596854E,78.3,2024-2025
0610721C,103.4,2024-2025
0620056Z,93.4,2024-2025
0620120U,105.4,2024-2025
0620161N,104.7,2024-2025
0630061Z,90.2,2024-2025
0640176U,109.1,2024-2025
0681801N,94.1,2024-2025
0681885E,116.4,2024-2025
0690003D,94,2024-2025
0690037R,123,2024-2025
0690048C,90.8,2024-2025
0750654D,147.8,2024-2025
0750671X,108.8,2024-2025
0750679F,115.5,2024-2025
0760088H,84.9,2024-2025
0761719F,114.3,2024-2025
0770933W,113.6,2024-2025
0783140P,121.8,2024-2025
0783214V,91.9,2024-2025
0783549J,152,2024-2025
0830101J,126.4,2024-2025
0850076W,121.3,2024-2025
0880031F,89.6,2024-2025
0881664F,98,2024-2025
0911578W,87,2024-2025
0920146J,142.6,2024-2025
0920171L,88.7,2024-2025
0922397F,132,2024-2025
0932619S,116,2024-2025
0942355Z,128.3,2024-2025
0951998F,124.7,2024-2025
9710993C,100.6,2024-2025
9740001H,101.2,2024-2025
9740045F,103.2,2024-2025
9760220K,58.8,2024-2025
0754016H,126.9,2024-2025
0801950K,95.9,2024-2025
0820001F,97.5,2024-2025
0830016S,86.9,2024-2025
0840700E,86.7,2024-2025
0061462G,118.7,2023-2024
0080047H,81.7,2023-2024
0580032V,104.6,2023-2024
0580552K,95.9,2023-2024
0590117G,115.4,2023-2024
0590186G,69.2,2023-2024
0592965C,101.1,2023-2024
0610004Y,88.1,2023-2024
0672305S,102.4,2023-2024
0681817F,86.5,2023-2024
0690538K,139.9,2023-2024
0570106F,120.2,2024-2025
0590005K,74.5,2024-2025
0590198V,76.6,2024-2025
0600004D,85.8,2024-2025
0620140R,103,2024-2025
0640042Y,92,2024-2025
0730763H,134.7,2024-2025
0750684L,118.3,2024-2025
0752845K,90.6,2024-2025
0761713Z,128.6,2024-2025
0770940D,102.2,2024-2025
0782565P,126.8,2024-2025
0783657B,155.7,2024-2025
0810012Y,98.6,2024-2025
0820885S,108.6,2024-2025
0850043K,93.3,2024-2025
0850118S,123.4,2024-2025
0881530K,100.3,2024-2025
0891199V,97.2,2024-2025
0931812P,130.4,2024-2025
0950656X,89.2,2024-2025
0950658Z,87,2024-2025
0951637N,107,2024-2025
9740787M,82.4,2024-2025
0061763J,89.5,2023-2024
0070029U,103.1,2023-2024
0010032E,104,2023-2024
0011119L,95.8,2023-2024
0022108F,113.5,2023-2024
0060042N,82.9,2023-2024
0070001N,98.5,2023-2024
0100023W,92.7,2023-2024
0100046W,129.8,2023-2024
0130042A,94.4,2023-2024
0142178S,84.1,2023-2024
0210015C,131.5,2023-2024
0250007X,113.5,2023-2024
0270018Y,83.2,2023-2024
0290130J,96.7,2023-2024
0300002P,95.4,2023-2024
0310040A,108.8,2023-2024
0311145B,147,2023-2024
0352304P,136.7,2023-2024
0352950S,126.6,2023-2024
0370731U,141.1,2023-2024
0370888P,100.5,2023-2024
0381602K,83.5,2023-2024
0381732B,93.9,2023-2024
0381809K,104.7,2023-2024
0390012B,117.5,2023-2024
0390914G,95.3,2023-2024
0391131T,119.9,2023-2024
0391146J,106.8,2023-2024
0400007R,108.6,2023-2024
0421021G,125.9,2023-2024
0430020N,108.5,2023-2024
0430065M,104.1,2023-2024
0440267B,101.7,2023-2024
0440288Z,97.8,2023-2024
0440352U,85.9,2023-2024
0442112G,116.4,2023-2024
0450029M,101.4,2023-2024
0450064A,97,2023-2024
0451590J,109.5,2023-2024
0490018D,89.5,2023-2024
0501219D,99.4,2023-2024
0501789Y,91.6,2023-2024
0511147V,115.2,2023-2024
0520795G,87.6,2023-2024
0530010Y,110.7,2023-2024
0540044E,106.1,2023-2024
0541319R,130.1,2023-2024
0550025D,104.4,2023-2024
0550891V,81.8,2023-2024
0560042S,96.3,2023-2024
0560101F,124.5,2023-2024
0560180S,102.1,2023-2024
0570029X,93.1,2023-2024
0570081D,109.1,2023-2024
0570211V,134.8,2023-2024
0620190V,78.9,2023-2024
0622803K,104.1,2023-2024
0950649P,108.9,2023-2024
0951618T,91.9,2023-2024
7200583W,100.6,2023-2024
9710052E,81.8,2023-2024
9741046U,101.7,2023-2024
0061478Z,111.5,2024-2025
0080027L,89,2024-2025
0130033R,84.9,2024-2025
0130063Y,84.1,2024-2025
0271070S,114.1,2024-2025
0330021U,137.8,2024-2025
0330126H,113.5,2024-2025
0332345V,91.6,2024-2025
0332744D,99.7,2024-2025
0342091N,103.4,2024-2025
0352318E,116.8,2024-2025
0380023U,94,2024-2025
0390013C,103.5,2024-2025
0410675L,129.3,2024-2025
0420027B,109.7,2024-2025
0440172Y,147.1,2024-2025
0441946B,120.9,2024-2025
0460007H,117.4,2024-2025
0490838V,124.6,2024-2025
0490890B,108.4,2024-2025
0590187H,71.7,2024-2025
0595809U,102.3,2024-2025
0694543N,114.5,2024-2025
0700018P,101.8,2024-2025
0710011B,128.1,2024-2025
0740031G,94.9,2024-2025
0741476C,103.2,2024-2025
0750588G,85,2024-2025
0750680G,122.7,2024-2025
0750712S,103.2,2024-2025
0753874D,155.2,2024-2025
0753902J,150.9,2024-2025
0753943D,156.3,2024-2025
0755537L,133.8,2024-2025
0760058A,87.4,2024-2025
0772244W,91.4,2024-2025
0781898P,126,2024-2025
0783533S,84.7,2024-2025
0801514L,78.3,2024-2025
0801739F,85.2,2024-2025
0922398G,109.9,2024-2025
0931464L,148.9,2024-2025
0950800D,99.2,2024-2025
0010014K,106.2,2023-2024
0022022M,98.1,2023-2024
0030905T,91,2023-2024
0050009H,91.8,2023-2024
0260023J,102.5,2023-2024
0290105G,99.5,2023-2024
0290186V,110.4,2023-2024
0311190A,108.6,2023-2024
0350029S,121.9,2023-2024
0350808N,111.9,2023-2024
0352341E,138.2,2023-2024
0380010E,90.1,2023-2024
0380035G,110.6,2023-2024
0383119J,123.1,2023-2024
0390024P,107.9,2023-2024
0422318S,117.4,2023-2024
0440163N,139,2023-2024
0440541Z,91.1,2023-2024
0442273G,128.1,2023-2024
0490001K,126.7,2023-2024
0492089E,108,2023-2024
0500026G,109.9,2023-2024
0520027X,85,2023-2024
0540041B,97.2,2023-2024
0542295B,114,2023-2024
0560008E,97.6,2023-2024
0560200N,110.6,2023-2024
0570061G,81.6,2023-2024
0572951Y,107.8,2023-2024
0573326F,101.5,2023-2024
0590214M,86,2023-2024
0592932S,141.4,2023-2024
0592935V,141.8,2023-2024
0592944E,145.8,2023-2024
0593078A,96.9,2023-2024
0620056Z,90.9,2023-2024
0620150B,75.6,2023-2024
0620187S,77.5,2023-2024
0622089J,80.8,2023-2024
0631480S,88.5,2023-2024
0640079N,92.5,2023-2024
0641665M,103.9,2023-2024
0680154Y,106.1,2023-2024
0681761V,102.8,2023-2024
0694405N,113.3,2023-2024
0740148J,108.4,2023-2024
0951722F,103.1,2023-2024
6200063Z,101.1,2023-2024
9710067W,91.2,2023-2024
9710774P,102.9,2023-2024
9720429J,84.7,2023-2024
9720515C,85,2023-2024
9720825P,113.4,2023-2024
9740575G,72.4,2023-2024
9741230U,85.1,2023-2024
0080039Z,101.6,2024-2025
0080053P,107.1,2024-2025
0100003Z,98.1,2024-2025
0101016A,102.7,2024-2025
0110019L,102.7,2024-2025
0120025M,103.6,2024-2025
0130001F,120.9,2024-2025
0130002G,127.3,2024-2025
0131335F,143.2,2024-2025
0131344R,138.1,2024-2025
0131434N,94,2024-2025
0131441W,87.5,2024-2025
0132276D,89.1,2024-2025
0132922F,106,2024-2025
0133015G,105,2024-2025
0190056H,108.3,2024-2025
0220075M,91.5,2024-2025
0220116G,109.1,2024-2025
0220186H,94.4,2024-2025
0240039M,94.1,2024-2025
0250001R,76.8,2024-2025
0271606Z,98.4,2024-2025
0280700J,82.1,2024-2025
0281197Z,120,2024-2025
0290076A,111.9,2024-2025
0300027S,101.9,2024-2025
0310024H,111.8,2024-2025
0311334G,117,2024-2025
0312064A,105.3,2024-2025
0312686B,118.6,2024-2025
0320030J,98.4,2024-2025
0331488N,132.5,2024-2025
0331561T,106.8,2024-2025
0332194F,99.9,2024-2025
0332550T,121.1,2024-2025
0341385W,85.4,2024-2025
0352304P,137.4,2024-2025
0380049X,111.7,2024-2025
0383072H,136.7,2024-2025
0390024P,109.3,2024-2025
0420079H,82.1,2024-2025
0430023S,92,2024-2025
0440086E,118,2024-2025
0450759F,101.7,2024-2025
0500132X,99.4,2024-2025
0511153B,104.1,2024-2025
0530011Z,112.5,2024-2025
0570023R,88.8,2024-2025
0590111A,78.4,2024-2025
0593007Y,139.3,2024-2025
0610002W,100.3,2024-2025
0620017G,88.8,2024-2025
0620052V,98.8,2024-2025
0620095S,90.2,2024-2025
0622120T,118.5,2024-2025
0622801H,89.7,2024-2025
0623864N,79.2,2024-2025
0630019D,129.4,2024-2025
0630022G,95.3,2024-2025
0640125N,124.3,2024-2025
0660856X,108.1,2024-2025
0670127Z,81.7,2024-2025
0671636P,129.3,2024-2025
0680134B,139.9,2024-2025
0681839E,93.6,2024-2025
0690032K,113.6,2024-2025
0693267B,121.7,2024-2025
0694197M,124.5,2024-2025
0700011G,91.5,2024-2025
0710023P,120,2024-2025
0740144E,109.6,2024-2025
0750696Z,95.9,2024-2025
0750703G,130.2,2024-2025
0753919C,138.1,2024-2025
0760095R,102,2024-2025
0760145V,82,2024-2025
0761710W,133.9,2024-2025
0762880T,104.4,2024-2025
0780515L,127,2024-2025
0801327H,111.5,2024-2025
0801864S,89.6,2024-2025
0881140L,84.5,2024-2025
0920132U,136.4,2024-2025
0922276Z,96.9,2024-2025
0930121B,100.2,2024-2025
0930834B,81.9,2024-2025
0940141T,88.7,2024-2025
6200004K,89.3,2024-2025
9720695Y,103.7,2024-2025
9740004L,71.5,2024-2025
0110670U,118.2,2023-2024
0130059U,93,2023-2024
0131341M,134.7,2023-2024
0131606A,72.4,2023-2024
0142132S,98.9,2023-2024
0150760V,109.1,2023-2024
0160047P,94.4,2023-2024
0220123P,96.5,2023-2024
0240048X,90.5,2023-2024
0260019E,96.5,2023-2024
0270042Z,107.6,2023-2024
0310032S,107.5,2023-2024
0310054R,94.4,2023-2024
0311146C,142.6,2023-2024
0312289V,135.8,2023-2024
0330069W,87.9,2023-2024
0331502D,146.6,2023-2024
0350028R,105.7,2023-2024
0351878B,86.8,2023-2024
0490835S,123.6,2023-2024
0500036T,108.7,2023-2024
0511951U,91.2,2023-2024
0590116F,117,2023-2024
0595678B,75.1,2023-2024
0610001V,117.2,2023-2024
0623328F,76.5,2023-2024
0630034V,114.3,2023-2024
0631075B,130.2,2023-2024
0640050G,85.4,2023-2024
0681810Y,85.8,2023-2024
0693654X,128.2,2023-2024
0721094Y,99.4,2023-2024
0730043A,108.2,2023-2024
0750330B,120.1,2023-2024
0750658H,147.9,2023-2024
0750775K,87.4,2023-2024
0750787Y,108.6,2023-2024
0753840S,151.3,2023-2024
0753874D,161.5,2023-2024
0760035A,106.5,2023-2024
0760036B,87,2023-2024
0761356L,110.4,2023-2024
0761707T,128.7,2023-2024
0762442S,109,2023-2024
0770918E,103.5,2023-2024
0771720B,135.5,2023-2024
0772223Y,107,2023-2024
0772225A,92.5,2023-2024
0780422K,101.8,2023-2024
0790058J,113.8,2023-2024
0790702J,86.2,2023-2024
0801628K,76.2,2023-2024
0820021C,100.2,2023-2024
0840039L,91.9,2023-2024
0850130E,115.9,2023-2024
0851346B,104.7,2023-2024
0860028N,109.9,2023-2024
0861223M,124,2023-2024
0920171L,87.9,2023-2024
0921505L,93.3,2023-2024
0921594H,90.3,2023-2024
0931738J,74.7,2023-2024
0931779D,89.6,2023-2024
0932126F,81.1,2023-2024
0932267J,84.8,2023-2024
0932291K,94.7,2023-2024
0940823J,108.4,2023-2024
0941355M,87.5,2023-2024
0950666H,91.8,2023-2024
0950949R,79.4,2023-2024
0951994B,113.4,2023-2024
7200011Z,87.8,2023-2024
9710922A,109.6,2023-2024
9711046K,86.1,2023-2024
9711080X,89.4,2023-2024
9730001N,81.9,2023-2024
9740020D,72.1,2023-2024
9741324W,88.5,2023-2024
0011276G,127.8,2024-2025
0021939X,102.1,2024-2025
0030061A,85.9,2024-2025
0040023D,107.1,2024-2025
0050005D,112.1,2024-2025
0060022S,91.5,2024-2025
0070112J,100.8,2024-2025
0120038B,92.1,2024-2025
0121423G,107.2,2024-2025
0130006L,92.3,2024-2025
0130055P,70.6,2024-2025
0130057S,86,2024-2025
0131319N,146.4,2024-2025
0131328Y,139.2,2024-2025
0131549N,117.2,2024-2025
0133822J,135,2024-2025
0133931C,106.6,2024-2025
0501828R,121.2,2024-2025
0501850P,94.7,2024-2025
0541320S,113.6,2024-2025
0560101F,124.5,2024-2025
0570051W,75.2,2024-2025
0570108H,88.9,2024-2025
0590011S,112,2024-2025
0590110Z,116.1,2024-2025
0590212K,99.8,2024-2025
0601865B,104.2,2024-2025
0601946P,109.3,2024-2025
0620043K,80.6,2024-2025
0693045K,74.4,2024-2025
0720017C,99.9,2024-2025
0751710B,87.2,2024-2025
0753842U,156.4,2024-2025
0740046Y,115.6,2024-2025
0750688R,97.7,2024-2025
0750694X,133.4,2024-2025
0750695Y,99.2,2024-2025
0753873C,158.8,2024-2025
0754475G,103.8,2024-2025
0772120L,100.5,2024-2025
0782822U,121.1,2024-2025
0800009A,121.7,2024-2025
0810105Z,104.3,2024-2025
0840003X,112.9,2024-2025
0840940R,117.2,2024-2025
0850028U,90.6,2024-2025
0850136L,112.9,2024-2025
0860039A,87.6,2024-2025
0861223M,123.7,2024-2025
0880021V,103.6,2024-2025
0910631S,86.9,2024-2025
0910756C,86.3,2024-2025
0911346U,105.7,2024-2025
0911492C,105.4,2024-2025
0911844K,150,2024-2025
0920145H,150.6,2024-2025
0941719H,134.8,2024-2025
9741206T,91,2024-2025
9741233X,72.5,2024-2025
0332846P,137.1,2023-2024
0342090M,116.6,2023-2024
0350807M,108.4,2023-2024
0352533N,117.8,2023-2024
0420046X,105.4,2023-2024
0500002F,109.9,2023-2024
0530068L,105.9,2023-2024
0560197K,101.2,2023-2024
0590034S,100.1,2023-2024
0592611T,77.1,2023-2024
0595787V,71.5,2023-2024
0600021X,84.5,2023-2024
0601822E,83.8,2023-2024
0610721C,101.5,2023-2024
0620166U,102.6,2023-2024
0622114L,120.8,2023-2024
0631050Z,104.9,2023-2024
0631068U,123.9,2023-2024
0640053K,89.3,2023-2024
0640184C,103.8,2023-2024
0650040R,107,2023-2024
0660026V,88.5,2023-2024
0660768B,129.3,2023-2024
0670041F,118.2,2023-2024
0740037N,115.7,2023-2024
0750693W,132.7,2023-2024
0753268V,93.3,2023-2024
0760007V,85.9,2023-2024
0950812S,128.1,2023-2024
9711032V,112.2,2023-2024
9730308X,73.1,2023-2024
0040007L,92.4,2024-2025
0050039R,105,2024-2025
0060735S,114,2024-2025
0061561P,91.2,2024-2025
0080048J,77.4,2024-2025
0090018W,111.2,2024-2025
0120024L,115.1,2024-2025
0130011S,106.4,2024-2025
0130043B,75.4,2024-2025
0130048G,79.7,2024-2025
0130058T,81.3,2024-2025
0134472R,119.4,2024-2025
0160083D,104.2,2024-2025
0170058W,116.9,2024-2025
0180561M,126.8,2024-2025
0190012K,93,2024-2025
0190083M,106.4,2024-2025
0211089V,126,2024-2025
0220019B,87.5,2024-2025
0220110A,135.5,2024-2025
0240013J,110.6,2024-2025
0250011B,109.8,2024-2025
0250013D,91.7,2024-2025
0251021Z,128.6,2024-2025
0260035X,118,2024-2025
0270017X,112.4,2024-2025
0271053Y,139,2024-2025
0271431J,112.9,2024-2025
0280925D,87.4,2024-2025
0301270T,84,2024-2025
0310088C,111.1,2024-2025
0311131L,113.2,2024-2025
0311200L,115.2,2024-2025
0320023B,106.1,2024-2025
0320040V,93,2024-2025
0331503E,146.1,2024-2025
0331882S,90.4,2024-2025
0332344U,87.9,2024-2025
0332846P,137.2,2024-2025
0340040J,107.5,2024-2025
0340991T,137.4,2024-2025
0352533N,119.3,2024-2025
0370731U,140.6,2024-2025
0380032D,93.6,2024-2025
0381733C,98.3,2024-2025
0400067F,118.6,2024-2025
0040034R,113.1,2023-2024
0070031W,93.8,2023-2024
0120096P,98.5,2023-2024
0130010R,92.2,2023-2024
0133474F,107.7,2023-2024
0141866C,109.4,2023-2024
0190018S,105.3,2023-2024
0190045W,91.3,2023-2024
0211928G,132.2,2023-2024
0212023K,91,2023-2024
0220058U,103.2,2023-2024
0221589H,103.8,2023-2024
0271081D,103,2023-2024
0400883T,103.6,2023-2024
0450782F,106.5,2023-2024
0451526P,122.3,2023-2024
0470003Y,103.8,2023-2024
0470028A,108.9,2023-2024
0470065R,117.2,2023-2024
0492432C,107.6,2023-2024
0590110Z,118.1,2023-2024
0590270Y,79.5,2023-2024
0620043K,78.8,2023-2024
0631032E,111.8,2023-2024
0640028H,88,2023-2024
0690040U,86.2,2023-2024
0690651H,105.9,2023-2024
0760087G,79.2,2023-2024
0770927P,139,2023-2024
0771238C,135.3,2023-2024
0772342C,108.8,2023-2024
0783293F,141.1,2023-2024
0801336T,89.8,2023-2024
0801743K,114.5,2023-2024
0810023K,116.6,2023-2024
0810075S,121,2023-2024
0831616F,113.1,2023-2024
0841117H,111.3,2023-2024
0851643Z,108,2023-2024
0860009T,108.8,2023-2024
0870045B,114.9,2023-2024
0870864S,134.7,2023-2024
0881664F,100,2023-2024
0910620E,98.6,2023-2024
0911251R,99.9,2023-2024
0920144G,113.2,2023-2024
0920798T,137,2023-2024
0920801W,141.6,2023-2024
0922249V,118,2023-2024
0922443F,98.1,2023-2024
0922615T,126.7,2023-2024
0922867S,149.7,2023-2024
0930122C,96.5,2023-2024
0930129K,79.9,2023-2024
0931735F,77.5,2023-2024
0932116V,96.9,2023-2024
9740471U,90.3,2023-2024
0010099C,102,2024-2025
0020492Z,103.7,2024-2025
0021479X,77.1,2024-2025
0030084A,110.7,2024-2025
0050009H,94.2,2024-2025
0060031B,117.3,2024-2025
0060670W,125,2024-2025
0060774J,117.9,2024-2025
0070004S,102.8,2024-2025
0070009X,98.9,2024-2025
0130038W,123.9,2024-2025
0130146N,84.6,2024-2025
0133244F,121,2024-2025
0133288D,104.7,2024-2025
0220013V,113.2,2024-2025
0221571N,108.4,2024-2025
0250007X,115.5,2024-2025
0290010D,123.3,2024-2025
0331491S,135.8,2024-2025
0332535B,100.4,2024-2025
0333582P,122.4,2024-2025
0340075X,118.4,2024-2025
0350053T,111.9,2024-2025
0391146J,108.3,2024-2025
0440201E,120.9,2024-2025
0442309W,124.7,2024-2025
0460010L,113.4,2024-2025
0460038S,124.2,2024-2025
0560053D,90.3,2024-2025
0590101P,112,2024-2025
0590119J,128.7,2024-2025
0590189K,72.7,2024-2025
0592921E,101,2024-2025
0594532F,75.2,2024-2025
0640017W,130.6,2024-2025
0690103M,87.3,2024-2025
0692968B,84.4,2024-2025
0710080B,87.6,2024-2025
0755025E,117.4,2024-2025
0761718E,138.4,2024-2025
0781578S,116.1,2024-2025
0790038M,82.2,2024-2025
0811070Y,105.5,2024-2025
0831187P,111.1,2024-2025
0840016L,97.7,2024-2025
0840078D,125.6,2024-2025
0881623L,87.1,2024-2025
0910625K,109,2024-2025
0920143F,138,2024-2025
0920889S,155.7,2024-2025
0931813R,137.2,2024-2025
0941951K,95.2,2024-2025
0951282C,94.4,2024-2025
6200003J,90,2024-2025
9710003B,106.1,2024-2025
0011194T,115,2023-2024
0050008G,93.8,2023-2024
0060013G,95,2023-2024
0130062X,82.4,2023-2024
0210047M,103.6,2023-2024
0211033J,123.1,2023-2024
0220094H,123.7,2023-2024
0250010A,107.6,2023-2024
0250011B,111.9,2023-2024
0300058A,82.4,2023-2024
0310057U,88.7,2023-2024
0312759F,83.5,2023-2024
0313083H,128,2023-2024
0320009L,107.5,2023-2024
0333368G,136.6,2023-2024
0340028W,102.1,2023-2024
0360019A,100.7,2023-2024
0381803D,136.3,2023-2024
0421979Y,109.2,2023-2024
0440119R,114.6,2023-2024
0442095N,126.1,2023-2024
0450764L,107.5,2023-2024
0500119H,125.8,2023-2024
0510007F,95.7,2023-2024
0560198L,110.5,2023-2024
0573172N,99.9,2023-2024
0590189K,71.8,2023-2024
0590266U,82.7,2023-2024
0593117T,134.4,2023-2024
0600014P,122.3,2023-2024
0600016S,90,2023-2024
0600041U,87,2023-2024
0601826J,118.5,2023-2024
0382169B,92.7,2024-2025
0400019D,92.2,2024-2025
0400080V,101.9,2024-2025
0430098Y,105.6,2024-2025
0440310Y,86,2024-2025
0442899M,115.3,2024-2025
0500127S,109,2024-2025
0501299R,128.1,2024-2025
0541363N,104,2024-2025
0560180S,103.7,2024-2025
0580014A,102.7,2024-2025
0580031U,115.9,2024-2025
0590233H,82.8,2024-2025
0630012W,87.8,2024-2025
0640010N,126.1,2024-2025
0660809W,93.2,2024-2025
0690093B,78.5,2024-2025
0711729U,104.1,2024-2025
0731040J,129.1,2024-2025
0740027C,115.3,2024-2025
0750652B,135.2,2024-2025
0750677D,95.2,2024-2025
0753897D,154.9,2024-2025
0753947H,158.9,2024-2025
0771940R,99,2024-2025
0772188K,99.8,2024-2025
0772225A,95,2024-2025
0781951X,104.8,2024-2025
0910676R,94.6,2024-2025
0921229L,84.9,2024-2025
0930126G,88.3,2024-2025
0931738J,74.5,2024-2025
0932074Z,78.9,2024-2025
9711032V,114.4,2024-2025
9711082Z,85,2024-2025
9740471U,93.4,2024-2025
9760182U,77.6,2024-2025
9760316P,77.7,2024-2025
0890067P,119.6,2023-2024
0911343R,80.5,2023-2024
0920170K,103.1,2023-2024
0920906K,151,2023-2024
0922276Z,96.8,2023-2024
0922464D,90.1,2023-2024
0930117X,80.5,2023-2024
0941413A,93.8,2023-2024
0952173W,89.1,2023-2024
9741556Y,132.7,2023-2024
9760270P,66.4,2023-2024
0030051P,110.5,2024-2025
0030924N,79,2024-2025
0031041R,102.9,2024-2025
0040490L,115.8,2024-2025
0060075Z,116.2,2024-2025
0070029U,104.7,2024-2025
0100047X,129.4,2024-2025
0130050J,90,2024-2025
0130072H,78,2024-2025
0131341M,138.1,2024-2025
0131342N,119.3,2024-2025
0133424B,104.2,2024-2025
0140052F,106.5,2024-2025
0141157G,119.4,2024-2025
0141164P,136.8,2024-2025
0141178E,117.9,2024-2025
0160048R,87.5,2024-2025
0170031S,90.5,2024-2025
0170135E,100.5,2024-2025
0180005H,108.6,2024-2025
0180006J,118.2,2024-2025
0190038N,107.8,2024-2025
0240094X,96.4,2024-2025
0240984P,92,2024-2025
0250067M,87.2,2024-2025
0280009H,89.5,2024-2025
0280022X,86.6,2024-2025
0290007A,129.6,2024-2025
0290051Y,113.7,2024-2025
0290071V,99,2024-2025
0290200K,103.8,2024-2025
0290336H,133,2024-2025
0320737C,132.5,2024-2025
0330029C,120.8,2024-2025
0330142A,81.2,2024-2025
0331460H,86,2024-2025
0331495W,139,2024-2025
0331501C,135.2,2024-2025
0331548D,106.7,2024-2025
0331556M,127.5,2024-2025
0342225J,107,2024-2025
0350024L,134.9,2024-2025
0420985T,109.9,2024-2025
0440537V,99.8,2024-2025
0442699V,146.3,2024-2025
0541605B,77.7,2024-2025
0550025D,105.2,2024-2025
0590122M,91.5,2024-2025
0590258K,103.1,2024-2025
0595884A,75.6,2024-2025
0622106C,131.9,2024-2025
0630054S,92.3,2024-2025
0640001D,113.6,2024-2025
0640050G,86,2024-2025
0650026A,110.4,2024-2025
0671552Y,150.1,2024-2025
0720034W,83.9,2024-2025
0750785W,93.3,2024-2025
0754030Y,132.7,2024-2025
0783857U,130.9,2024-2025
0790024X,123.2,2024-2025
0791171U,118,2024-2025
0820016X,101.4,2024-2025
0870119G,91.4,2024-2025
0880030E,121.7,2024-2025
0880097C,109.7,2024-2025
0881498A,95.1,2024-2025
0911945V,100,2024-2025
0021946E,111.1,2023-2024
0050027C,96.2,2023-2024
0060011E,108.3,2023-2024
0080039Z,101.1,2023-2024
0080081V,119,2023-2024
0100003Z,98.9,2023-2024
0100063P,86.5,2023-2024
0100945Y,77.2,2023-2024
0120052S,116.6,2023-2024
0130057S,83.5,2023-2024
0130157A,84.5,2023-2024
0131456M,113.4,2023-2024
0132974M,108.6,2023-2024
0140056K,111.1,2023-2024
0141197A,89.6,2023-2024
0160004T,112.4,2023-2024
0160065J,121.7,2023-2024
0171405K,112.3,2023-2024
0171428K,109.1,2023-2024
0180024D,105.9,2023-2024
0180026F,83.8,2023-2024
0180823X,90.1,2023-2024
0220064A,98.2,2023-2024
0220097L,115.2,2023-2024
0240032E,103.8,2023-2024
0241137F,109.4,2023-2024
0260022H,115.4,2023-2024
0260064D,129.3,2023-2024
0260071L,129.2,2023-2024
0261139X,110.5,2023-2024
0271282X,111.2,2023-2024
0271606Z,95.7,2023-2024
0290013G,107.3,2023-2024
0310051M,86.1,2023-2024
0311219G,120.9,2023-2024
0311324W,83.4,2023-2024
0332550T,122.4,2023-2024
0340009A,99.9,2023-2024
0340023R,113.3,2023-2024
0340061G,89.6,2023-2024
0340078A,88.6,2023-2024
0342266D,117.7,2023-2024
0350102W,90.1,2023-2024
0370040T,95.1,2023-2024
0370771M,92.4,2023-2024
0371417P,114.3,2023-2024
0382203N,116,2023-2024
0410031L,93.2,2023-2024
0420027B,108.8,2023-2024
0420991Z,110.1,2023-2024
0421691K,89.8,2023-2024
0430103D,98.9,2023-2024
0440035Z,84.9,2023-2024
0440274J,131.4,2023-2024
0441550W,91.6,2023-2024
0441982R,135.3,2023-2024
0442834S,133.5,2023-2024
0492061Z,121.3,2023-2024
0492123S,105.9,2023-2024
0500112A,108.4,2023-2024
0510068X,100.7,2023-2024
0511146U,117.7,2023-2024
0511149X,102.3,2023-2024
0530049R,119.9,2023-2024
0560026Z,110,2023-2024
0560117Y,128.3,2023-2024
0560119A,120.3,2023-2024
0570057C,91.5,2023-2024
0570124A,76.6,2023-2024
0572340J,105.2,2023-2024
0592966D,99.3,2023-2024
0592967E,105.2,2023-2024
0594302F,72.1,2023-2024
0594375K,79.7,2023-2024
0596854E,78.2,2023-2024
0600020W,103,2023-2024
0600040T,100.4,2023-2024
0600062S,86.1,2023-2024
0601703A,132.2,2023-2024
0620030W,81.1,2023-2024
0620109G,85.3,2023-2024
0620257T,84.1,2023-2024
0631070W,119.6,2023-2024
0631408N,104.1,2023-2024
0670129B,78.2,2023-2024
0680008P,103.6,2023-2024
0680034T,98.9,2023-2024
0690042W,94.2,2023-2024
0690046A,84.2,2023-2024
0690125L,84.5,2023-2024
0690281F,83,2023-2024
0693267B,121.4,2023-2024
0693587Z,125.8,2023-2024
0694543N,115.8,2023-2024
0710011B,127.4,2023-2024
0710071S,118.4,2023-2024
0711755X,100.5,2023-2024
0730005J,109.4,2023-2024
0740054G,90.4,2023-2024
0741443S,136.5,2023-2024
0750436S,85.6,2023-2024
0750670W,133.4,2023-2024
0750690T,107.7,2023-2024
0750691U,106.8,2023-2024
0750788Z,84.7,2023-2024
0753825A,131,2023-2024
0753933T,158.4,2023-2024
0754924V,127.2,2023-2024
0755537L,127.1,2023-2024
0770945J,92.8,2023-2024
0772127U,114.7,2023-2024
0772276F,101.2,2023-2024
0781297L,87.2,2023-2024
0781983G,92.2,2023-2024
0782565P,124.4,2023-2024
0790928E,85.7,2023-2024
0801194N,80.7,2023-2024
0801226Y,113.7,2023-2024
0811070Y,105.3,2023-2024
0820044C,128,2023-2024
0830050D,107.4,2023-2024
0830128N,95,2023-2024
0831187P,108.3,2023-2024
0851344Z,110.3,2023-2024
0851705S,107.3,2023-2024
0860029P,87.7,2023-2024
0880001Y,90.5,2023-2024
0880120C,106,2023-2024
0881140L,84.9,2023-2024
0910824B,144.7,2023-2024
0912117G,135.1,2023-2024
0920919Z,156.2,2023-2024
0921555R,134.4,2023-2024
0930960N,114.6,2023-2024
0932120Z,89.8,2023-2024
0940129E,86.9,2023-2024
0940138P,81.2,2023-2024
0941298A,87.6,2023-2024
0950667J,83.9,2023-2024
0951048Y,120,2023-2024
0951147F,128.5,2023-2024
7200123W,98.3,2023-2024
9711066G,93.6,2023-2024
9720004X,94.5,2023-2024
9720074Y,120.2,2023-2024
9720501M,86.3,2023-2024
9720615L,111.8,2023-2024
9740472V,69.3,2023-2024
0010075B,137.5,2024-2025
0021871Y,112.2,2024-2025
0060002V,94.6,2024-2025
0071126L,116.4,2024-2025
0071397F,108.1,2024-2025
0120031U,109,2024-2025
0130053M,105.9,2024-2025
0131862D,144.9,2024-2025
0140013N,129.8,2024-2025
0150008C,93.3,2024-2025
0171455P,109.4,2024-2025
0180008L,104.1,2024-2025
0180009M,86,2024-2025
0210013A,98.1,2024-2025
0220056S,115,2024-2025
0220106W,114,2024-2025
0240026Y,109.3,2024-2025
0250030X,105.3,2024-2025
0260064D,128.1,2024-2025
0271049U,121.2,2024-2025
0271074W,96,2024-2025
0271097W,88.1,2024-2025
0271580W,106,2024-2025
0280007F,127.6,2024-2025
0280015P,106.8,2024-2025
0280036M,104.9,2024-2025
0280044W,105.6,2024-2025
0290008B,125.3,2024-2025
0300077W,119.8,2024-2025
0310039Z,116.9,2024-2025
0311126F,152.5,2024-2025
0311970Y,113,2024-2025
0312063Z,107.4,2024-2025
0340012D,79.2,2024-2025
0340069R,91.7,2024-2025
0340923U,103.5,2024-2025
0342436N,116.1,2024-2025
0350031U,95.9,2024-2025
0351930H,117.4,2024-2025
0360009P,105.2,2024-2025
0370035M,138.1,2024-2025
0371328T,110.5,2024-2025
0380014J,102.9,2024-2025
0380018N,106.6,2024-2025
0380092U,125.1,2024-2025
0383550C,122.6,2024-2025
0390786T,91.4,2024-2025
0401016M,126.1,2024-2025
0422318S,117.9,2024-2025
0442095N,127.5,2024-2025
0450049J,122.7,2024-2025
0460028F,105.6,2024-2025
0490828J,119.7,2024-2025
0530046M,116.9,2024-2025
0530048P,129.4,2024-2025
0560025Y,120.9,2024-2025
0561507J,95.9,2024-2025
0570107G,112,2024-2025
0570283Y,117.2,2024-2025
0590018Z,95.5,2024-2025
0590065A,81.6,2024-2025
0590184E,102.1,2024-2025
0590186G,69,2024-2025
0590255G,84,2024-2025
0590282L,88.8,2024-2025
0592926K,132.7,2024-2025
0592963A,92.4,2024-2025
0593040J,123.6,2024-2025
0593225K,152.6,2024-2025
0595918M,103,2024-2025
0596957S,76.2,2024-2025
0620187S,79.5,2024-2025
0620192X,71.7,2024-2025
0631074A,134.7,2024-2025
0650065T,113.9,2024-2025
0660021P,102.9,2024-2025
0671618V,130.3,2024-2025
0672299K,111.5,2024-2025
0672602P,106.3,2024-2025
0673109R,98.5,2024-2025
0680068E,90.4,2024-2025
0680159D,92.7,2024-2025
0690026D,135.6,2024-2025
0690038S,98.5,2024-2025
0690092A,94.3,2024-2025
0690529A,130.4,2024-2025
0690538K,142.2,2024-2025
0691659D,123,2024-2025
0693504J,109.9,2024-2025
0693769X,115.1,2024-2025
0710054Y,104.5,2024-2025
0720825F,101,2024-2025
0730012S,101.9,2024-2025
0740003B,135.8,2024-2025
0740062R,89,2024-2025
0750776L,91.6,2024-2025
0753824Z,161.7,2024-2025
0761721H,132.1,2024-2025
0770934X,89,2024-2025
0772737G,100.7,2024-2025
0781839A,132.1,2024-2025
0781899R,153.8,2024-2025
0782603F,94.1,2024-2025
0783344L,151.8,2024-2025
0801874C,129.2,2024-2025
0830032J,107,2024-2025
0830960T,87.2,2024-2025
0840113S,81.3,2024-2025
0851390Z,119.2,2024-2025
0880004B,105.6,2024-2025
0880020U,114.6,2024-2025
0880023X,77.2,2024-2025
0890070T,116.9,2024-2025
0910815S,132.7,2024-2025
0920917X,157.5,2024-2025
0920928J,157.5,2024-2025
0930133P,81.5,2024-2025
0930929E,114.3,2024-2025
0932048W,83.2,2024-2025
0932073Y,102.5,2024-2025
0932618R,110.8,2024-2025
0940119U,119.7,2024-2025
0940880W,154,2024-2025
0941301D,109.7,2024-2025
0951723G,122.1,2024-2025
0951753P,110.5,2024-2025
1300023U,115.8,2024-2025
9710062R,114.3,2024-2025
9710884J,98.9,2024-2025
9710921Z,89.1,2024-2025
9710923B,116.8,2024-2025
9710940V,103.5,2024-2025
9711252J,97.3,2024-2025
9730511T,137.5,2024-2025
9741186W,86.8,2024-2025
0370749N,120.6,2023-2024
0380008C,112.7,2023-2024
0660907C,102.9,2023-2024
0681885E,115.6,2023-2024
0690641X,117.5,2023-2024
0910687C,117.3,2023-2024
0910975R,103.6,2023-2024
0920145H,151.2,2023-2024
0930831Y,80.7,2023-2024
0951090U,78.7,2023-2024
0951756T,110.5,2023-2024
9710981P,76.2,2023-2024
9730108E,89.3,2023-2024
9730235T,73,2023-2024
0341765J,119.2,2023-2024
0350031U,96,2023-2024
0382854W,130.1,2023-2024
0440261V,107.8,2023-2024
0441552Y,113.2,2023-2024
0441653H,125.1,2023-2024
0441656L,86.4,2023-2024
0442774B,131.7,2023-2024
0450050K,107.9,2023-2024
0470641S,81.8,2023-2024
0500049G,100.3,2023-2024
0520019N,96.1,2023-2024
0520685M,111.5,2023-2024
0530079Y,88.7,2023-2024
0542161F,103.1,2023-2024
0550008K,95.8,2023-2024
0560016N,101.8,2023-2024
0560025Y,121.2,2023-2024
0560038M,105.4,2023-2024
0570106F,118.2,2023-2024
0570216A,132.4,2023-2024
0572027U,91.8,2023-2024
0590063Y,121.4,2023-2024
0590065A,81.6,2023-2024
0590122M,85.9,2023-2024
0590233H,82,2023-2024
0590263R,79.2,2023-2024
0593006X,118.6,2023-2024
0597115N,146.9,2023-2024
0622150A,85.2,2023-2024
0622275L,71.3,2023-2024
0630078T,80.1,2023-2024
0640044A,110.5,2023-2024
0650058K,107,2023-2024
0670089H,81,2023-2024
0671610L,136.1,2023-2024
0680159D,92.5,2023-2024
0690018V,78.5,2023-2024
0690653K,111.6,2023-2024
0693619J,84.1,2023-2024
0693786R,124.5,2023-2024
0694086S,107.9,2023-2024
0720012X,105.9,2023-2024
0721684P,116.5,2023-2024
0750656F,145,2023-2024
0750705J,122.7,2023-2024
0770944H,88,2023-2024
0771940R,99,2023-2024
0772751X,109.7,2023-2024
0801950K,95.1,2023-2024
0840059H,130.1,2023-2024
0850025R,107.8,2023-2024
0910727W,111.6,2023-2024
0912433A,143.4,2023-2024
0920137Z,96.7,2023-2024
0932046U,93.4,2023-2024
0932123C,79.1,2023-2024
9760316P,80,2023-2024
0020052W,79.5,2024-2025
0050035L,121.5,2024-2025
0060668U,143.6,2024-2025
0061394H,108.6,2024-2025
0070002P,80.4,2024-2025
0130065A,72.6,2024-2025
0131402D,112.7,2024-2025
0132410Z,99.1,2024-2025
0133286B,79.1,2024-2025
0133395V,121.4,2024-2025
0142120D,100.8,2024-2025
0160020K,107.3,2024-2025
0171405K,113.3,2024-2025
0180007K,108.7,2024-2025
0210015C,131.9,2024-2025
0240024W,116.1,2024-2025
0240025X,107.2,2024-2025
0250014E,88,2024-2025
0250058C,98.9,2024-2025
0260008T,126.3,2024-2025
0261397C,97.2,2024-2025
0270051J,93,2024-2025
0300047N,114.5,2024-2025
0300058A,83.6,2024-2025
0300106C,96.3,2024-2025
0312267W,116.7,2024-2025
0312754A,130.8,2024-2025
0312759F,85.3,2024-2025
0312938A,137.2,2024-2025
0320067Z,112.9,2024-2025
0331499A,136.1,2024-2025
0332745E,122.4,2024-2025
0340061G,91.2,2024-2025
0342266D,121.7,2024-2025
0350042F,105.2,2024-2025
0360005K,96.7,2024-2025
0370727P,129.9,2024-2025
0382170C,105,2024-2025
0383069E,113.1,2024-2025
0400004M,97,2024-2025
0400017B,112.1,2024-2025
0420979L,110.5,2024-2025
0440012Z,130,2024-2025
0440288Z,100,2024-2025
0442834S,134.3,2024-2025
0451483T,109.7,2024-2025
0500082T,110.3,2024-2025
0511146U,120.1,2024-2025
0570098X,107.8,2024-2025
0570241C,96,2024-2025
0580020G,91.8,2024-2025
0590182C,88,2024-2025
0590217R,77.8,2024-2025
0620070P,99,2024-2025
0630020E,102.3,2024-2025
0640098J,100,2024-2025
0650028C,89.5,2024-2025
0650886K,107.5,2024-2025
0690542P,124.8,2024-2025
0690553B,124.2,2024-2025
0693373S,121.7,2024-2025
0693619J,83.4,2024-2025
0701078S,94.4,2024-2025
0740013M,103.3,2024-2025
0750685M,114.8,2024-2025
0750693W,132.6,2024-2025
0750793E,87.5,2024-2025
0752937K,152.9,2024-2025
0753217P,123.3,2024-2025
0772153X,115.9,2024-2025
0772229E,105.1,2024-2025
0781952Y,129.9,2024-2025
0783431F,89.4,2024-2025
0800007Y,97.1,2024-2025
0800013E,83.7,2024-2025
0830116A,109.8,2024-2025
0840935K,90.4,2024-2025
0940140S,89.2,2024-2025
0941413A,97.9,2024-2025
0951994B,118.1,2024-2025
7200123W,99.2,2024-2025
0593040J,122.5,2023-2024
0593102B,126.6,2023-2024
0623864N,79.3,2023-2024
0623915U,106.5,2023-2024
0670006T,79.9,2023-2024
0670020H,111.8,2023-2024
0670085D,97.6,2023-2024
0671636P,127.5,2023-2024
0672050P,104.7,2023-2024
0681793E,100.1,2023-2024
0690104N,85.3,2023-2024
0691644M,118.6,2023-2024
0693094N,85.2,2023-2024
0693734J,107.4,2023-2024
0694197M,120.1,2023-2024
0700076C,87.7,2023-2024
0710054Y,102.4,2023-2024
0711384U,84.9,2023-2024
0720822C,106.4,2023-2024
0740047Z,116.6,2023-2024
0740152N,103.9,2023-2024
0750663N,139.2,2023-2024
0750677D,95.1,2023-2024
0750692V,95.3,2023-2024
0751883P,109.3,2023-2024
0753350J,81,2023-2024
0753838P,149.7,2023-2024
0753873C,157.9,2023-2024
0753897D,144.8,2023-2024
0755352K,123.4,2023-2024
0761710W,133.4,2023-2024
0763409T,142.2,2023-2024
0770920G,103.1,2023-2024
0772688D,120.9,2023-2024
0782562L,151.5,2023-2024
0782924E,118.4,2023-2024
0790023W,122,2023-2024
0801700N,90,2023-2024
0801739F,83.9,2023-2024
0801853E,89.6,2023-2024
0811324Z,88.4,2023-2024
0840918S,118,2023-2024
0881530K,97.9,2023-2024
0910819W,150.3,2023-2024
0920149M,139.4,2023-2024
0931584S,89.4,2023-2024
0932861E,147.7,2023-2024
0940123Y,98,2023-2024
0940124Z,137.6,2023-2024
0030073N,104.7,2024-2025
0090036R,123.7,2024-2025
0100945Y,78.6,2024-2025
0131445A,88.5,2024-2025
0134003F,99.3,2024-2025
0170100S,128.3,2024-2025
0240012H,97.8,2024-2025
0251112Y,99,2024-2025
0270018Y,85.2,2024-2025
0290105G,98,2024-2025
0340920R,114.6,2024-2025
0350028R,113.3,2024-2025
0381660Y,124,2024-2025
0442924P,124.9,2024-2025
0450106W,113.6,2024-2025
0451462V,117.4,2024-2025
0490005P,81.9,2024-2025
0501825M,108.3,2024-2025
0530004S,113.1,2024-2025
0540082W,85.7,2024-2025
0560001X,108.8,2024-2025
0573211F,84.4,2024-2025
0590117G,117,2024-2025
0620188T,74.4,2024-2025
0640057P,119,2024-2025
0641441U,115.5,2024-2025
0670081Z,130.2,2024-2025
0672534R,118.7,2024-2025
0680051L,117.3,2024-2025
0690539L,134,2024-2025
0754476H,111.3,2024-2025
0761343X,118,2024-2025
0763237F,99.9,2024-2025
0770920G,103.9,2024-2025
0771763Y,108.2,2024-2025
0772290W,128.3,2024-2025
0781949V,117.6,2024-2025
0782540M,90.2,2024-2025
0783283V,157.6,2024-2025
0810113H,105,2024-2025
0870058R,80.2,2024-2025
0910819W,148.6,2024-2025
0911037H,87,2024-2025
0911251R,101.2,2024-2025
0940118T,104.4,2024-2025
0940134K,84.3,2024-2025
9710055H,109.7,2024-2025
9710090W,81.7,2024-2025
9710981P,77.8,2024-2025
9720091S,82.6,2024-2025
9730308X,73.1,2024-2025
9740002J,93.6,2024-2025
9740679V,87.6,2024-2025
9760229V,83.1,2024-2025
0421788R,112.1,2023-2024
0430053Z,106.6,2023-2024
0441823T,93.5,2023-2024
0450786K,85.4,2023-2024
0470004Z,88.4,2023-2024
0490055U,93.1,2023-2024
0490824E,139.8,2023-2024
0540040A,111.5,2023-2024
0560096A,97.3,2023-2024
0911264E,121.4,2023-2024
0931430Z,80.8,2023-2024
0932030B,77.6,2023-2024
0940126B,91.9,2023-2024
0940878U,133.4,2023-2024
9710055H,110.6,2023-2024
9710722H,80.3,2023-2024
9741087N,78.2,2023-2024
0060043P,82.4,2024-2025
0131333D,143,2024-2025
0132472S,122,2024-2025
0160792Z,92.7,2024-2025
0161133V,110.5,2024-2025
0170052P,93.9,2024-2025
0220057T,117,2024-2025
0220117H,115.6,2024-2025
0251035P,100.9,2024-2025
0260071L,130.3,2024-2025
0271268G,85.8,2024-2025
0280687V,91.5,2024-2025
0291808H,105.8,2024-2025
0312289V,134.4,2024-2025
0331569B,98,2024-2025
0332445D,96,2024-2025
0332497K,117,2024-2025
0440246D,100.1,2024-2025
0450062Y,101.9,2024-2025
0470029B,85.4,2024-2025
0490055U,93.2,2024-2025
0500087Y,98.8,2024-2025
0511147V,117.3,2024-2025
0511951U,92.8,2024-2025
0530049R,122.3,2024-2025
0551032Y,101.6,2024-2025
0570058D,120.7,2024-2025
0573770N,120.1,2024-2025
0590024F,109.6,2024-2025
0590249A,78.6,2024-2025
0593078A,98.6,2024-2025
0595616J,92.4,2024-2025
0601822E,84.9,2024-2025
0601870G,81.1,2024-2025
0620062F,105.3,2024-2025
0620167V,76.3,2024-2025
0630069H,113.3,2024-2025
0670057Y,111.3,2024-2025
0680015X,112.9,2024-2025
0690035N,94.1,2024-2025
0693406C,119.6,2024-2025
0741669M,124,2024-2025
0750715V,121.4,2024-2025
0753809H,159,2024-2025
0801231D,101.7,2024-2025
0820020B,118.6,2024-2025
0851643Z,109.2,2024-2025
0880019T,105.3,2024-2025
0880153N,108.8,2024-2025
0920142E,150.3,2024-2025
0920907L,153.5,2024-2025
0921626T,88.6,2024-2025
0932034F,83.9,2024-2025
0940878U,136.3,2024-2025
0940881X,155.6,2024-2025
0951147F,127.9,2024-2025
0951766D,79.8,2024-2025
6200043C,104.5,2024-2025
9720823M,93.4,2024-2025
9740738J,82.7,2024-2025
9741087N,78.7,2024-2025
9741256X,132.7,2024-2025
9760363R,70.5,2024-2025
0332346W,92.2,2023-2024
0350005R,115.3,2023-2024
0350761M,88.7,2023-2024
0350791V,109.5,2023-2024
0670087F,108,2023-2024
0672198A,102.6,2023-2024
0690646C,117.1,2023-2024
0720833P,119.4,2023-2024
0741532N,115.5,2023-2024
0750785W,92.2,2023-2024
0100004A,92.3,2024-2025
0110027V,85.1,2024-2025
0110670U,116.4,2024-2025
0420046X,106.6,2024-2025
0440033X,101.3,2024-2025
0442765S,112.9,2024-2025
0470018P,104.1,2024-2025
0470730N,91.5,2024-2025
0490003M,107.3,2024-2025
0500112A,110.4,2024-2025
0520027X,83.6,2024-2025
0540030P,95.3,2024-2025
0541357G,94.3,2024-2025
0560117Y,130.5,2024-2025
0570100Z,85.2,2024-2025
0580008U,105.3,2024-2025
0580032V,105.7,2024-2025
0580050P,88.3,2024-2025
0590063Y,122,2024-2025
0590086Y,126.5,2024-2025
0590102R,83,2024-2025
0592833J,85.3,2024-2025
0592965C,102.2,2024-2025
0595657D,116.3,2024-2025
0595856V,83.8,2024-2025
0600009J,123.3,2024-2025
0600015R,101.1,2024-2025
0601162M,98.3,2024-2025
0620027T,82.9,2024-2025
0620042J,99.4,2024-2025
0622276M,100,2024-2025
0624440P,91.5,2024-2025
0630024J,83.3,2024-2025
0631861F,122.6,2024-2025
0640046C,122.4,2024-2025
0640126P,112.8,2024-2025
0660010C,110.7,2024-2025
0660014G,96.7,2024-2025
0670089H,80.4,2024-2025
0690554C,132.4,2024-2025
0690653K,112.1,2024-2025
0693587Z,123.1,2024-2025
0720021G,102.9,2024-2025
0750330B,132.2,2024-2025
0750702F,140.6,2024-2025
0753825A,133.7,2024-2025
0753838P,152.7,2024-2025
0760146W,83.1,2024-2025
0761735Y,103,2024-2025
0772275E,137.9,2024-2025
0780422K,102.1,2024-2025
0781664K,146.1,2024-2025
0022008X,80,2023-2024
0131747D,117.9,2023-2024
0141555P,107.8,2023-2024
0150051Z,104,2023-2024
0240050Z,85.3,2023-2024
0260063C,136.6,2023-2024
0261100E,91.2,2023-2024
0271268G,86.7,2023-2024
0271634E,89.1,2023-2024
0290070U,91.2,2023-2024
0290335G,116.4,2023-2024
0291633T,92.8,2023-2024
0300026R,100.5,2023-2024
0300057Z,75.8,2023-2024
0310088C,108.5,2023-2024
0311092U,93.4,2023-2024
0330023W,134.7,2023-2024
0352446U,109,2023-2024
0352867B,127.2,2023-2024
0370737A,148,2023-2024
0381666E,141.5,2023-2024
0383263R,136.8,2023-2024
0420984S,99.9,2023-2024
0421002L,102.6,2023-2024
0440279P,120.9,2023-2024
0440537V,95.8,2023-2024
0442699V,146.1,2023-2024
0490782J,100.6,2023-2024
0491966W,124.9,2023-2024
0570100Z,85.9,2023-2024
0371417P,115.6,2024-2025
0390070P,117.4,2024-2025
0421976V,120.8,2024-2025
0430020N,107.8,2024-2025
0440149Y,124.4,2024-2025
0520685M,111,2024-2025
0561607T,115.6,2024-2025
0570294K,91.4,2024-2025
0590112B,102.4,2024-2025
0601845E,86.8,2024-2025
0622195Z,97.8,2024-2025
0680032R,100.6,2024-2025
0691680B,111.2,2024-2025
0730013T,131.2,2024-2025
0750682J,130.8,2024-2025
0760091L,123.4,2024-2025
0763112V,122.8,2024-2025
0932046U,94.1,2024-2025
0940580V,109.2,2024-2025
0940822H,136.3,2024-2025
0941232D,80.9,2024-2025
0941918Z,118.8,2024-2025
0010016M,106,2023-2024
0010099C,102.4,2023-2024
0020049T,101.4,2023-2024
0020078Z,76.5,2023-2024
0040010P,112.7,2023-2024
0040490L,114.6,2023-2024
0060002V,92.8,2023-2024
0070069M,106.3,2023-2024
0121438Y,124.5,2023-2024
0130040Y,130.2,2023-2024
0130063Y,85,2023-2024
0130164H,97.4,2023-2024
0131344R,135.4,2023-2024
0131403E,101.6,2023-2024
0131484T,101,2023-2024
0134003F,100,2023-2024
0140013N,129.1,2023-2024
0142120D,100,2023-2024
0161003D,84.2,2023-2024
0171238D,95.8,2023-2024
0210003P,102.1,2023-2024
0210017E,113,2023-2024
0211090W,117.1,2023-2024
0212045J,107.2,2023-2024
0240006B,87.2,2023-2024
0240089S,108.3,2023-2024
0250058C,98.4,2023-2024
0260017C,111.1,2023-2024
0260034W,116.3,2023-2024
0290034E,119.1,2023-2024
0290051Y,112.5,2023-2024
0290071V,100.3,2023-2024
0290072W,95.2,2023-2024
0292157M,86.2,2023-2024
0310047H,126.4,2023-2024
0312191N,115.4,2023-2024
0312995M,115.7,2023-2024
0320040V,92.4,2023-2024
0330010G,107.6,2023-2024
0330021U,138.1,2023-2024
0330109P,108.7,2023-2024
0332344U,87.7,2023-2024
0340871M,133.1,2023-2024
0341523W,126.3,2023-2024
0341736C,102.5,2023-2024
0350011X,107.2,2023-2024
0350778F,139.3,2023-2024
0380097Z,138.2,2023-2024
0381630R,130.6,2023-2024
0382169B,82.6,2023-2024
0382170C,120.5,2023-2024
0390029V,106.6,2023-2024
0410001D,103,2023-2024
0440315D,91.1,2023-2024
0010010F,103.8,2023-2024
0010020S,98.2,2023-2024
0020050U,93.7,2023-2024
0030044G,103.8,2023-2024
0031082K,94.7,2023-2024
0040533H,112.4,2023-2024
0050006E,115.4,2023-2024
0060026W,98.3,2023-2024
0080006N,112.7,2023-2024
0080027L,87.4,2023-2024
0110004V,108.7,2023-2024
0111048E,100.2,2023-2024
0130002G,127.9,2023-2024
0130055P,66.9,2023-2024
0130056R,73.2,2023-2024
0131347U,127.7,2023-2024
0131549N,116.2,2023-2024
0133424B,99.3,2023-2024
0133931C,105.8,2023-2024
0140017T,103.2,2023-2024
0150030B,107.3,2023-2024
0170103V,119.3,2023-2024
0190038N,108.1,2023-2024
0220059V,84.6,2023-2024
0250013D,92.3,2023-2024
0250030X,103.1,2023-2024
0280015P,106.3,2023-2024
0290007A,127.4,2023-2024
0290062K,116,2023-2024
0290078C,92.5,2023-2024
0290194D,112.2,2023-2024
0300027S,103.1,2023-2024
0301499S,109.9,2023-2024
0320036R,128.2,2023-2024
0330033G,82.6,2023-2024
0331556M,125.2,2023-2024
0350024L,136.1,2023-2024
0350776D,143.1,2023-2024
0371100V,88.2,2023-2024
0442207K,117.6,2023-2024
0442725Y,120,2023-2024
0460039T,111.1,2023-2024
0480025S,113.8,2023-2024
0511145T,107.5,2023-2024
0511153B,104.2,2023-2024
0541270M,98,2023-2024
0560053D,88.3,2023-2024
0561507J,95.2,2023-2024
0561627P,118.1,2023-2024
0570077Z,79.3,2023-2024
0590215N,86.1,2023-2024
0592832H,82.8,2023-2024
0620161N,103.6,2023-2024
0622195Z,95.9,2023-2024
0631861F,121.1,2023-2024
0640055M,124.2,2023-2024
0640065Y,112.5,2023-2024
0670058Z,84.5,2023-2024
0690026D,139.8,2023-2024
0690539L,132.5,2023-2024
0750698B,120.6,2023-2024
0750707L,102.6,2023-2024
0753834K,137.4,2023-2024
0760024N,85.5,2023-2024
0762920L,93.4,2023-2024
0772151V,102.7,2023-2024
0782546U,117.9,2023-2024
0782568T,144.8,2023-2024
0840003X,110.8,2023-2024
0840072X,120.8,2023-2024
0850086G,124.9,2023-2024
0880064S,83.1,2023-2024
0880101G,126.6,2023-2024
0911578W,88.2,2023-2024
0912321D,138.9,2023-2024
0930118Y,85.9,2023-2024
0950645K,112.1,2023-2024
0950658Z,87,2023-2024
0951728M,98,2023-2024
9741206T,88.7,2023-2024
0390012B,117.3,2024-2025
0400002K,103.7,2024-2025
0400049L,96.3,2024-2025
0420034J,113,2024-2025
0420043U,104.4,2024-2025
0420044V,109.5,2024-2025
0420991Z,110.6,2024-2025
0422160V,113.5,2024-2025
0440352U,87,2024-2025
0450757D,129.2,2024-2025
0511142P,138.4,2024-2025
0540015Y,84.4,2024-2025
0540086A,89.6,2024-2025
0541319R,132.9,2024-2025
0550049E,112.9,2024-2025
0570214Y,126.4,2024-2025
0580552K,96,2024-2025
0590215N,87.6,2024-2025
0590223X,95.2,2024-2025
0593027V,119.1,2024-2025
0596335R,132.3,2024-2025
0597115N,146,2024-2025
0600002B,103.3,2024-2025
0600013N,110.6,2024-2025
0601863Z,107.4,2024-2025
0610001V,119.2,2024-2025
0622107D,133.4,2024-2025
0623463C,76,2024-2025
0630068G,106.6,2024-2025
0630078T,79.2,2024-2025
0631048X,91.5,2024-2025
0640040W,95.9,2024-2025
0640066Z,93.5,2024-2025
0640122K,111.5,2024-2025
0640130U,136.1,2024-2025
0641664L,106.9,2024-2025
0670058Z,85,2024-2025
0670083B,106.5,2024-2025
0681888H,91.4,2024-2025
0682079R,113.6,2024-2025
0690028F,133.2,2024-2025
0690125L,85.6,2024-2025
0690651H,106.1,2024-2025
0691654Y,126.9,2024-2025
0692800U,102.1,2024-2025
0692866R,115,2024-2025
0693375U,113.6,2024-2025
0693786R,126.1,2024-2025
0730029K,111.6,2024-2025
0750775K,88.5,2024-2025
0750800M,87.6,2024-2025
0762976X,84.3,2024-2025
0781856U,131.7,2024-2025
0790015M,85,2024-2025
0801700N,91.2,2024-2025
0830007G,103.5,2024-2025
0830114Y,112.1,2024-2025
0830661T,80.5,2024-2025
0871030X,102,2024-2025
0880001Y,89.6,2024-2025
0921230M,115.5,2024-2025
0930120A,85.3,2024-2025
0930123D,91.8,2024-2025
0930833A,94.8,2024-2025
0931198X,82.2,2024-2025
0940117S,134.2,2024-2025
0942130E,94.1,2024-2025
0951940T,124.4,2024-2025
7200009X,116.4,2024-2025
0030036Y,113.9,2023-2024
0050004C,113.2,2023-2024
0070066J,120.4,2023-2024
0280925D,85.7,2023-2024
0290200K,106.7,2023-2024
0300011Z,82,2023-2024
0300041G,93.5,2023-2024
0300052U,103.8,2023-2024
0332468D,107.8,2023-2024
0342225J,104.2,2023-2024
0360043B,91.8,2023-2024
0370001A,117.5,2023-2024
0370727P,131,2023-2024
0380034F,87.2,2023-2024
0381678T,122.5,2023-2024
0381805F,114.9,2023-2024
0382031B,85.5,2023-2024
0382440W,108.4,2023-2024
0400017B,108.1,2023-2024
0400049L,95.5,2023-2024
0420078G,82.6,2023-2024
0420958N,87,2023-2024
0420982P,89.8,2023-2024
0440307V,104.7,2023-2024
0442993P,103.9,2023-2024
0451483T,109.4,2023-2024
0590073J,110.6,2023-2024
0590133Z,79.7,2023-2024
0593071T,94.7,2023-2024
0601787S,90.9,2023-2024
0620052V,99,2023-2024
0620093P,95.9,2023-2024
0731248K,111.1,2023-2024
0750770E,90.1,2023-2024
0752388N,84.8,2023-2024
0754325U,126.7,2023-2024
0160010Z,110.4,2024-2025
0170060Y,114.8,2024-2025
0170078T,97.8,2024-2025
0180035R,96.2,2024-2025
0190032G,114.4,2024-2025
0210018F,102.3,2024-2025
0220123P,103.2,2024-2025
0290174G,125.4,2024-2025
0290335G,116,2024-2025
0310036W,141.6,2024-2025
0310051M,90,2024-2025
0311138U,129.7,2024-2025
0311213A,108,2024-2025
0311971Z,123.2,2024-2025
0312061X,114.5,2024-2025
0330082K,96.4,2024-2025
0332192D,111.3,2024-2025
0340006X,94.5,2024-2025
0350783L,128.4,2024-2025
0350787R,134.6,2024-2025
0370001A,118.2,2024-2025
0370032J,92.3,2024-2025
0370748M,121,2024-2025
0380089R,116.6,2024-2025
0381603L,107.2,2024-2025
0381630R,124.2,2024-2025
0381805F,113.8,2024-2025
0390914G,95.2,2024-2025
0421788R,112.7,2024-2025
0430103D,97.4,2024-2025
0440176C,134.4,2024-2025
0440267B,107.2,2024-2025
0441993C,102.9,2024-2025
0442083A,129.2,2024-2025
0450040Z,101.2,2024-2025
0450110A,144.3,2024-2025
0450750W,86.3,2024-2025
0450782F,106.2,2024-2025
0451526P,123.7,2024-2025
0470782V,88.7,2024-2025
0480019K,92.4,2024-2025
0490054T,109.5,2024-2025
0490840X,106,2024-2025
0492061Z,120.4,2024-2025
0492407A,134.2,2024-2025
0492432C,108.7,2024-2025
0510036M,85.5,2024-2025
0511140M,141.8,2024-2025
0542408Z,116.8,2024-2025
0570021N,101.1,2024-2025
0595678B,76,2024-2025
0640131V,126.6,2024-2025
0660520G,84.4,2024-2025
0672806L,94.1,2024-2025
0693374T,124.1,2024-2025
0710112L,122.8,2024-2025
0753915Y,154.6,2024-2025
0760054W,90,2024-2025
0770927P,139.8,2024-2025
0770944H,89.4,2024-2025
0772954T,136.9,2024-2025
0781974X,146.8,2024-2025
0783293F,145,2024-2025
0790031E,110.1,2024-2025
0800011C,92.5,2024-2025
0810030T,127,2024-2025
0810033W,102.1,2024-2025
0870748R,90.4,2024-2025
0891223W,108.9,2024-2025
0911946W,97.1,2024-2025
0922867S,146.5,2024-2025
0940742W,102.8,2024-2025
0951824S,100.7,2024-2025
9720424D,86.9,2024-2025
9740019C,94.7,2024-2025
0383069E,113,2023-2024
0421025L,108.9,2023-2024
0441992B,118,2023-2024
0442752C,118.2,2023-2024
0450106W,113.2,2023-2024
0501825M,108.1,2023-2024
0530046M,118.4,2023-2024
0540030P,95.4,2023-2024
0540081V,86.4,2023-2024
0540086A,86.6,2023-2024
0541313J,144.2,2023-2024
0542408Z,113.4,2023-2024
0560105K,113.4,2023-2024
0560199M,108.5,2023-2024
0570030Y,71.8,2023-2024
0570099Y,92.7,2023-2024
0570214Y,122.9,2023-2024
0570268G,94.6,2023-2024
0572101Z,99,2023-2024
0590035T,108.4,2023-2024
0590072H,92.8,2023-2024
0590217R,76.5,2023-2024
0593034C,96.9,2023-2024
0593104D,85,2023-2024
0600049C,89.4,2023-2024
0601863Z,106.8,2023-2024
0601870G,79.8,2023-2024
0610002W,97.4,2023-2024
0623377J,75.4,2023-2024
0624531N,126.2,2023-2024
0630052P,119.7,2023-2024
0640057P,116.9,2023-2024
0640080P,91.7,2023-2024
0641732K,110.8,2023-2024
0672299K,105.3,2023-2024
0681768C,86.7,2023-2024
0690129R,81.8,2023-2024
0690574Z,140,2023-2024
0690634P,132.5,2023-2024
0692418D,73.2,2023-2024
0720027N,91.4,2023-2024
0750648X,139,2023-2024
0750651A,104.4,2023-2024
0750664P,131,2023-2024
0760109F,96.4,2023-2024
0762600N,105.5,2023-2024
0762879S,98.4,2023-2024
0780584L,85.9,2023-2024
0781839A,130.8,2023-2024
0782587N,124.7,2023-2024
0800011C,91.2,2023-2024
0810016C,85.8,2023-2024
0881623L,101.6,2023-2024
0930974D,145.2,2023-2024
0931739K,80.5,2023-2024
0932048W,84.6,2023-2024
0932119Y,86.3,2023-2024
0951811C,86.3,2023-2024
6200004K,89.7,2023-2024
6200043C,102.6,2023-2024
9711033W,96,2023-2024
9720430K,83.4,2023-2024
9730309Y,84.8,2023-2024
9730514W,77,2023-2024
9741182S,94.1,2023-2024
0022022M,98.9,2024-2025
0061763J,91.7,2024-2025
0062147B,134.4,2024-2025
0090002D,114.4,2024-2025
0100059K,120.8,2024-2025
0120096P,98.4,2024-2025
0131403E,102.6,2024-2025
0132280H,90.2,2024-2025
0133274N,86.7,2024-2025
0133314G,127.9,2024-2025
0134250Z,118.7,2024-2025
0140017T,105.3,2024-2025
0141197A,95.1,2024-2025
0142178S,85.9,2024-2025
0160049S,88.3,2024-2025
0160065J,129.6,2024-2025
0161003D,90.3,2024-2025
0170042D,115.1,2024-2025
0190034J,92.4,2024-2025
0210003P,104.7,2024-2025
0220094H,125,2024-2025
0240081H,90.5,2024-2025
0240092V,107.4,2024-2025
0270044B,110.9,2024-2025
0290156M,111.6,2024-2025
0312062Y,110.1,2024-2025
0312093G,127,2024-2025
0330060L,98,2024-2025
0331590Z,119.4,2024-2025
0333368G,127.4,2024-2025
0340881Y,144.9,2024-2025
0342175E,126.1,2024-2025
0350005R,116.8,2024-2025
0350032V,90.4,2024-2025
0350769W,108.5,2024-2025
0350801F,142.2,2024-2025
0370036N,120.8,2024-2025
0380008C,113.5,2024-2025
0381670J,111,2024-2025
0381806G,106.3,2024-2025
0382440W,109.9,2024-2025
0390033Z,106,2024-2025
0400097N,91.1,2024-2025
0420065T,90,2024-2025
0421035X,131.9,2024-2025
0430003V,109.1,2024-2025
0440161L,151.5,2024-2025
0480007X,122.2,2024-2025
0490835S,122.3,2024-2025
0492406Z,122.7,2024-2025
0530778H,94.4,2024-2025
0540076P,98,2024-2025
0541344T,104.7,2024-2025
0542293Z,98.3,2024-2025
0690550Y,150.9,2024-2025
0690698J,123.8,2024-2025
0693332X,69.6,2024-2025
0694069Y,132.9,2024-2025
0701035V,110,2024-2025
0711755X,102.6,2024-2025
0721684P,117.8,2024-2025
0740148J,109.1,2024-2025
0750705J,125,2024-2025
0753840S,157.3,2024-2025
0761347B,99.9,2024-2025
0761708U,128.1,2024-2025
0770945J,93.3,2024-2025
0772228D,104.1,2024-2025
0772243V,113.7,2024-2025
0800010B,114.6,2024-2025
0801946F,105.8,2024-2025
0851642Y,130.9,2024-2025
0860752A,97.7,2024-2025
0910838S,138.2,2024-2025
0912161E,137.3,2024-2025
0912433A,144.5,2024-2025
0920150N,90.9,2024-2025
0920898B,144.6,2024-2025
0922691A,146.8,2024-2025
0930946Y,104,2024-2025
0931026K,114.8,2024-2025
0932222K,90,2024-2025
0940116R,122.1,2024-2025
0941722L,113.4,2024-2025
0941972H,91,2024-2025
9710052E,83,2024-2025
9710593T,103.2,2024-2025
9720005Y,87.4,2024-2025
9720070U,105.1,2024-2025
9720429J,84,2024-2025
9730421V,72.7,2024-2025
0891168L,109.3,2024-2025
0911401D,92.9,2024-2025
0921676X,91,2024-2025
0922427N,109.7,2024-2025
0932654E,104.9,2024-2025
0932667U,82.5,2024-2025
0950647M,120.1,2024-2025
0350048M,113.2,2023-2024
0750664P,132.6,2024-2025
0520021R,99.2,2023-2024
0550004F,86.7,2023-2024
0594278E,114.2,2023-2024
0640098J,101.1,2023-2024
0641823J,110.7,2023-2024
0680032R,100,2023-2024
0680037W,72.1,2023-2024
0680041A,83,2023-2024
0690519P,143.9,2023-2024
0690520R,140.4,2023-2024
0690529A,128.8,2023-2024
0691875N,114.5,2023-2024
0693332X,NS,2023-2024
0693373S,120.4,2023-2024
0693478F,103.3,2023-2024
0700905D,108.5,2023-2024
0730012S,100.1,2023-2024
0741101V,103.5,2023-2024
0741164N,85.1,2023-2024
0750553U,80.5,2023-2024
0750668U,126.1,2023-2024
0750671X,105.2,2023-2024
0750679F,113.6,2023-2024
0750783U,87.4,2023-2024
0754029X,125.4,2023-2024
0760022L,83.5,2023-2024
0770930T,105,2023-2024
0770934X,89.7,2023-2024
0782563M,143.6,2023-2024
0940117S,134.5,2023-2024
0950640E,93.1,2023-2024
0950650R,84,2023-2024
0950800D,95.2,2023-2024
9720073X,121.9,2023-2024
9720823M,93.6,2023-2024
9730094P,74,2023-2024
9730572J,71,2023-2024
0020089L,75.4,2024-2025
0080045F,96.1,2024-2025
0090013R,107.5,2024-2025
0100015M,99.6,2024-2025
0110823K,84.8,2024-2025
0130036U,104.2,2024-2025
0131433M,81.5,2024-2025
0131684K,120.4,2024-2025
0133406G,121.3,2024-2025
0133525L,135.9,2024-2025
0140043W,112.2,2024-2025
0141866C,112.4,2024-2025
0593063J,100.9,2024-2025
0620256S,104.1,2024-2025
0711422K,104.6,2024-2025
0720822C,108.7,2024-2025
0750711R,112.4,2024-2025
0754015G,126.2,2024-2025
0762169V,103.3,2024-2025
0781859X,120.4,2024-2025
0801743K,120,2024-2025
0831243A,97.5,2024-2025
0840039L,91.9,2024-2025
0910629P,93.3,2024-2025
0912251C,103.7,2024-2025
0950640E,89.2,2024-2025
0950667J,83.4,2024-2025
0950804H,138,2024-2025
0951281B,90.5,2024-2025
0951748J,99,2024-2025
9730513V,69,2024-2025
9740552G,74.4,2024-2025
9741620T,96.8,2024-2025
0020089L,76.3,2023-2024
0030025L,115.4,2023-2024
0470063N,112.4,2023-2024
0561534N,119.4,2023-2024
0593015G,92.6,2023-2024
0593060F,93.6,2023-2024
0622949U,103.2,2023-2024
0640026F,90.2,2023-2024
0640031L,85.9,2023-2024
0670083B,107,2023-2024
0690043X,83.6,2023-2024
0690533E,141.6,2023-2024
0690550Y,151.8,2023-2024
0693375U,113.2,2023-2024
0720837U,127.5,2023-2024
0721493G,107.7,2023-2024
0740155S,99.8,2023-2024
0741669M,124.2,2023-2024
0750653C,130,2023-2024
0750676C,103.7,2023-2024
0750695Y,96.1,2023-2024
0750696Z,94.2,2023-2024
0751710B,85.9,2023-2024
0753852E,154.1,2023-2024
0754666P,125.7,2023-2024
0771200L,123.7,2023-2024
0771232W,142.8,2023-2024
0782132U,142.1,2023-2024
0011431A,128.5,2024-2025
0020078Z,77.3,2024-2025
0022044L,86.3,2024-2025
0060677D,131.7,2024-2025
0060729K,148.2,2024-2025
0060750H,121.3,2024-2025
0080006N,114,2024-2025
0130164H,97.9,2024-2025
0141687H,88.4,2024-2025
0430021P,113.3,2024-2025
0440307V,106.4,2024-2025
0442071M,114.2,2024-2025
0442993P,103.7,2024-2025
0492089E,107.5,2024-2025
0510032H,125.8,2024-2025
0530040F,90.7,2024-2025
0540040A,111.2,2024-2025
0540061Y,82.2,2024-2025
0550002D,106.9,2024-2025
0560026Z,110.3,2024-2025
0592932S,143,2024-2025
0620190V,80.3,2024-2025
0630018C,123.6,2024-2025
0650040R,105.9,2024-2025
0672677W,117.8,2024-2025
0690514J,139.7,2024-2025
0440029T,123.1,2023-2024
0440176C,136.6,2023-2024
0442924P,124.3,2023-2024
0450040Z,100.6,2023-2024
0450066C,88,2023-2024
0470730N,91.8,2023-2024
0480022N,110,2023-2024
0490834R,142.8,2023-2024
0501299R,126,2023-2024
0520008B,84.5,2023-2024
0530004S,112.2,2023-2024
0541312H,113.4,2023-2024
0560181T,112.2,2023-2024
0561607T,114.8,2023-2024
0570095U,86.8,2023-2024
0572022N,91.6,2023-2024
0573211F,85.5,2023-2024
0590042A,80.9,2023-2024
0592913W,133.7,2023-2024
0593007Y,138.2,2023-2024
0593495D,79.2,2023-2024
0594653M,73.3,2023-2024
0601701Y,133.3,2023-2024
0601832R,108.3,2023-2024
0620258U,85.6,2023-2024
0622192W,87.6,2023-2024
0631074A,134.1,2023-2024
0640111Y,128,2023-2024
0641907A,125.2,2023-2024
0650001Y,115.5,2023-2024
0650005C,108.1,2023-2024
0650027B,115,2023-2024
0690514J,140.3,2023-2024
0690554C,129.8,2023-2024
0690564N,146.4,2023-2024
0700077D,86.9,2023-2024
0710012C,107.2,2023-2024
0720029R,131.2,2023-2024
0721478R,110.4,2023-2024
0740059M,89.4,2023-2024
0741307U,114.5,2023-2024
0753883N,154.1,2023-2024
0754016H,123.6,2023-2024
0760023M,110.6,2023-2024
0762836V,84.6,2023-2024
0771995A,90.6,2023-2024
0772954T,137.5,2023-2024
0782549X,128.5,2023-2024
0782557F,103.2,2023-2024
0790015M,84.9,2023-2024
0790019S,113.5,2023-2024
0790031E,109.5,2023-2024
0820551D,111.6,2023-2024
0820883P,99.7,2023-2024
0850006V,101.3,2023-2024
0850146X,89.3,2023-2024
0851642Y,130.3,2023-2024
0860037Y,108,2023-2024
0870058R,79.3,2023-2024
0870919B,109.6,2023-2024
0871030X,96.8,2023-2024
0890064L,103.2,2023-2024
0891200W,101.2,2023-2024
0900003P,114,2023-2024
0910628N,94.6,2023-2024
0911828T,92.5,2023-2024
0920132U,136,2023-2024
0920136Y,94.3,2023-2024
0920898B,144.9,2023-2024
0920928J,157.2,2023-2024
0921484N,148.4,2023-2024
0930123D,90.8,2023-2024
0930130L,87,2023-2024
0932036H,142.6,2023-2024
0941930M,90,2023-2024
7200009X,116,2023-2024
9720844K,86.5,2023-2024
0020079A,83,2024-2025
0060030A,128.8,2024-2025
0060042N,83.6,2024-2025
0061462G,115,2024-2025
0061642C,143.2,2024-2025
0080081V,121.1,2024-2025
0090020Y,93.7,2024-2025
0110004V,109.3,2024-2025
0110007Y,96.2,2024-2025
0131324U,148.5,2024-2025
0132828D,119.4,2024-2025
0133195C,98.1,2024-2025
0140014P,113.6,2024-2025
0140019V,84.1,2024-2025
0142132S,100.1,2024-2025
0190011J,114.6,2024-2025
0190062P,95.1,2024-2025
0211090W,117.6,2024-2025
0220023F,124.8,2024-2025
0220027K,93,2024-2025
0220059V,84.1,2024-2025
0230025C,116.4,2024-2025
0261100E,91.2,2024-2025
0270052K,87.9,2024-2025
0311323V,101.2,2024-2025
0313083H,129.5,2024-2025
0320652K,108.2,2024-2025
0330114V,81.7,2024-2025
0331585U,110.2,2024-2025
0340038G,132.4,2024-2025
0350050P,87.8,2024-2025
0350797B,120.9,2024-2025
0380033E,111.8,2024-2025
0381678T,124.2,2024-2025
0382031B,86.7,2024-2025
0382274R,92.3,2024-2025
0390015E,91,2024-2025
0420996E,106.3,2024-2025
0421023J,122.2,2024-2025
0430947W,115.9,2024-2025
0440255N,120.7,2024-2025
0440279P,121.1,2024-2025
0442207K,116.1,2024-2025
0450066C,89.6,2024-2025
0451335G,115.9,2024-2025
0492123S,105.9,2024-2025
0501677B,88.2,2024-2025
0520008B,85.2,2024-2025
0520019N,99.5,2024-2025
0520021R,101.7,2024-2025
0520692V,94.4,2024-2025
0560008E,96.1,2024-2025
0560199M,107.6,2024-2025
0570099Y,91.9,2024-2025
0570124A,76.3,2024-2025
0570216A,133.7,2024-2025
0570268G,95.9,2024-2025
0580761M,105.3,2024-2025
0592832H,86.1,2024-2025
0592944E,147.1,2024-2025
0593104D,83.2,2024-2025
0595867G,106.5,2024-2025
0596281G,132,2024-2025
0600003C,82.8,2024-2025
0600014P,123.2,2024-2025
0600017T,87.6,2024-2025
0601896K,106.6,2024-2025
0620257T,84.2,2024-2025
0620258U,84.1,2024-2025
0622199D,111,2024-2025
0624141P,101.4,2024-2025
0630077S,95,2024-2025
0631068U,128,2024-2025
0641839B,119.1,2024-2025
0650035K,95.6,2024-2025
0660907C,100,2024-2025
0670006T,79.8,2024-2025
0670020H,112.9,2024-2025
0680027K,81.5,2024-2025
0681793E,102.1,2024-2025
0690097F,98.6,2024-2025
0690281F,84,2024-2025
0690571W,147.3,2024-2025
0690652J,98.1,2024-2025
0691875N,115.2,2024-2025
0692418D,74.4,2024-2025
0694086S,108.9,2024-2025
0700076C,87.7,2024-2025
0710018J,106,2024-2025
0720833P,118.3,2024-2025
0730016W,115.5,2024-2025
0750672Y,137.8,2024-2025
0750708M,111.3,2024-2025
0750796H,112.1,2024-2025
0750808W,85.1,2024-2025
0752388N,84.7,2024-2025
0753851D,156.1,2024-2025
0753916Z,152.7,2024-2025
0754045P,133.3,2024-2025
0761341V,104.1,2024-2025
0762765T,83.7,2024-2025
0763409T,143.8,2024-2025
0770938B,98.9,2024-2025
0772840U,128.3,2024-2025
0780273Y,88.6,2024-2025
0781845G,121.4,2024-2025
0783053V,155.4,2024-2025
0783288A,157.7,2024-2025
0800046R,96,2024-2025
0801853E,90.6,2024-2025
0801947G,107.2,2024-2025
0810108C,100.7,2024-2025
0820021C,100.4,2024-2025
0820551D,109.9,2024-2025
0830050D,108.4,2024-2025
0830058M,91.9,2024-2025
0830100H,126.4,2024-2025
0830923C,109.3,2024-2025
0840072X,127.3,2024-2025
0850016F,101.4,2024-2025
0851705S,109.1,2024-2025
0880152M,101.4,2024-2025
0881370L,80.5,2024-2025
0900236T,82.9,2024-2025
0910620E,99.2,2024-2025
0920135X,118,2024-2025
0920136Y,94.5,2024-2025
0920147K,116,2024-2025
0920801W,141.8,2024-2025
0920963X,116.8,2024-2025
0921505L,91.7,2024-2025
0921555R,135.9,2024-2025
0930116W,82,2024-2025
0930830X,111.9,2024-2025
0930974D,146.2,2024-2025
0931369H,124,2024-2025
0931796X,121,2024-2025
0932126F,83.3,2024-2025
0942443V,122.9,2024-2025
0950753C,142.1,2024-2025
0950762M,142.7,2024-2025
0951722F,105.3,2024-2025
0951728M,97.7,2024-2025
0952284S,123.9,2024-2025
9710709U,80,2024-2025
9711080X,92.1,2024-2025
9720694X,98.3,2024-2025
9730328U,95.6,2024-2025
9740952S,92.2,2024-2025
9741051Z,86.4,2024-2025
9741255W,115.1,2024-2025
9741308D,76,2024-2025
9760270P,68.5,2024-2025
0010001W,92.6,2023-2024
0022044L,82.9,2023-2024
0030073N,106.3,2023-2024
0061852F,111.1,2023-2024
0070021K,109.1,2023-2024
0080007P,101.6,2023-2024
0100015M,99.7,2023-2024
0121157T,98.2,2023-2024
0130143K,102.6,2023-2024
0130150T,81.1,2023-2024
0130160D,115.4,2023-2024
0131485U,100.8,2023-2024
0140043W,112.1,2023-2024
0141418R,100.3,2023-2024
0142108R,121.9,2023-2024
0160792Z,90.4,2023-2024
0161095D,116.7,2023-2024
0170022G,112,2023-2024
0180035R,95.1,2023-2024
0220072J,99,2023-2024
0221867K,98.9,2023-2024
0240026Y,108.1,2023-2024
0250014E,85.9,2023-2024
0260113G,94.6,2023-2024
0290076A,111.8,2023-2024
0290171D,126.7,2023-2024
0320030J,101.3,2023-2024
0320652K,99.9,2023-2024
0330088S,108.2,2023-2024
0331668J,93.1,2023-2024
0331882S,94.2,2023-2024
0332445D,93.1,2023-2024
0332835C,110.3,2023-2024
0340923U,105.5,2023-2024
0390013C,100.7,2023-2024
0420076E,88.1,2023-2024
0420979L,97.9,2023-2024
0420996E,102.3,2023-2024
0422158T,96.3,2023-2024
0430024T,86.5,2023-2024
0440256P,121.3,2023-2024
0731507S,117.6,2023-2024
0740046Y,115.7,2023-2024
0752937K,157.2,2023-2024
0753916Z,149.3,2023-2024
0761347B,100,2023-2024
0762964J,87.8,2023-2024
0762976X,83.7,2023-2024
0783533S,84.8,2023-2024
0783537W,118.9,2023-2024
0932034F,83.3,2023-2024
0940118T,105.9,2023-2024
0950805J,101.4,2023-2024
0951753P,112.3,2023-2024
9720091S,82.6,2023-2024
9740952S,91.7,2023-2024
0030445T,118.9,2024-2025
0060034E,105.1,2024-2025
0060715V,99.9,2024-2025
0061760F,117.9,2024-2025
0080010T,77.5,2024-2025
0120052S,115.6,2024-2025
0421006R,88.8,2024-2025
0440035Z,85.7,2024-2025
0440256P,122.9,2024-2025
0440261V,108,2024-2025
0440262W,96.8,2024-2025
0450043C,83.3,2024-2025
0460493L,109.6,2024-2025
0470009E,101.4,2024-2025
0500119H,126.1,2024-2025
0520679F,116.3,2024-2025
0530079Y,88,2024-2025
0541313J,145.3,2024-2025
0550700M,86.9,2024-2025
0570225K,89.8,2024-2025
0570313F,126.6,2024-2025
0573172N,103.1,2024-2025
0580076T,105.2,2024-2025
0590207E,101.2,2024-2025
0592922F,142.6,2024-2025
0592940A,142.3,2024-2025
0593058D,95,2024-2025
0620166U,105.8,2024-2025
0630001J,99.6,2024-2025
0631032E,115.3,2024-2025
0640065Y,114.9,2024-2025
0670007U,115.1,2024-2025
0670049P,133.4,2024-2025
0670050R,97.2,2024-2025
0671832C,104.6,2024-2025
0672198A,105.9,2024-2025
0672305S,105.4,2024-2025
0680031P,96.3,2024-2025
0680039Y,74.5,2024-2025
0681882B,82.4,2024-2025
0690519P,144.6,2024-2025
0730032N,99,2024-2025
0730760E,108.8,2024-2025
0740009H,94.7,2024-2025
0760007V,87,2024-2025
0760022L,82.6,2024-2025
0760035A,108.1,2024-2025
0760052U,120.3,2024-2025
0762602R,82.4,2024-2025
0770931U,108.5,2024-2025
0771171E,86.7,2024-2025
0801336T,89.6,2024-2025
0810006S,128.7,2024-2025
0850006V,101,2024-2025
0851696G,110.9,2024-2025
0890003V,120.9,2024-2025
0911264E,125.4,2024-2025
0911961M,117.6,2024-2025
0912321D,136.6,2024-2025
0920170K,100.2,2024-2025
0921500F,87.3,2024-2025
0921663H,154.7,2024-2025
0932031C,97.7,2024-2025
9760338N,64.4,2024-2025
0341521U,131.6,2023-2024
0350795Z,118.5,2023-2024
0360009P,104.8,2023-2024
0380089R,114.9,2023-2024
0381599G,90.2,2023-2024
0381603L,104,2023-2024
0420044V,105.8,2023-2024
0420065T,89.5,2023-2024
0421976V,119.2,2023-2024
0440022K,139.9,2023-2024
0440175B,112,2023-2024
0440246D,99.4,2023-2024
0500016W,114.6,2023-2024
0501828R,118.1,2023-2024
0521032P,108.4,2023-2024
0530048P,127.5,2023-2024
0540015Y,82.3,2023-2024
0540085Z,80,2023-2024
0541309E,108.3,2023-2024
0551032Y,100.6,2023-2024
0570313F,124.4,2023-2024
0573231C,87.1,2023-2024
0580031U,114.5,2023-2024
0592850C,77.2,2023-2024
0600017T,86.5,2023-2024
0601865B,102.9,2023-2024
0660011D,94,2023-2024
0660856X,106.5,2023-2024
0680010S,96.9,2023-2024
0690048C,90.8,2023-2024
0690571W,145.5,2023-2024
0694026B,129.9,2023-2024
0730016W,113.5,2023-2024
0750674A,88,2023-2024
0753935V,133.4,2023-2024
0754015G,130.2,2023-2024
0754037F,103.4,2023-2024
0755025E,119.5,2023-2024
0781581V,138.2,2023-2024
0781883Y,105,2023-2024
0790078F,128.4,2023-2024
0800046R,93.7,2023-2024
0801864S,87.7,2023-2024
0810113H,102.6,2023-2024
0830923C,110.7,2023-2024
0870015U,121,2023-2024
0870119G,89.8,2023-2024
0890032B,98,2023-2024
0900004R,105.3,2023-2024
0911961M,117.8,2023-2024
0920147K,113.9,2023-2024
0940119U,118.8,2023-2024
0951940T,127.1,2023-2024
9711012Y,87.4,2023-2024
9720726G,77.6,2023-2024
9741231V,81.4,2023-2024
9741256X,130.9,2023-2024
9741263E,95,2023-2024
9760229V,82.2,2023-2024
0021869W,115.3,2024-2025
0040003G,111.2,2024-2025
0040034R,118.1,2024-2025
0060009C,118.6,2024-2025
0060020P,114.9,2024-2025
0060773H,133.5,2024-2025
0061987C,112,2024-2025
0070069M,105.3,2024-2025
0070100W,99.2,2024-2025
0110023R,100.7,2024-2025
0110045P,117.5,2024-2025
0130051K,90.6,2024-2025
0130064Z,77.6,2024-2025
0131327X,90.5,2024-2025
0131456M,116.6,2024-2025
0131681G,114,2024-2025
0141275K,94.6,2024-2025
0170098P,126.1,2024-2025
0190010H,114.6,2024-2025
0210019G,99.6,2024-2025
0211909L,120.7,2024-2025
0220018A,109.1,2024-2025
0230018V,98.1,2024-2025
0230027E,88.8,2024-2025
0251994G,94.9,2024-2025
0260019E,95.8,2024-2025
0270003G,105.4,2024-2025
0290009C,127.6,2024-2025
0290013G,109.6,2024-2025
0290070U,101,2024-2025
0290102D,89.5,2024-2025
0290207T,96.8,2024-2025
0300021K,120.1,2024-2025
0300052U,103.7,2024-2025
0300125Y,112.5,2024-2025
0300127A,111,2024-2025
0300950V,102.7,2024-2025
0301499S,105.7,2024-2025
0301778V,99.5,2024-2025
0320002D,118.6,2024-2025
0331636Z,117.1,2024-2025
0331668J,92.4,2024-2025
0332870R,115.7,2024-2025
0333273D,115.8,2024-2025
0340002T,103.8,2024-2025
0340059E,113.3,2024-2025
0342090M,117.2,2024-2025
0342298N,125.8,2024-2025
0352950S,127.6,2024-2025
0360011S,85.6,2024-2025
0380091T,119.9,2024-2025
0382780R,117.6,2024-2025
0420992A,87.6,2024-2025
0421736J,89.3,2024-2025
0430953C,103.8,2024-2025
0440069L,112.6,2024-2025
0441823T,92.4,2024-2025
0510068X,101.1,2024-2025
0560197K,105.3,2024-2025
0572340J,104.2,2024-2025
0590125R,100,2024-2025
0590221V,110.7,2024-2025
0592935V,141.9,2024-2025
0593030Y,102.9,2024-2025
0600016S,92.5,2024-2025
0601703A,142.5,2024-2025
0740051D,116.9,2024-2025
0740098E,118,2024-2025
0740143D,114.2,2024-2025
0740152N,106.2,2024-2025
0750700D,145.1,2024-2025
0753948J,149.4,2024-2025
0760032X,101.1,2024-2025
0771720B,136.5,2024-2025
0772310T,104.7,2024-2025
0782549X,128.6,2024-2025
0783289B,140.2,2024-2025
0831453D,103.3,2024-2025
0840004Y,99,2024-2025
0850086G,123.9,2024-2025
0860003L,113.9,2024-2025
0860038Z,109.6,2024-2025
0880101G,126.2,2024-2025
0890067P,120.6,2024-2025
0890819G,89.2,2024-2025
0910626L,150.9,2024-2025
0920799U,133,2024-2025
0931272C,98.9,2024-2025
0931799A,126.9,2024-2025
7200021K,111.1,2024-2025
9710054G,133.2,2024-2025
9720002V,116.5,2024-2025
9720725F,103.4,2024-2025
0130146N,83.6,2023-2024
0131331B,124.5,2023-2024
0131681G,101.1,2023-2024
0132495S,105.4,2023-2024
0133274N,86,2023-2024
0133555U,125.2,2023-2024
0134107U,84.3,2023-2024
0160002R,116,2023-2024
0161133V,108.6,2023-2024
0190056H,105.4,2023-2024
0230018V,99,2023-2024
0230027E,90.6,2023-2024
0260006R,115.2,2023-2024
0290174G,124.3,2023-2024
0310028M,119.3,2023-2024
0313016K,122,2023-2024
0330011H,87.1,2023-2024
0331585U,110.8,2023-2024
0340039H,112.5,2023-2024
0340045P,85.2,2023-2024
0340992U,112.9,2023-2024
0350777E,140.8,2023-2024
0370054H,87.8,2023-2024
0371099U,91.5,2023-2024
0380049X,112,2023-2024
0380053B,106.3,2023-2024
0382274R,88.8,2023-2024
0383208F,136.3,2023-2024
0440062D,121,2023-2024
0440177D,131.5,2023-2024
0450759F,104.6,2023-2024
0480007X,120.3,2023-2024
0501677B,84.9,2023-2024
0570023R,87.2,2023-2024
0570248K,92.2,2023-2024
0170022G,112.4,2024-2025
0170025K,96.6,2024-2025
0170027M,118.2,2024-2025
0170070J,105.7,2024-2025
0220064A,96.1,2024-2025
0220065B,119.5,2024-2025
0230020X,115.7,2024-2025
0240007C,85.5,2024-2025
0240035H,111.8,2024-2025
0240079F,126,2024-2025
0241125T,102.7,2024-2025
0250008Y,124.4,2024-2025
0271319M,87.3,2024-2025
0280021W,101.5,2024-2025
0281047L,108.2,2024-2025
0290062K,115.9,2024-2025
0290072W,92.7,2024-2025
0300011Z,85.4,2024-2025
0300112J,100.1,2024-2025
0310057U,91,2024-2025
0311201M,109.7,2024-2025
0312355S,122.8,2024-2025
0312915A,129.7,2024-2025
0313016K,124.2,2024-2025
0320009L,110.3,2024-2025
0330089T,98.9,2024-2025
0340076Y,101.5,2024-2025
0340078A,87.7,2024-2025
0350709F,86.3,2024-2025
0350808N,114.5,2024-2025
0351907H,116.6,2024-2025
0370016S,106.3,2024-2025
0371211R,88.7,2024-2025
0380097Z,140,2024-2025
0381741L,101.9,2024-2025
0400046H,105.6,2024-2025
0410017W,105.4,2024-2025
0410832G,88.8,2024-2025
0420076E,89.7,2024-2025
0442112G,118,2024-2025
0470004Z,89.3,2024-2025
0490013Y,93.1,2024-2025
0501788X,109.5,2024-2025
0540039Z,122,2024-2025
0540085Z,78.4,2024-2025
0590121L,95.8,2024-2025
0590216P,88.8,2024-2025
0601831P,113.9,2024-2025
0620059C,83.7,2024-2025
0620131F,79.6,2024-2025
0731248K,111.5,2024-2025
0740006E,125.8,2024-2025
0740054G,91.2,2024-2025
0750558Z,119.9,2024-2025
0760062E,85.5,2024-2025
0760132F,92.6,2024-2025
0783297K,155,2024-2025
0861113T,83.6,2024-2025
0880120C,109.2,2024-2025
0900004R,104.3,2024-2025
0910627M,115.7,2024-2025
0910715H,87.9,2024-2025
0910727W,108.7,2024-2025
0920144G,115.8,2024-2025
0920894X,108.9,2024-2025
0920904H,155.4,2024-2025
0921594H,88.9,2024-2025
0932229T,81.3,2024-2025
0932267J,83,2024-2025
0932783V,79.5,2024-2025
0940132H,82.1,2024-2025
0950648N,121.3,2024-2025
0951048Y,119.7,2024-2025
0951727L,97.7,2024-2025
0952196W,110.5,2024-2025
0010013J,124.4,2023-2024
0011118K,84.8,2023-2024
0060023T,87.6,2023-2024
0070009X,94.6,2023-2024
0100059K,115.7,2023-2024
0121309H,105.2,2023-2024
0130038W,129.9,2023-2024
0131333D,139.6,2023-2024
0131348V,123.4,2023-2024
0131391S,123.7,2023-2024
0131432L,86.8,2023-2024
0131463V,84.4,2023-2024
0133406G,121.1,2023-2024
0134101M,81.7,2023-2024
0141599M,86.4,2023-2024
0150022T,104,2023-2024
0180010N,83.3,2023-2024
0190012K,91.7,2023-2024
0190027B,89.7,2023-2024
0220019B,86.8,2023-2024
0230025C,116.4,2023-2024
0260072M,115.3,2023-2024
0270052K,86.9,2023-2024
0280022X,85.2,2023-2024
0280036M,106.6,2023-2024
0280044W,105.6,2023-2024
0290168A,110.1,2023-2024
0290170C,124.4,2023-2024
0291654R,120.9,2023-2024
0291808H,106.8,2023-2024
0292139T,99.5,2023-2024
0292144Y,105.6,2023-2024
0300125Y,111.7,2023-2024
0301862L,120.3,2023-2024
0310033T,87.2,2023-2024
0310052N,86.5,2023-2024
0312064A,104.6,2023-2024
0330082K,92.7,2023-2024
0330102G,84.4,2023-2024
0331493U,147.6,2023-2024
0622801H,89.5,2023-2024
0631736V,117.5,2023-2024
0640010N,124.1,2023-2024
0640134Y,123.8,2023-2024
0650065T,112,2023-2024
0720003M,78.1,2023-2024
0740014N,102,2023-2024
0750654D,148,2023-2024
0753919C,132,2023-2024
0754025T,133.9,2023-2024
0754089M,124.6,2023-2024
0760091L,121.3,2023-2024
0772120L,100.6,2023-2024
0772296C,101.7,2023-2024
0772602K,131.1,2023-2024
0781856U,131.6,2023-2024
0790964U,86,2023-2024
0801946F,104.4,2023-2024
0831243A,95.2,2023-2024
0831551K,136.4,2023-2024
0841093G,99.7,2023-2024
0851400K,96.9,2023-2024
0880021V,103,2023-2024
0880057J,82.3,2023-2024
0891199V,96.4,2023-2024
0910838S,144.5,2023-2024
0912163G,84.3,2023-2024
0920131T,108.1,2023-2024
0920917X,156.3,2023-2024
0921365J,156.9,2023-2024
0921592F,95.7,2023-2024
0930120A,82.7,2023-2024
0930138V,76.8,2023-2024
0930936M,103.1,2023-2024
0940112L,94.8,2023-2024
0940134K,84.7,2023-2024
0940877T,154.9,2023-2024
0941232D,78.4,2023-2024
0942269F,97.6,2023-2024
0951998F,120.6,2023-2024
7200093N,93.6,2023-2024
9710054G,132.7,2023-2024
0062256V,124.5,2024-2025
0070064G,110.2,2024-2025
0111048E,99.5,2024-2025
0130042A,93.7,2024-2025
0133425C,117.5,2024-2025
0133446A,114.1,2024-2025
0141161L,142.2,2024-2025
0141192V,102.7,2024-2025
0142133T,112.7,2024-2025
0161095D,117.6,2024-2025
0190008F,87.5,2024-2025
0210056X,94.3,2024-2025
0240089S,109.3,2024-2025
0251028G,127,2024-2025
0312579K,109.3,2024-2025
0312822Z,109.4,2024-2025
0331504F,138.7,2024-2025
0333307R,119.4,2024-2025
0340045P,87.5,2024-2025
0340992U,112.6,2024-2025
0341765J,114.1,2024-2025
0341794R,118.1,2024-2025
0360505D,112.8,2024-2025
0370771M,92.2,2024-2025
0380027Y,144,2024-2025
0381732B,89.7,2024-2025
0383263R,137.7,2024-2025
0390019J,113.8,2024-2025
0390027T,106.3,2024-2025
0410954P,113.2,2024-2025
0420013L,91,2024-2025
0420031F,114.4,2024-2025
0421022H,124.8,2024-2025
0421979Y,112.4,2024-2025
0430053Z,107.3,2024-2025
0430101B,102.1,2024-2025
0440074S,85.5,2024-2025
0440077V,119.6,2024-2025
0441552Y,112.5,2024-2025
0442778F,128.8,2024-2025
0460051F,97.4,2024-2025
0480680D,111,2024-2025
0490837U,109.8,2024-2025
0490952U,120.3,2024-2025
0492430A,106.6,2024-2025
0500120J,125.4,2024-2025
0510062R,94.7,2024-2025
0511130B,140.4,2024-2025
0511884W,88.8,2024-2025
0540058V,114.2,2024-2025
0540066D,112.5,2024-2025
0560038M,105.2,2024-2025
0572951Y,109.3,2024-2025
0580071M,106.3,2024-2025
0590071G,107.2,2024-2025
0590143K,124,2024-2025
0590185F,73.7,2024-2025
0590222W,115.7,2024-2025
0590266U,82.7,2024-2025
0592916Z,110.2,2024-2025
0592928M,103,2024-2025
0592976P,97,2024-2025
0593015G,95,2024-2025
0594652L,74.4,2024-2025
0623915U,107.6,2024-2025
0640055M,127.4,2024-2025
0650005C,107.8,2024-2025
0660026V,88.1,2024-2025
0681768C,85.9,2024-2025
0681810Y,86.8,2024-2025
0690082P,125.1,2024-2025
0690085T,108.9,2024-2025
0690128P,107.7,2024-2025
0700009E,103.9,2024-2025
0730005J,108.8,2024-2025
0750686N,129.5,2024-2025
0751708Z,94.3,2024-2025
0760013B,82.9,2024-2025
0762600N,105,2024-2025
0770930T,105.7,2024-2025
0770942F,100.1,2024-2025
0770943G,88.6,2024-2025
0781984H,82.7,2024-2025
0820899G,94.6,2024-2025
0841093G,98.9,2024-2025
0850146X,90.8,2024-2025
0911983L,139.6,2024-2025
0912142J,97.7,2024-2025
0920798T,138.1,2024-2025
0922443F,100.1,2024-2025
0922801V,120.3,2024-2025
0930961P,127.5,2024-2025
0930965U,137.3,2024-2025
0931565W,107.9,2024-2025
0932036H,143.2,2024-2025
0932117W,84.6,2024-2025
0940137N,100,2024-2025
0942531R,131.3,2024-2025
7200093N,90.8,2024-2025
9720063L,138.2,2024-2025
0312822Z,108.9,2023-2024
0332081H,102.6,2023-2024
0332497K,115.9,2023-2024
0360011S,83.9,2023-2024
0370748M,119.1,2023-2024
0400046H,104.1,2023-2024
0401002X,104.7,2023-2024
0450049J,120.7,2023-2024
0541344T,103.6,2023-2024
0541363N,100.3,2023-2024
0570058D,121.1,2023-2024
0570085H,94.2,2023-2024
0570210U,107.1,2023-2024
0572757M,113.4,2023-2024
0590119J,128.8,2023-2024
0590144L,86.8,2023-2024
0590216P,89.7,2023-2024
0592928M,101.9,2023-2024
0594400M,79,2023-2024
0596335R,129.1,2023-2024
0602070Z,139.7,2023-2024
0640040W,94.9,2023-2024
0640115C,133,2023-2024
0650012K,116.9,2023-2024
0650035K,91.5,2023-2024
0650067V,91.2,2023-2024
0670050R,98.8,2023-2024
0680066C,102.9,2023-2024
0680074L,79.4,2023-2024
0690010L,82.7,2023-2024
0690027E,129.2,2023-2024
0693446W,134.3,2023-2024
0693504J,110,2023-2024
0120014A,92.4,2024-2025
0121438Y,124.2,2024-2025
0720033V,104.9,2024-2025
0740082M,141.5,2024-2025
0753820V,150.4,2024-2025
0801888T,116.5,2024-2025
0810003N,90.6,2024-2025
0060774J,113.2,2023-2024
0080018B,94.7,2023-2024
0130011S,105.6,2023-2024
0131320P,142.4,2023-2024
0131342N,114.9,2023-2024
0132410Z,100,2023-2024
0141186N,97.7,2023-2024
0142133T,112.3,2023-2024
0170025K,94.3,2023-2024
0170058W,117.5,2023-2024
0230002C,109.6,2023-2024
0240076C,118.3,2023-2024
0270051J,94.3,2023-2024
0271073V,109.6,2023-2024
0290012F,108.8,2023-2024
0290159R,123.9,2023-2024
0290340M,112,2023-2024
0311132M,141,2023-2024
0311147D,135.7,2023-2024
0332870R,116.8,2023-2024
0341385W,86.7,2023-2024
0350797B,119.6,2023-2024
0380092U,125.9,2023-2024
0383242T,147.6,2023-2024
0422160V,114.6,2023-2024
0440255N,123.7,2023-2024
0460493L,109.4,2023-2024
0480009Z,112.5,2023-2024
0500082T,109.6,2023-2024
0530011Z,111.5,2023-2024
0540037X,84.5,2023-2024
0592712C,69.9,2023-2024
0624440P,90.1,2023-2024
0670127Z,82.5,2023-2024
0331569B,99.3,2023-2024
0340042L,105,2023-2024
0380036H,86.2,2023-2024
0381683Y,137.5,2023-2024
0382863F,139.8,2023-2024
0383550C,116.6,2023-2024
0390015E,91.2,2023-2024
0400097N,87.9,2023-2024
0410954P,110.7,2023-2024
0450107X,105.6,2023-2024
0470001W,109.3,2023-2024
0470038L,94.8,2023-2024
0470782V,88,2023-2024
0510034K,108.5,2023-2024
0541998D,97,2023-2024
0570107G,112.4,2023-2024
0592926K,130.4,2023-2024
0592963A,97.5,2023-2024
0593061G,112.6,2023-2024
0600003C,82.8,2023-2024
0600048B,86,2023-2024
0711322B,84.4,2023-2024
0741285V,111.9,2023-2024
0761322Z,83.4,2023-2024
0762953X,109,2023-2024
0770922J,106.9,2023-2024
0783447Y,90.2,2023-2024
0790043T,92.5,2023-2024
0811175M,121.1,2023-2024
0831407D,113.1,2023-2024
0860774Z,112.3,2023-2024
0890008A,102.5,2023-2024
0910629P,93.1,2023-2024
0921932A,136.3,2023-2024
0932073Y,100.8,2023-2024
0932618R,110.9,2023-2024
0940113M,83.8,2023-2024
0951282C,93.4,2023-2024
0952158E,121.5,2023-2024
9740004L,72,2023-2024
9740045F,103.2,2023-2024
9740597F,103.3,2023-2024
9740679V,83.5,2023-2024
0020051V,102.9,2024-2025
0021906L,96.9,2024-2025
0030026M,100.1,2024-2025
0030905T,90.3,2024-2025
0060023T,93.2,2024-2025
0060027X,87.6,2024-2025
0060029Z,105.5,2024-2025
0090045A,105.1,2024-2025
0121157T,95.8,2024-2025
0131339K,130.5,2024-2025
0133474F,106.2,2024-2025
0141186N,97.2,2024-2025
0150760V,109.1,2024-2025
0160003S,104.6,2024-2025
0171238D,97.2,2024-2025
0210006T,113.8,2024-2025
0250063H,81.8,2024-2025
0260017C,111.1,2024-2025
0261505V,106.7,2024-2025
0280019U,105.2,2024-2025
0280684S,88.7,2024-2025
0290012F,109.5,2024-2025
0290069T,125.5,2024-2025
0292157M,96,2024-2025
0330028B,123.8,2024-2025
0331502D,145.6,2024-2025
0332722E,128.8,2024-2025
0341521U,129.1,2024-2025
0350009V,91.7,2024-2025
0352686E,125.7,2024-2025
0360003H,85.9,2024-2025
0370039S,121.9,2024-2025
0382203N,116.9,2024-2025
0382271M,90.4,2024-2025
0382920T,105.1,2024-2025
0440036A,90.2,2024-2025
0450764L,105.3,2024-2025
0133525L,136.9,2023-2024
0220013V,111.7,2023-2024
0220057T,115.8,2023-2024
0220075M,93.9,2023-2024
0230003D,93.7,2023-2024
0251024C,119.2,2023-2024
0261277X,97.9,2023-2024
0311138U,131.5,2023-2024
0311902Z,112.3,2023-2024
0312290W,119,2023-2024
0312915A,129.8,2023-2024
0340012D,79.1,2023-2024
0340043M,83.1,2023-2024
0350032V,90.1,2023-2024
0360002G,110.5,2023-2024
0370035M,135.7,2023-2024
0380029A,121,2023-2024
0382270L,130,2023-2024
0400027M,106.3,2023-2024
0420021V,92.5,2023-2024
0420031F,113.3,2023-2024
0440056X,91.4,2023-2024
0440069L,111.8,2023-2024
0451484U,114.3,2023-2024
0470020S,104.5,2023-2024
0490784L,81.5,2023-2024
0510035L,94.3,2023-2024
0573770N,106.1,2023-2024
0580020G,92.9,2023-2024
0593066M,81.8,2023-2024
0596122J,155.6,2023-2024
0596957S,73.6,2023-2024
0622198C,103.7,2023-2024
0622807P,114.4,2023-2024
0631847R,146.6,2023-2024
0632091F,88.6,2023-2024
0670005S,104,2023-2024
0670081Z,129.7,2023-2024
0680007N,123.1,2023-2024
0752961L,89.5,2023-2024
0760005T,111.8,2023-2024
0763237F,100.2,2023-2024
0771246L,132.2,2023-2024
0781664K,145.2,2023-2024
0783431F,86.3,2023-2024
0820020B,118.5,2023-2024
0830016S,86.6,2023-2024
0840001V,99.5,2023-2024
0840015K,104.5,2023-2024
0870051H,88,2023-2024
0880055G,103,2023-2024
0910676R,95.3,2023-2024
0911037H,88.2,2023-2024
0912142J,98.1,2023-2024
0920680P,93.8,2023-2024
0920802X,131.6,2023-2024
0921626T,89.5,2023-2024
0930119Z,81.6,2023-2024
0930121B,100.7,2023-2024
0932654E,106,2023-2024
0932783V,80.3,2023-2024
0941719H,132.6,2023-2024
0941877E,149.4,2023-2024
0950646L,89.4,2023-2024
0951281B,87.9,2023-2024
0951710T,119.1,2023-2024
0951723G,121.4,2023-2024
0951727L,96.5,2023-2024
0951937P,118,2023-2024
6200650M,114.6,2023-2024
9710993C,95.3,2023-2024
9741186W,85.5,2023-2024
0010034G,84.5,2024-2025
0030036Y,115.3,2024-2025
0131345S,137,2024-2025
0131606A,70.3,2024-2025
0593034C,98.4,2024-2025
0593066M,83.1,2024-2025
0640137B,115.9,2024-2025
0690031J,133.6,2024-2025
0850133H,120.4,2024-2025
0920141D,97.1,2024-2025
0920158X,91.1,2024-2025
0931585T,104.8,2024-2025
0940115P,92.8,2024-2025
0941018W,93.8,2024-2025
9710882G,103.1,2024-2025
0050035L,123.7,2023-2024
0460007H,116,2023-2024
0490903R,101.6,2023-2024
0510038P,82,2023-2024
0520844K,98.1,2023-2024
0530040F,90.5,2023-2024
0540070H,110.9,2023-2024
0540076P,96.9,2023-2024
0541986R,139.8,2023-2024
0550072E,90.8,2023-2024
0550700M,90.8,2023-2024
0550983V,100.7,2023-2024
0560027A,92.1,2023-2024
0560098C,119.6,2023-2024
0561981Z,130.2,2023-2024
0570241C,94.6,2023-2024
0590037V,78.6,2023-2024
0590168M,114.4,2023-2024
0592833J,85.1,2023-2024
0593079B,87.7,2023-2024
0594404S,72.4,2023-2024
0596925G,129.9,2023-2024
0600002B,102,2023-2024
0601823F,103.5,2023-2024
0620018H,72.1,2023-2024
0620040G,115.9,2023-2024
0620120U,105.1,2023-2024
0620124Y,74.5,2023-2024
0622120T,119.7,2023-2024
0622199D,111.5,2023-2024
0622276M,98.4,2023-2024
0640122K,114.7,2023-2024
0640124M,113.4,2023-2024
0650038N,110.2,2023-2024
0650886K,107.2,2023-2024
0660010C,108.4,2023-2024
0660057D,119,2023-2024
0660520G,86.3,2023-2024
0670049P,132.1,2023-2024
0671832C,104.5,2023-2024
0672534R,116.5,2023-2024
0672616E,100,2023-2024
0672806L,94.3,2023-2024
0690045Z,78.3,2023-2024
0690542P,121.7,2023-2024
0690563M,135.8,2023-2024
0690642Y,112.6,2023-2024
0691659D,122.6,2023-2024
0691723Y,92.9,2023-2024
0692717D,80.1,2023-2024
0694069Y,133.2,2023-2024
0710001R,108.3,2023-2024
0711249X,126.1,2023-2024
0720017C,97.9,2023-2024
0720825F,99.4,2023-2024
0720843A,105,2023-2024
0721301Y,85.8,2023-2024
0730029K,111.5,2023-2024
0750669V,126.2,2023-2024
0750673Z,116.6,2023-2024
0750688R,97.5,2023-2024
0753820V,148.7,2023-2024
0755709Y,145,2023-2024
0760054W,88.5,2023-2024
0760096S,112.5,2023-2024
0760114L,80.1,2023-2024
0761353H,107.2,2023-2024
0761708U,126,2023-2024
0770924L,100.7,2023-2024
0771171E,87.2,2023-2024
0771996B,102.2,2023-2024
0772244W,90.5,2023-2024
0772292Y,119.7,2023-2024
0772737G,98.8,2023-2024
0780582J,119,2023-2024
0781859X,120.5,2023-2024
0782100J,125.2,2023-2024
0782556E,111.6,2023-2024
0782567S,124.8,2023-2024
0783214V,93.6,2023-2024
0801207C,126.3,2023-2024
0831444U,119.3,2023-2024
0831453D,101.5,2023-2024
0831563Y,112.8,2023-2024
0840021S,112.1,2023-2024
0840700E,85.3,2023-2024
0850076W,120,2023-2024
0851401L,114.4,2023-2024
0860003L,111,2023-2024
0860006P,87,2023-2024
0861228T,119.6,2023-2024
0861408N,99.8,2023-2024
0870730W,86.4,2023-2024
0880023X,76.5,2023-2024
0900029T,108.5,2023-2024
0900236T,82,2023-2024
0910715H,86.5,2023-2024
0910808J,131.6,2023-2024
0911632E,122.6,2023-2024
0911913K,145.1,2023-2024
0920134W,129.3,2023-2024
0920138A,123.5,2023-2024
0921229L,82.9,2023-2024
0921500F,88.2,2023-2024
0931796X,114.8,2023-2024
0932221J,84.4,2023-2024
0932577W,85.1,2023-2024
0940882Y,138.6,2023-2024
0951637N,106,2023-2024
6200003J,89.1,2023-2024
9710921Z,90.1,2023-2024
9720002V,114.6,2023-2024
9720695Y,106.6,2023-2024
9740054R,88.9,2023-2024
9740921H,75.4,2023-2024
9741051Z,84.9,2023-2024
0021874B,120.9,2024-2025
0040027H,109.5,2024-2025
0071351F,104.8,2024-2025
0790019S,112.3,2024-2025
0801742J,132.7,2024-2025
0801900F,88.8,2024-2025
0801951L,95.1,2024-2025
0831646N,108.9,2024-2025
0870040W,112.5,2024-2025
0921932A,138.4,2024-2025
0922149L,91.5,2024-2025
0930128J,80.3,2024-2025
0930831Y,79,2024-2025
0930936M,103.5,2024-2025
0940121W,131.4,2024-2025
0940123Y,97.1,2024-2025
0951221L,135.1,2024-2025
9711066G,94.5,2024-2025
9720073X,126.4,2024-2025
9720479N,115.8,2024-2025
9720515C,83.9,2024-2025
9720771F,93.8,2024-2025
9730001N,83,2024-2025
9730514W,78.5,2024-2025
9740054R,90,2024-2025
9740934X,71.2,2024-2025
9741556Y,135.2,2024-2025
9760370Y,68.7,2024-2025
0420014M,99.4,2023-2024
0442778F,127.8,2023-2024
0480023P,107.2,2023-2024
0490054T,107.7,2023-2024
0501787W,99.5,2023-2024
0510032H,125.8,2023-2024
0511130B,139.8,2023-2024
0530013B,87.2,2023-2024
0573227Y,104,2023-2024
0580753D,117.8,2023-2024
0590101P,112.2,2023-2024
0596681S,110.2,2023-2024
0600009J,124.7,2023-2024
0601950U,113.4,2023-2024
0610019P,84.7,2023-2024
0620095S,87.9,2023-2024
0620131F,77.3,2023-2024
0620220C,70.1,2023-2024
0622106C,135.2,2023-2024
0630019D,127.4,2023-2024
0631048X,96.6,2023-2024
0640017W,131,2023-2024
0670084C,101.4,2023-2024
0710018J,105.6,2023-2024
0801231D,98.4,2023-2024
0830007G,102.7,2023-2024
0881651S,80.1,2023-2024
0890070T,112.5,2023-2024
0910823A,135.9,2023-2024
0740037N,116.4,2024-2025
0740092Y,129,2024-2025
0753350J,81.5,2024-2025
0240025X,104.1,2023-2024
0251671F,99.3,2023-2024
0260078U,107.6,2023-2024
0280864M,89.7,2023-2024
0290177K,119.2,2023-2024
0300023M,106.4,2023-2024
0301552Z,100.6,2023-2024
0350030T,107.8,2023-2024
0352009U,117.3,2023-2024
0381806G,105.3,2023-2024
0390020K,84,2023-2024
0740104L,121.6,2023-2024
0753842U,156.1,2023-2024
0753943D,147.2,2023-2024
0754030Y,130,2023-2024
0762911B,120.5,2023-2024
0772153X,116.8,2023-2024
0781578S,115.9,2023-2024
0781884Z,101.7,2023-2024
0782540M,89.3,2023-2024
0820885S,109.7,2023-2024
0830960T,85.8,2023-2024
0870013S,84.2,2023-2024
0870019Y,88,2023-2024
0911983L,139.4,2023-2024
0912384X,140,2023-2024
0920937U,137.7,2023-2024
0931026K,115.7,2023-2024
0932117W,84.5,2023-2024
0932638M,121.9,2023-2024
0940115P,92,2023-2024
0940145X,81.7,2023-2024
0941018W,93.5,2023-2024
9720771F,96.2,2023-2024
9740001H,102.7,2023-2024
9741308D,79.5,2023-2024
0050007F,116.7,2024-2025
0060038J,76.7,2024-2025
0130039X,112.8,2024-2025
0160119T,82.8,2024-2025
0211986V,98.4,2024-2025
0212023K,93.9,2024-2025
0240032E,105.7,2024-2025
0311324W,85,2024-2025
0331760J,122.7,2024-2025
0332496J,117.7,2024-2025
0341921D,120.7,2024-2025
0352341E,135.1,2024-2025
0370757X,112.9,2024-2025
0382893N,105.3,2024-2025
0411071S,137.6,2024-2025
0440154D,143.8,2024-2025
0510053F,94.1,2024-2025
0511430C,79.4,2024-2025
0560105K,109.9,2024-2025
0560114V,135.8,2024-2025
0570081D,109.9,2024-2025
0570210U,110.9,2024-2025
0590010R,107.7,2024-2025
0590093F,109.1,2024-2025
0592712C,68.5,2024-2025
0593079B,87.1,2024-2025
0594302F,74.1,2024-2025
0631985R,106.8,2024-2025
0650029D,92.3,2024-2025
0672050P,107.7,2024-2025
0673083M,129.6,2024-2025
0680149T,124.5,2024-2025
0690023A,124,2024-2025
0692517L,88.8,2024-2025
0693518Z,132.8,2024-2025
0720003M,80.7,2024-2025
0720027N,94.4,2024-2025
0721548S,107.4,2024-2025
0730006K,90.9,2024-2025
0740099F,133.4,2024-2025
0750650Z,88.2,2024-2025
0753844W,149,2024-2025
0753933T,159.9,2024-2025
0810018E,93.2,2024-2025
0830042V,107.7,2024-2025
0831551K,134.8,2024-2025
0870013S,83.7,2024-2025
0950666H,91.3,2024-2025
0950759J,143.9,2024-2025
0030051P,108.4,2023-2024
0060020P,114.9,2023-2024
0060715V,99.5,2023-2024
0121428M,119,2023-2024
0134004G,128,2023-2024
0141172Y,129.7,2023-2024
0150646W,124.5,2023-2024
0160003S,103,2023-2024
0170098P,125.8,2023-2024
0180561M,125.7,2023-2024
0190674E,88.6,2023-2024
0190701J,89.2,2023-2024
0211068X,129.5,2023-2024
0220018A,109.1,2023-2024
0220083W,96.9,2023-2024
0220186H,93.4,2023-2024
0240024W,114.9,2023-2024
0240079F,129.6,2023-2024
0250063H,82,2023-2024
0251021Z,126.5,2023-2024
0260044G,85,2023-2024
0260066F,129.6,2023-2024
0260069J,129.4,2023-2024
0281197Z,118.2,2023-2024
0290156M,111.2,2023-2024
0301270T,83,2023-2024
0311133N,151.3,2023-2024
0312267W,117.2,2023-2024
0312355S,122.8,2023-2024
0320015T,105.6,2023-2024
0320051G,124.8,2023-2024
0330018R,98.4,2023-2024
0330114V,84.3,2023-2024
0331548D,106.7,2023-2024
0332535B,92.8,2023-2024
0340030Y,98.7,2023-2024
0340040J,107.3,2023-2024
0350026N,127.6,2023-2024
0350774B,116.4,2023-2024
0350793X,123.5,2023-2024
0620221D,78.3,2023-2024
0623463C,76.6,2023-2024
0641705F,105.5,2023-2024
0670079X,132.4,2023-2024
0670086E,93.4,2023-2024
0671615S,134.5,2023-2024
0672615D,107.4,2023-2024
0690085T,108,2023-2024
0690522T,153,2023-2024
0690660T,101.1,2023-2024
0691626T,97.4,2023-2024
0692800U,104.2,2023-2024
0693371P,113.8,2023-2024
0693566B,92.9,2023-2024
0694066V,122.3,2023-2024
0700009E,104.6,2023-2024
0701052N,109.4,2023-2024
0720048L,99.4,2023-2024
0721548S,107.2,2023-2024
0750675B,125.1,2023-2024
0750683K,128.1,2023-2024
0750697A,73.4,2023-2024
0750710P,106.1,2023-2024
0750714U,129.6,2023-2024
0750796H,108,2023-2024
0753827C,140.5,2023-2024
0753844W,144.8,2023-2024
0753902J,149.9,2023-2024
0761715B,137.9,2023-2024
0771763Y,105.8,2023-2024
0772188K,100.1,2023-2024
0781899R,152.3,2023-2024
0783286Y,156.3,2023-2024
0783289B,140,2023-2024
0791029P,91.5,2023-2024
0800001S,103.4,2023-2024
0800009A,122.1,2023-2024
0801514L,78.2,2023-2024
0830114Y,110.6,2023-2024
0840026X,105.1,2023-2024
0880040R,99.2,2023-2024
0880097C,104.5,2023-2024
0911938M,130,2023-2024
0920916W,156.6,2023-2024
0920921B,160.3,2023-2024
0922691A,142.7,2023-2024
0930946Y,105.1,2023-2024
0931233K,83.5,2023-2024
0940143V,88.5,2023-2024
0951824S,101.3,2023-2024
9730010Y,123.2,2023-2024
9740082W,72.2,2023-2024
0011118K,86.1,2024-2025
0021870X,109.5,2024-2025
0350102W,93.5,2024-2025
0350710G,139.1,2024-2025
0410002E,112.6,2024-2025
0421489R,84.4,2024-2025
0421691K,90.1,2024-2025
0440005S,94.4,2024-2025
0480025S,117.1,2024-2025
0511926S,123.4,2024-2025
0520032C,81.3,2024-2025
0550004F,84.9,2024-2025
0560019S,87.3,2024-2025
0561698S,108.6,2024-2025
0600062S,88.6,2024-2025
0620006V,122.1,2024-2025
0640031L,87.4,2024-2025
0641844G,104.8,2024-2025
0650058K,108.1,2024-2025
0671615S,137.3,2024-2025
0680008P,110.4,2024-2025
0681809X,79.9,2024-2025
0690029G,101.6,2024-2025
0690642Y,116.7,2024-2025
0692717D,79.7,2024-2025
0711384U,85.9,2024-2025
0720843A,105.9,2024-2025
0750651A,103.8,2024-2025
0750660K,145.7,2024-2025
0753898E,138.8,2024-2025
0753935V,135.4,2024-2025
0760005T,113.7,2024-2025
0760090K,141.1,2024-2025
0760142S,82.1,2024-2025
0763079J,94.5,2024-2025
0770926N,126.5,2024-2025
0781883Y,103.6,2024-2025
0782562L,151.5,2024-2025
0860010U,83.7,2024-2025
0910630R,112.7,2024-2025
0921399W,106.1,2024-2025
0922249V,121.3,2024-2025
0930124E,86.5,2024-2025
0941294W,94.5,2024-2025
7200719U,96.8,2024-2025
9710746J,83.5,2024-2025
9720003W,113.6,2024-2025
9720004X,95.1,2024-2025
9720726G,78.4,2024-2025
9720844K,84.1,2024-2025
9730563Z,75.4,2024-2025
9740737H,73.6,2024-2025
0020022N,83.1,2023-2024
0020031Y,98.1,2023-2024
0020498F,89.9,2023-2024
0050003B,116.2,2023-2024
0060015J,94.8,2023-2024
0060031B,117.5,2023-2024
0070002P,78.4,2023-2024
0110007Y,95.9,2023-2024
0120014A,92.2,2023-2024
0121429N,102.3,2023-2024
0130001F,116.6,2023-2024
0130006L,91,2023-2024
0130065A,71.4,2023-2024
0131436R,106.9,2023-2024
0132828D,115.7,2023-2024
0133244F,118.7,2023-2024
0133314G,126.6,2023-2024
0133334D,112.3,2023-2024
0134252B,113.6,2023-2024
0140014P,113.8,2023-2024
0170028N,122,2023-2024
0170042D,114.3,2023-2024
0190062P,93.4,2023-2024
0271049U,123.3,2023-2024
0281047L,107.7,2023-2024
0301210C,83.7,2023-2024
0310024H,111,2023-2024
0310044E,105.9,2023-2024
0312093G,126,2023-2024
0312686B,118.2,2023-2024
0320737C,137.9,2023-2024
0340881Y,142.1,2023-2024
0380081G,108.1,2023-2024
0390094R,98.8,2023-2024
0671618V,129.3,2023-2024
0692968B,85.5,2023-2024
0730776X,103.4,2023-2024
0750428H,83.8,2023-2024
0754239A,112.4,2023-2024
0754475G,100.3,2023-2024
0760076V,116.1,2023-2024
0760132F,91.3,2023-2024
0760174B,94.8,2023-2024
0781861Z,147.2,2023-2024
0801948H,113.4,2023-2024
0910631S,85.7,2023-2024
0920135X,118.1,2023-2024
0920150N,90.5,2023-2024
0920963X,117.9,2023-2024
0932026X,77.1,2023-2024
0932229T,80.6,2023-2024
0940822H,134.3,2023-2024
0941301D,109.8,2023-2024
0400883T,108.3,2024-2025
0421002L,105.7,2024-2025
0430065M,106.5,2024-2025
0440029T,124.5,2024-2025
0440063E,91,2024-2025
0450051L,101.4,2024-2025
0451590J,111.8,2024-2025
0480022N,116.3,2024-2025
0492532L,139.8,2024-2025
0500026G,110,2024-2025
0501839C,106.8,2024-2025
0511145T,109.3,2024-2025
0530073S,96.1,2024-2025
0540070H,110,2024-2025
0542161F,107.6,2024-2025
0542448T,129.2,2024-2025
0560119A,120.8,2024-2025
0570029X,93.7,2024-2025
0570057C,92.5,2024-2025
0570087K,97.3,2024-2025
0573080N,72.9,2024-2025
0573227Y,100.4,2024-2025
0573519R,102.5,2024-2025
0580075S,93.4,2024-2025
0590083V,88.8,2024-2025
0592611T,78,2024-2025
0592967E,105.5,2024-2025
0622150A,91.3,2024-2025
0622803K,104.6,2024-2025
0631408N,106.6,2024-2025
0632091F,91,2024-2025
0640049F,97.4,2024-2025
0640053K,92.4,2024-2025
0641663K,104.6,2024-2025
0650012K,118.4,2024-2025
0660011D,92.2,2024-2025
0670086E,95,2024-2025
0681656F,102.4,2024-2025
0690109U,82,2024-2025
0690520R,142,2024-2025
0700077D,85.1,2024-2025
0720055U,110.5,2024-2025
0720837U,127.8,2024-2025
0750653C,131,2024-2025
0771200L,127.1,2024-2025
0781297L,87.1,2024-2025
0783548H,161.5,2024-2025
0010878Z,129.1,2023-2024
0021479X,75.3,2023-2024
0021870X,113,2023-2024
0030084A,105.8,2023-2024
0040003G,109.7,2023-2024
0040007L,91.7,2023-2024
0060009C,119.2,2023-2024
0060034E,103.9,2023-2024
0061642C,143.9,2023-2024
0070064G,109,2023-2024
0071351F,104.3,2023-2024
0570144X,84.3,2023-2024
0590182C,86.2,2023-2024
0620192X,71.6,2023-2024
0622211S,96,2023-2024
0650062P,124.6,2023-2024
0670071N,114.3,2023-2024
0670082A,98.2,2023-2024
0680141J,132.7,2023-2024
0681801N,93.4,2023-2024
0690035N,93.9,2023-2024
0690038S,94.9,2023-2024
0690105P,81.5,2023-2024
0691680B,109.8,2023-2024
0693045K,74.1,2023-2024
0701001H,90.1,2023-2024
0710087J,87.2,2023-2024
0711422K,104.9,2023-2024
0730003G,117.7,2023-2024
0730032N,98.6,2023-2024
0730763H,136.4,2023-2024
0750650Z,89.5,2023-2024
0750776L,89.4,2023-2024
0750808W,83.6,2023-2024
0772228D,103.6,2023-2024
0772310T,105.6,2023-2024
9730423X,100.7,2023-2024
9730511T,136.3,2023-2024
9740043D,90.5,2023-2024
9740738J,80.9,2023-2024
0010014K,108.2,2024-2025
0010032E,106.3,2024-2025
0020049T,103.6,2024-2025
0020050U,92.9,2024-2025
0021873A,124.7,2024-2025
0030025L,114.5,2024-2025
0060040L,96.6,2024-2025
0080008R,102.9,2024-2025
0120059Z,116.7,2024-2025
0130003H,120.4,2024-2025
0131320P,143.5,2024-2025
0131747D,119.7,2024-2025
0132210G,106.6,2024-2025
0132733A,95,2024-2025
0150047V,118.2,2024-2025
0470028A,110.1,2024-2025
0480009Z,112.4,2024-2025
0560042S,97.7,2024-2025
0570144X,83.2,2024-2025
0580753D,117.5,2024-2025
0593060F,96.6,2024-2025
0593136N,127.4,2024-2025
0622089J,83.1,2024-2025
0624430D,111.4,2024-2025
0641823J,113.1,2024-2025
0650874X,94.2,2024-2025
0671609K,143.9,2024-2025
0680016Y,111.3,2024-2025
0690008J,86.7,2024-2025
0690129R,81.8,2024-2025
0690563M,137.8,2024-2025
0741418P,115.2,2024-2025
0750655E,145.1,2024-2025
0750689S,126.1,2024-2025
0753834K,148,2024-2025
0754479L,121.2,2024-2025
0770918E,105.1,2024-2025
0780584L,85.1,2024-2025
0783835V,148.7,2024-2025
0810005R,121.3,2024-2025
0830053G,111.4,2024-2025
0870003F,105.5,2024-2025
0880057J,82.9,2024-2025
0921484N,149.6,2024-2025
0932120Z,91.3,2024-2025
0940113M,83.1,2024-2025
0940138P,83.1,2024-2025
0940882Y,144.9,2024-2025
9710774P,103.2,2024-2025
9720825P,114.4,2024-2025
9730010Y,123.5,2024-2025
0011276G,127.6,2023-2024
0030935A,98.3,2023-2024
0031044U,88,2023-2024
0060776L,112.6,2023-2024
0061478Z,110.6,2023-2024
0061691F,101.6,2023-2024
0090003E,88.8,2023-2024
0101016A,100.6,2023-2024
0130049H,99,2023-2024
0131437S,103.8,2023-2024
0132280H,89.3,2023-2024
0160062F,130.5,2023-2024
0220065B,109.3,2023-2024
0220071H,97.3,2023-2024
0220116G,106.7,2023-2024
0240012H,98.5,2023-2024
0251971G,92.8,2023-2024
0301778V,100,2023-2024
0312744P,124.8,2023-2024
0330027A,112.7,2023-2024
0330031E,100.5,2023-2024
0330032F,89.7,2023-2024
0331636Z,116.8,2023-2024
0332747G,90,2023-2024
0340011C,91.9,2023-2024
0420042T,98.8,2023-2024
0420075D,92.4,2023-2024
0430947W,116.2,2023-2024
0460051F,97.7,2023-2024
0470009E,99.5,2023-2024
0640058R,87.6,2023-2024
0650025Z,118.5,2023-2024
0670114K,106.2,2023-2024
0671609K,138.2,2023-2024
0672602P,100.3,2023-2024
0680027K,82.5,2023-2024
0680134B,136.9,2023-2024
0681656F,101.4,2023-2024
0681882B,83.5,2023-2024
0690031J,133.7,2023-2024
0690128P,108.4,2023-2024
0690671E,133.2,2023-2024
0691654Y,126.5,2023-2024
0911946W,97.7,2023-2024
0922398G,110.3,2023-2024
0930116W,81.2,2023-2024
9730328U,95.2,2023-2024
9740002J,90.1,2023-2024
9760220K,65.3,2023-2024
0010878Z,131.2,2024-2025
0022002R,86.4,2024-2025
0030044G,106.4,2024-2025
0031044U,87,2024-2025
0060014H,113.3,2024-2025
0061635V,89.8,2024-2025
0062089N,99.2,2024-2025
0080047H,81.1,2024-2025
0100025Y,95.8,2024-2025
0121429N,100.8,2024-2025
0132810J,144.2,2024-2025
0160022M,99.1,2024-2025
0212015B,94.1,2024-2025
0220102S,124.8,2024-2025
0221595P,96.8,2024-2025
0221866J,99.9,2024-2025
0271073V,107.8,2024-2025
0271282X,113,2024-2025
0342073U,110.5,2024-2025
0350022J,110.6,2024-2025
0060029Z,106.6,2023-2024
0060030A,129.2,2023-2024
0060075Z,114.8,2023-2024
0060677D,129.4,2023-2024
0060729K,148.1,2023-2024
0090006H,90.2,2023-2024
0101028N,111.1,2023-2024
0110019L,101.9,2023-2024
0120024L,113.8,2023-2024
0130043B,75.3,2023-2024
0131862D,143.6,2023-2024
0132193N,98.9,2023-2024
0141192V,94.5,2023-2024
0142059M,131.2,2023-2024
0160862A,87.8,2023-2024
0170070J,102.3,2023-2024
0180008L,104.5,2023-2024
0180025E,92.8,2023-2024
0180042Y,95,2023-2024
0211909L,119.8,2023-2024
0221595P,96.5,2023-2024
0221866J,97.2,2023-2024
0250067M,83,2023-2024
0251112Y,101.1,2023-2024
0251711Z,116.3,2023-2024
0311970Y,113.2,2023-2024
0311971Z,118.4,2023-2024
0312062Y,107.4,2023-2024
0312696M,128.1,2023-2024
0330022V,126.4,2023-2024
0330115W,101.5,2023-2024
0330142A,79.9,2023-2024
0370038R,115.6,2023-2024
0380018N,105,2023-2024
0672604S,102,2023-2024
0681888H,91,2023-2024
0690029G,102.5,2023-2024
0690103M,88,2023-2024
0690109U,80.8,2023-2024
0731043M,87.2,2023-2024
0740097D,134.6,2023-2024
0753598D,161,2023-2024
0760062E,84.1,2023-2024
0760142S,85.3,2023-2024
0763079J,93.4,2023-2024
0771880A,91.4,2023-2024
0772229E,105.4,2023-2024
0772332S,114.4,2023-2024
0781974X,146.8,2023-2024
0800007Y,96.8,2023-2024
0020022N,84,2024-2025
0020025S,87.1,2024-2025
0020034B,98.2,2024-2025
0021872Z,116.7,2024-2025
0022008X,79.7,2024-2025
0031043T,87.7,2024-2025
0061852F,112.8,2024-2025
0383208F,136.9,2024-2025
0383242T,134.7,2024-2025
0400018C,109.4,2024-2025
0420976H,110.7,2024-2025
0440024M,148.2,2024-2025
0442774B,133.6,2024-2025
0490002L,122.4,2024-2025
0490910Y,97.5,2024-2025
0501941N,96.3,2024-2025
0510035L,95,2024-2025
0550072E,91.7,2024-2025
0570311D,128.7,2024-2025
0572022N,91.1,2024-2025
0572757M,111.8,2024-2025
0573491K,70.2,2024-2025
0590035T,107,2024-2025
0590168M,109,2024-2025
0593102B,128.1,2024-2025
0595787V,73,2024-2025
0750502N,127.1,2024-2025
0753815P,145.6,2024-2025
0762836V,82.9,2024-2025
0771027Y,100.8,2024-2025
0781819D,125.1,2024-2025
0790058J,112.1,2024-2025
0810103X,114.9,2024-2025
0811175M,118.2,2024-2025
0820883P,100.8,2024-2025
0911493D,85.4,2024-2025
0920918Y,147.7,2024-2025
0610006A,97.4,2024-2025
0671610L,138.2,2024-2025
0694066V,125,2024-2025
0750662M,143.3,2024-2025
0751883P,115.8,2024-2025
0753959W,149.8,2024-2025
0760076V,117,2024-2025
0760109F,96.9,2024-2025
0771237B,139.3,2024-2025
0772324H,139.8,2024-2025
0870016V,123.6,2024-2025
0870118F,109.1,2024-2025
0910687C,119.3,2024-2025
0911021R,118.7,2024-2025
0920134W,133.6,2024-2025
0951673C,93.6,2024-2025
0020034B,100.1,2023-2024
0060014H,112.2,2023-2024
0090002D,114.7,2023-2024
0132733A,93.7,2023-2024
0134155W,93.3,2023-2024
0160049S,87.3,2023-2024
0160079Z,120,2023-2024
0170031S,89.6,2023-2024
0170051N,99.4,2023-2024
0171455P,109.1,2023-2024
0190783Y,NS,2023-2024
0212015B,93.8,2023-2024
0220117H,112.4,2023-2024
0240081H,90.7,2023-2024
0241125T,98.2,2023-2024
0260037Z,85.7,2023-2024
0261505V,106.3,2023-2024
0270029K,105.7,2023-2024
0280007F,126.8,2023-2024
0281077U,104.3,2023-2024
0300109F,96.1,2023-2024
0301654K,95.4,2023-2024
0310091F,95.2,2023-2024
0311323V,101,2023-2024
0320002D,119.1,2023-2024
0320025D,97.3,2023-2024
0331460H,85.9,2023-2024
0331561T,109.8,2023-2024
0332194F,99.6,2023-2024
0351930H,115.2,2023-2024
0360008N,118,2023-2024
0370009J,111.1,2023-2024
0371532P,111.2,2023-2024
0382271M,91.1,2023-2024
0390070P,116.1,2023-2024
0400933X,119.4,2023-2024
0411071S,131.9,2023-2024
0421980Z,94,2023-2024
0440034Y,91.1,2023-2024
0442226F,130.7,2023-2024
0450750W,85.5,2023-2024
0450757D,129,2023-2024
0460010L,114,2023-2024
0470018P,102.9,2023-2024
0490003M,107.3,2023-2024
0490801E,83.5,2023-2024
0490819Z,139.9,2023-2024
0492015Z,131.6,2023-2024
0502009M,91.6,2023-2024
0510031G,119.4,2023-2024
0530778H,93.5,2023-2024
0541305A,105.6,2023-2024
0541364P,99.6,2023-2024
0570146Z,93.3,2023-2024
0573491K,66,2023-2024
0590064Z,100.6,2023-2024
0590223X,95.7,2023-2024
0590257J,79.6,2023-2024
0592976P,96.4,2023-2024
0595786U,103.5,2023-2024
0610018N,98.3,2023-2024
0620070P,97.3,2023-2024
0620189U,79.5,2023-2024
0622110G,120.6,2023-2024
0624109E,97.9,2023-2024
0630001J,99.4,2023-2024
0630022G,94,2023-2024
0630024J,84.2,2023-2024
0630054S,90.5,2023-2024
0640126P,119.4,2023-2024
0342066L,127.1,2024-2025
0381683Y,138.5,2024-2025
0400027M,104.8,2024-2025
0420033H,97.9,2024-2025
0421021G,127.6,2024-2025
0422284E,120.2,2024-2025
0450029M,98.3,2024-2025
0530013B,87.6,2024-2025
0560200N,111.7,2024-2025
0570146Z,95.5,2024-2025
0594653M,73.3,2024-2025
0930863H,144.6,2024-2025
0940143V,90.1,2024-2025
0762442S,110.3,2024-2025
0771232W,144.8,2024-2025
0021939X,101.2,2023-2024
0030072M,126.3,2023-2024
0050039R,102.3,2023-2024
0060028Y,86.4,2023-2024
0060673Z,136.6,2023-2024
0060735S,108.7,2023-2024
0070100W,99.2,2023-2024
0070112J,99.7,2023-2024
0080040A,84.5,2023-2024
0090018W,110.8,2023-2024
0100025Y,95.1,2023-2024
0130068D,78.8,2023-2024
0131441W,98.3,2023-2024
0132276D,88.4,2023-2024
0133286B,78.2,2023-2024
0133305X,107.9,2023-2024
0141164P,135.2,2023-2024
0160036C,82.6,2023-2024
0211356K,89.3,2023-2024
0240013J,110.8,2023-2024
0240021T,100.5,2023-2024
0270003G,104.4,2023-2024
0290023T,107.5,2023-2024
0290198H,108.7,2023-2024
0300077W,116.2,2023-2024
0300112J,99.1,2023-2024
0310053P,86.8,2023-2024
0311200L,110.9,2023-2024
0331488N,134.7,2023-2024
0331499A,129.8,2023-2024
0340075X,117.8,2023-2024
0342298N,125,2023-2024
0383072H,136.9,2023-2024
0410693F,104.8,2023-2024
0421736J,89.5,2023-2024
0430021P,112.4,2023-2024
0430058E,118,2023-2024
0440030U,110.5,2023-2024
0440077V,118.9,2023-2024
0440161L,149.9,2023-2024
0442899M,115.3,2023-2024
0450043C,84.7,2023-2024
0450062Y,100.6,2023-2024
0451304Y,99.9,2023-2024
0460028F,106.7,2023-2024
0490005P,83.1,2023-2024
0492430A,103.9,2023-2024
0500032N,87.4,2023-2024
0510006E,119.4,2023-2024
0510053F,92.9,2023-2024
0540058V,113.1,2023-2024
0541318P,143.8,2023-2024
0560039N,88.7,2023-2024
0561698S,110.6,2023-2024
0580042F,95.2,2023-2024
0592964B,84.6,2023-2024
0670007U,115.8,2023-2024
0671509B,102.8,2023-2024
0671639T,119.1,2023-2024
0680073K,111.5,2023-2024
0681809X,79.8,2023-2024
0690082P,124.7,2023-2024
0690631L,123.5,2023-2024
0693044J,112,2023-2024
0693518Z,133.4,2023-2024
0700011G,90.7,2023-2024
0700018P,100.3,2023-2024
0711896A,105.3,2023-2024
0730037U,105.4,2023-2024
0740031G,93.7,2023-2024
0740100G,127.8,2023-2024
0750419Y,84.9,2023-2024
0750685M,114.5,2023-2024
0753824Z,161.5,2023-2024
0754042L,129.4,2023-2024
0754530S,82.6,2023-2024
0761341V,102.4,2023-2024
0781948U,87.4,2023-2024
0801841S,118.6,2023-2024
0830025B,105.5,2023-2024
0851696G,111.8,2023-2024
0860022G,88.5,2023-2024
0920799U,131.6,2023-2024
0920889S,154.8,2023-2024
0930136T,83.6,2023-2024
0932110N,117.8,2023-2024
0951104J,111.7,2023-2024
0951788C,116.2,2023-2024
7200073S,122.7,2023-2024
9730421V,73.2,2023-2024
0010006B,92.5,2024-2025
0021476U,94,2024-2025
0050008G,92.9,2024-2025
0134101M,80.2,2024-2025
0141193W,107.3,2024-2025
0180026F,81.2,2024-2025
0190834D,97.7,2024-2025
0211074D,144.4,2024-2025
0251671F,102.7,2024-2025
0260023J,105.3,2024-2025
0312065B,116.5,2024-2025
0330010G,111,2024-2025
0332346W,92.4,2024-2025
0350793X,125,2024-2025
0352867B,128.8,2024-2025
0360002G,110.8,2024-2025
0371532P,111.1,2024-2025
0410031L,91.8,2024-2025
0420042T,97.9,2024-2025
0420958N,86.1,2024-2025
0772295B,110.4,2024-2025
0783323N,151.7,2024-2025
0801882L,96.6,2024-2025
0831616F,113.4,2024-2025
0850079Z,108.3,2024-2025
0870919B,111.7,2024-2025
0911828T,94.1,2024-2025
0930135S,79.6,2024-2025
0932291K,95.3,2024-2025
0941877E,149.8,2024-2025
0950805J,100,2024-2025
0011431A,123.6,2023-2024
0020012C,96.6,2023-2024
0020048S,102.8,2023-2024
0020052W,77.7,2023-2024
0021476U,95.3,2023-2024
0030112F,101.7,2023-2024
0031041R,103.5,2023-2024
0061987C,112,2023-2024
0062015H,136.3,2023-2024
0070107D,100.7,2023-2024
0070114L,96.4,2023-2024
0080082W,116,2023-2024
0080093H,90.9,2023-2024
0100078F,91.6,2023-2024
0120012Y,110.2,2023-2024
0121260E,105,2023-2024
0130013U,87.3,2023-2024
0131327X,88.7,2023-2024
0132810J,142.8,2023-2024
0133288D,103.3,2023-2024
0134253C,125.8,2023-2024
0150047V,116.7,2023-2024
0160020K,106.7,2023-2024
0160022M,97.6,2023-2024
0170027M,117.9,2023-2024
0180036S,97.5,2023-2024
0220023F,125.4,2023-2024
0220027K,93.6,2023-2024
0221571N,106.9,2023-2024
0240092V,107.1,2023-2024
0260008T,126.5,2023-2024
0270026G,102,2023-2024
0271053Y,138.3,2023-2024
0280009H,86.3,2023-2024
0280687V,94,2023-2024
0290069T,124.2,2023-2024
0290092T,92.4,2023-2024
0290336H,131.9,2023-2024
0300047N,113.5,2023-2024
0301722J,123,2023-2024
0312063Z,104.9,2023-2024
0312754A,128.1,2023-2024
0320023B,107.2,2023-2024
0330003Z,118.8,2023-2024
0330119A,93.9,2023-2024
0331503E,143.8,2023-2024
0332345V,90.7,2023-2024
0332495H,116.6,2023-2024
0332832Z,104.8,2023-2024
0380033E,112.8,2023-2024
0382099A,92.5,2023-2024
0480688M,107.5,2023-2024
0490013Y,90.2,2023-2024
0750672Y,139.6,2023-2024
0790007D,105.7,2023-2024
0790029C,110.6,2023-2024
0810030T,127.6,2023-2024
0810995S,92.2,2023-2024
0840017M,102.3,2023-2024
0840082H,104,2023-2024
0841158C,104.8,2023-2024
0870056N,117.9,2023-2024
0911021R,118.3,2023-2024
0920163C,95.2,2023-2024
0920164D,89.1,2023-2024
0930133P,79.2,2023-2024
0931585T,106.3,2023-2024
0932074Z,78.6,2023-2024
0942130E,94.9,2023-2024
0951766D,77.4,2023-2024
0530016E,110.9,2023-2024
0530073S,93.8,2023-2024
0530904V,108.2,2023-2024
0540061Y,81.4,2023-2024
0540082W,85.2,2023-2024
0541320S,113.8,2023-2024
0560051B,121.5,2023-2024
0570087K,96.3,2023-2024
0572075W,74,2023-2024
0572590F,88.6,2023-2024
0590005K,73,2023-2024
0590083V,84.8,2023-2024
0590102R,82.9,2023-2024
0590149S,91.8,2023-2024
0595657D,114.1,2023-2024
0601824G,108.8,2023-2024
0631985R,105,2023-2024
0640011P,106.8,2023-2024
0650874X,94.8,2023-2024
0660931D,132.8,2023-2024
0690093B,78.7,2023-2024
0750502N,128.4,2023-2024
0750704H,138.6,2023-2024
0753647G,155.2,2023-2024
0950651S,116.3,2023-2024
9710991A,86.8,2023-2024
9740015Y,71.6,2023-2024
9760163Y,63.8,2023-2024
0010020S,97,2024-2025
0060013G,96.4,2024-2025
0220071H,98.5,2024-2025
0260034W,119.3,2024-2025
0260074P,118.2,2024-2025
0271585B,95.6,2024-2025
0280689X,121.3,2024-2025
0290160S,120.1,2024-2025
0290170C,126,2024-2025
0300028T,90.9,2024-2025
0301722J,123.8,2024-2025
0310033T,87.3,2024-2025
0310091F,95,2024-2025
0312408Z,137,2024-2025
0333406Y,127.9,2024-2025
0382838D,108.9,2024-2025
0610019P,86.5,2024-2025
0610026X,96.8,2024-2025
0610724F,105.2,2024-2025
0650041S,95.3,2024-2025
0670024M,86.8,2024-2025
0670087F,108.7,2024-2025
0680001G,105.9,2024-2025
0680154Y,102.8,2024-2025
0711896A,105.1,2024-2025
0755709Y,148,2024-2025
0760056Y,104,2024-2025
0010006B,93.7,2023-2024
0061635V,90.5,2023-2024
0520692V,93.1,2023-2024
0530949U,97.8,2023-2024
0620108F,87.3,2023-2024
0630068G,105,2023-2024
0640125N,124.6,2023-2024
0641779L,111.8,2023-2024
0670067J,81,2023-2024
0680060W,117.6,2023-2024
0690540M,152.6,2023-2024
0693406C,114.2,2023-2024
0693769X,114.6,2023-2024
0700038L,85.7,2023-2024
0710048S,99.2,2023-2024
0731040J,130.8,2023-2024
0740098E,114.4,2023-2024
0740144E,107.8,2023-2024
0750684L,118.2,2023-2024
0750689S,123.4,2023-2024
0750712S,105.3,2023-2024
0750715V,119.6,2023-2024
0750778N,89.8,2023-2024
0753898E,139.4,2023-2024
0760030V,101.1,2023-2024
0760146W,83.6,2023-2024
0762602R,80.2,2023-2024
0770942F,98.3,2023-2024
0771237B,132.6,2023-2024
0772294A,111,2023-2024
0781845G,119.9,2023-2024
0783140P,122.2,2023-2024
0783283V,157.9,2023-2024
0783657B,157.4,2023-2024
0790024X,121.4,2023-2024
0800062H,74.7,2023-2024
0801209E,128.6,2023-2024
0801949J,106.3,2023-2024
0810095N,109.7,2023-2024
0820004J,90.5,2023-2024
0830015R,103.4,2023-2024
0830032J,105.4,2023-2024
0840940R,118.6,2023-2024
0841078R,80.7,2023-2024
0850027T,101.8,2023-2024
0870118F,109.3,2023-2024
0912342B,146.2,2023-2024
0921663H,152.4,2023-2024
0930128J,78.7,2023-2024
0931813R,137.5,2023-2024
0940116R,119.7,2023-2024
0940137N,100.5,2023-2024
0940891H,140.2,2023-2024
0942376X,120.6,2023-2024
0950761L,145.8,2023-2024
6200001G,113.2,2023-2024
9710882G,101.8,2023-2024
9711252J,94.5,2023-2024
9720694X,102.5,2023-2024
0050004C,116.3,2024-2025
0060033D,104.6,2024-2025
0061884R,127.9,2024-2025
0080018B,93.3,2024-2025
0090003E,88.6,2024-2025
0090006H,90.4,2024-2025
0100078F,93.6,2024-2025
0120051R,113.7,2024-2025
0120061B,111.8,2024-2025
0131347U,131.4,2024-2025
0131424C,103.6,2024-2025
0131484T,99.4,2024-2025
0133334D,114.8,2024-2025
0141555P,110.1,2024-2025
0170029P,119.5,2024-2025
0171418Z,112.5,2024-2025
0180024D,105.5,2024-2025
0220083W,98.2,2024-2025
0230003D,91.4,2024-2025
0261277X,100.3,2024-2025
0290130J,99.9,2024-2025
0301210C,85.5,2024-2025
0311133N,152.2,2024-2025
0340042L,106.6,2024-2025
0341736C,103.9,2024-2025
0350026N,129.5,2024-2025
0352072M,127.3,2024-2025
0370881G,127.8,2024-2025
0381599G,90.7,2024-2025
0382270L,130.7,2024-2025
0400007R,110.1,2024-2025
0400020E,88,2024-2025
0440178E,126.8,2024-2025
0440254M,114.6,2024-2025
0440315D,89.6,2024-2025
0460529A,103,2024-2025
0492224B,92.2,2024-2025
0540032S,80.6,2024-2025
0541309E,109.5,2024-2025
0560070X,93.3,2024-2025
0570279U,90.8,2024-2025
0573326F,101.9,2024-2025
0594391C,125.8,2024-2025
0594400M,78.3,2024-2025
0600021X,82.4,2024-2025
0601826J,120.7,2024-2025
0610700E,126.7,2024-2025
0620162P,80,2024-2025
0620221D,80.3,2024-2025
0631075B,132.3,2024-2025
0650038N,107.4,2024-2025
0672615D,107.5,2024-2025
0680060W,120,2024-2025
0680066C,103.8,2024-2025
0690104N,85,2024-2025
0690552A,140.3,2024-2025
0710001R,109.5,2024-2025
0711322B,84.9,2024-2025
0740100G,131.4,2024-2025
0754086J,117.4,2024-2025
0772276F,100.6,2024-2025
0790007D,104.8,2024-2025
0801948H,112.6,2024-2025
0840015K,104.5,2024-2025
0870019Y,97.4,2024-2025
0910843X,140.5,2024-2025
0920138A,124.1,2024-2025
0920906K,152.3,2024-2025
0920908M,158.1,2024-2025
0922464D,89.4,2024-2025
0930138V,77.8,2024-2025
0931739K,82,2024-2025
9740020D,72.6,2024-2025
9740479C,71.1,2024-2025
9741182S,94.7,2024-2025
0030061A,87.6,2023-2024
0060668U,142.2,2023-2024
0130003H,120.6,2023-2024
0131675A,100.5,2023-2024
0133425C,112,2023-2024
0190083M,107.3,2023-2024
0211091X,111.2,2023-2024
0240094X,94.3,2023-2024
0260035X,119.4,2023-2024
0280689X,113.2,2023-2024
0290030A,112.1,2023-2024
0290207T,96.6,2023-2024
0292137R,131.7,2023-2024
0300106C,94.2,2023-2024
0312579K,118.9,2023-2024
0312746S,123.9,2023-2024
0330126H,111.1,2023-2024
0332192D,108.2,2023-2024
0332744D,99,2023-2024
0332831Y,134.1,2023-2024
0340005W,110.1,2023-2024
0350709F,88.5,2023-2024
0573366Z,108.1,2023-2024
0590071G,106.6,2023-2024
0590221V,109.7,2023-2024
0600013N,110.1,2023-2024
0622116N,140,2023-2024
0630021F,109.6,2023-2024
0850016F,99.7,2023-2024
0870097H,93.4,2023-2024
0932031C,96.6,2023-2024
0932118X,79.2,2023-2024
0941951K,94.6,2023-2024
0950947N,80.7,2023-2024
9710062R,113.2,2023-2024
9710923B,115.6,2023-2024
9720424D,86.6,2023-2024
9741233X,67.1,2023-2024
9741620T,95.7,2023-2024
0020048S,103.8,2024-2025
0130040Y,130,2024-2025
0130151U,81.7,2024-2025
0150006A,106.3,2024-2025
0160036C,82.8,2024-2025
0170051N,100,2024-2025
0190027B,92,2024-2025
0230008J,88.5,2024-2025
0240076C,121,2024-2025
0250010A,109.6,2024-2025
0260006R,118.4,2024-2025
0290108K,95.6,2024-2025
0290181P,113.2,2024-2025
0290338K,139.7,2024-2025
0291633T,93.5,2024-2025
0310054R,95.4,2024-2025
0310056T,97.3,2024-2025
0311146C,144.7,2024-2025
0311177L,118.3,2024-2025
0330032F,90,2024-2025
0330115W,100.9,2024-2025
0330135T,114.9,2024-2025
0332724G,122.7,2024-2025
0340023R,112,2024-2025
0370037P,110.7,2024-2025
0370053G,95.3,2024-2025
0380029A,122.7,2024-2025
0420077F,81.8,2024-2025
0420973E,119,2024-2025
0421034W,118.3,2024-2025
0441550W,94.4,2024-2025
0510037N,82.1,2024-2025
0541370W,102.6,2024-2025
0542208G,114.7,2024-2025
0601787S,90,2024-2025
0620093P,97.4,2024-2025
0620189U,81.7,2024-2025
0622114L,123.9,2024-2025
0623981R,102.3,2024-2025
0630021F,109.5,2024-2025
0640028H,89.1,2024-2025
0670002N,114.4,2024-2025
0670085D,96.9,2024-2025
0680037W,72.8,2024-2025
0680041A,84.6,2024-2025
0810068J,129.3,2024-2025
0850130E,116.5,2024-2025
0900355X,87.5,2024-2025
0910623H,100.2,2024-2025
0932221J,86.2,2024-2025
0941974K,116.1,2024-2025
0951090U,78.1,2024-2025
0011326L,126.1,2023-2024
0020088K,81.4,2023-2024
0020051V,101.6,2023-2024
0040027H,109,2023-2024
0060038J,77.8,2023-2024
0061760F,118.6,2023-2024
0062089N,100.7,2023-2024
0080010T,78.3,2023-2024
0120022J,120.4,2023-2024
0680149T,124.1,2023-2024
0750702F,140.3,2023-2024
0760095R,103.5,2023-2024
0760110G,103.3,2023-2024
0772277G,101.2,2023-2024
0772324H,139,2023-2024
0781951X,107.4,2023-2024
0830095C,138.9,2023-2024
0850032Y,114.7,2023-2024
0860038Z,106.6,2023-2024
0880020U,114.2,2023-2024
0900355X,86.5,2023-2024
0910756C,86.4,2023-2024
0911346U,106.3,2023-2024
0911937L,102.4,2023-2024
0920141D,97.8,2023-2024
0922801V,120.9,2023-2024
0930961P,124.3,2023-2024
0932129J,76.3,2023-2024
0940121W,131.3,2023-2024
9710746J,80,2023-2024
9730513V,69.4,2023-2024
9740019C,94.5,2023-2024
9740787M,81.5,2023-2024
0010070W,131.6,2024-2025
0011258M,109.7,2024-2025
0011457D,107.8,2024-2025
0020031Y,96,2024-2025
0031082K,96.1,2024-2025
0040011R,92.1,2024-2025
0060082G,90.7,2024-2025
0070031W,94,2024-2025
0080028M,78.3,2024-2025
0120012Y,108.7,2024-2025
0120022J,121.3,2024-2025
0130013U,87.1,2024-2025
0130171R,78.9,2024-2025
0131348V,123.8,2024-2025
0131675A,101.8,2024-2025
0132495S,106.4,2024-2025
0133555U,130.8,2024-2025
0134252B,116.8,2024-2025
0140056K,110.2,2024-2025
0140061R,113.4,2024-2025
0141172Y,130.5,2024-2025
0141191U,103.6,2024-2025
0141418R,107,2024-2025
0141796B,113.4,2024-2025
0160002R,117,2024-2025
0160004T,115.3,2024-2025
0171428K,109.7,2024-2025
0180823X,91.1,2024-2025
0190701J,90.6,2024-2025
0220111B,124.8,2024-2025
0230002C,109.3,2024-2025
0240005A,105.7,2024-2025
0260037Z,85.5,2024-2025
0260069J,128.8,2024-2025
0260113G,98.6,2024-2025
0271081D,101.8,2024-2025
0290177K,120.6,2024-2025
0290194D,109.6,2024-2025
0300002P,95.4,2024-2025
0310028M,119.3,2024-2025
0310041B,139.2,2024-2025
0311134P,144.6,2024-2025
0311147D,136,2024-2025
0311902Z,113.5,2024-2025
0320051G,124.5,2024-2025
0330011H,87.9,2024-2025
0330076D,93.1,2024-2025
0330119A,96.3,2024-2025
0332835C,109.3,2024-2025
0340043M,85.2,2024-2025
0350062C,89.1,2024-2025
0350795Z,118.9,2024-2025
0381803D,136.7,2024-2025
0391001B,92.5,2024-2025
0420018S,115.7,2024-2025
0440163N,145,2024-2025
0442775C,120.5,2024-2025
0490903R,102.1,2024-2025
0690521S,145,2024-2025
0700905D,109,2024-2025
0750668U,125.8,2024-2025
0750697A,87,2024-2025
0763002A,88.3,2024-2025
0772294A,111.9,2024-2025
0781861Z,148,2024-2025
0781983G,92.2,2024-2025
0782567S,124.7,2024-2025
0810959C,107.9,2024-2025
0870051H,88.9,2024-2025
0881651S,81,2024-2025
0920875B,155.4,2024-2025
0920897A,156.6,2024-2025
0920937U,143.8,2024-2025
0930129K,81.1,2024-2025
0930130L,83.1,2024-2025
0010070W,132.1,2023-2024
0010814E,112.7,2023-2024
0011457D,108.9,2023-2024
0020025S,86.5,2023-2024
0020059D,98.3,2023-2024
0021871Y,114.5,2023-2024
0030038A,95.7,2023-2024
0040011R,89.9,2023-2024
0060773H,133.3,2023-2024
0070003R,107.3,2023-2024
0071126L,115.3,2023-2024
0080008R,101.9,2023-2024
0120037A,92.7,2023-2024
0130051K,88.7,2023-2024
0130058T,77.4,2023-2024
0131345S,135.5,2023-2024
0141796B,111.6,2023-2024
0180571Y,99.4,2023-2024
0190010H,114.5,2023-2024
0190834D,104,2023-2024
0210018F,101.1,2023-2024
0210019G,99.6,2023-2024
0210032W,113.2,2023-2024
0220056S,112.7,2023-2024
0220060W,118,2023-2024
0220122N,105,2023-2024
0220196U,103.7,2023-2024
0240005A,105.9,2023-2024
0260082Y,105,2023-2024
0270044B,110.5,2023-2024
0271431J,111.1,2023-2024
0290010D,120.9,2023-2024
0290044R,113.6,2023-2024
0290098Z,113.9,2023-2024
0290160S,121.7,2023-2024
0290184T,105.9,2023-2024
0290338K,140.7,2023-2024
0300127A,111.3,2023-2024
0300950V,102.3,2023-2024
0310017A,102.8,2023-2024
0310038Y,127.7,2023-2024
0311586F,109.4,2023-2024
0331498Z,126.7,2023-2024
0331506H,122.5,2023-2024
0340991T,136.5,2023-2024
0342066L,124.1,2023-2024
0350801F,142,2023-2024
0360003H,86.6,2023-2024
0360505D,110.5,2023-2024
0370053G,92.7,2023-2024
0380014J,102.1,2023-2024
0380027Y,143.8,2023-2024
0381758E,116.8,2023-2024
0382780R,118.6,2023-2024
0382893N,96.2,2023-2024
0382920T,105.2,2023-2024
0390786T,89.7,2023-2024
0420013L,93.1,2023-2024
0420033H,98,2023-2024
0420998G,106.9,2023-2024
0421023J,122.1,2023-2024
0421489R,85,2023-2024
0440001M,106.2,2023-2024
0440036A,90.9,2023-2024
0500127S,106.1,2023-2024
0511430C,80.5,2023-2024
0530012A,103.2,2023-2024
0540039Z,125.6,2023-2024
0541357G,93.7,2023-2024
0550026E,82.9,2023-2024
0562029B,105.5,2023-2024
0570051W,73.9,2023-2024
0572341K,133.5,2023-2024
0580050P,85.2,2023-2024
0590060V,88.6,2023-2024
0590098L,71.5,2023-2024
0590121L,97.2,2023-2024
0590187H,71.2,2023-2024
0590282L,84.8,2023-2024
0592929N,114.9,2023-2024
0593030Y,99.2,2023-2024
0593113N,125.1,2023-2024
0593114P,152.1,2023-2024
0600063T,81.4,2023-2024
0601470X,88.1,2023-2024
0601897L,79.1,2023-2024
0601947R,114.1,2023-2024
0610021S,93.6,2023-2024
0610702G,109.1,2023-2024
0620042J,99.8,2023-2024
0620113L,95.6,2023-2024
0622196A,124.1,2023-2024
0624141P,99.9,2023-2024
0630061Z,88.1,2023-2024
0630077S,93.7,2023-2024
0640052J,115.2,2023-2024
0640179X,93.1,2023-2024
0640189H,100.5,2023-2024
0641664L,101.9,2023-2024
0650028C,89.1,2023-2024
0660014G,96.2,2023-2024
0670002N,116.2,2023-2024
0670080Y,126,2023-2024
0671552Y,149.5,2023-2024
0681839E,91.6,2023-2024
0681917P,106.5,2023-2024
0690028F,132.1,2023-2024
0690132U,95.5,2023-2024
0711137A,101,2023-2024
0721549T,110.6,2023-2024
0730006K,90.4,2023-2024
0741476C,102.1,2023-2024
0750667T,134.5,2023-2024
0750681H,136.9,2023-2024
0750703G,131.1,2023-2024
0750793E,83.9,2023-2024
0753217P,121,2023-2024
0753946G,156.4,2023-2024
0760056Y,102.7,2023-2024
0761343X,117,2023-2024
0762765T,83.6,2023-2024
0762880T,103.3,2023-2024
0771512A,114.2,2023-2024
0771658J,99.4,2023-2024
0780515L,126.3,2023-2024
0783297K,151.3,2023-2024
0790038M,79.1,2023-2024
0800063J,81.4,2023-2024
0801327H,109.1,2023-2024
0801945E,107.1,2023-2024
0810108C,98.7,2023-2024
0820899G,95.7,2023-2024
0831242Z,101.6,2023-2024
0831354W,92.2,2023-2024
0831559U,113.9,2023-2024
0840046U,80.8,2023-2024
0840075A,126.7,2023-2024
0850142T,112.2,2023-2024
0860823C,89.5,2023-2024
0870004G,87.3,2023-2024
0870748R,90.7,2023-2024
0880153N,108.1,2023-2024
0881370L,76.8,2023-2024
0900019G,76.7,2023-2024
0910826D,137,2023-2024
0920158X,91.4,2023-2024
0922653J,124.9,2023-2024
0931198X,82.1,2023-2024
0931464L,149.9,2023-2024
0931799A,126.2,2023-2024
0940120V,137.7,2023-2024
0940821G,126.6,2023-2024
0941918Z,117.7,2023-2024
0950709E,78.3,2023-2024
0951673C,95,2023-2024
0952284S,123.8,2023-2024
9740910W,71,2023-2024
9741380G,94.8,2023-2024
9760182U,75.5,2023-2024
9760370Y,70.7,2023-2024
0010021T,88.3,2024-2025
0011326L,125.8,2024-2025
0020032Z,102.2,2024-2025
0070071P,122,2024-2025
0070107D,106.3,2024-2025
0090015T,107.4,2024-2025
0170103V,116.6,2024-2025
0180042Y,95.8,2024-2025
0211033J,125.1,2024-2025
0261139X,110.7,2024-2025
0300109F,94.3,2024-2025
0312995M,116.4,2024-2025
0342410K,NS,2024-2025
0350774B,117.1,2024-2025
0350776D,141.9,2024-2025
0350790U,100.9,2024-2025
0360693H,120.7,2024-2025
0370009J,112.2,2024-2025
0380034F,95.4,2024-2025
0380035G,110.9,2024-2025
0380036H,86.3,2024-2025
0391092A,105.6,2024-2025
0400047J,85.1,2024-2025
0400916D,95.8,2024-2025
0422132P,114.1,2024-2025
0430055B,121.2,2024-2025
0470063N,112.2,2024-2025
0550983V,95,2024-2025
0572027U,93.2,2024-2025
0593113N,116.3,2024-2025
0593138R,128.8,2024-2025
0593495D,79.6,2024-2025
0594278E,114.7,2024-2025
0610702G,116.4,2024-2025
0622110G,122.3,2024-2025
0640026F,88.9,2024-2025
0640044A,112.1,2024-2025
0640124M,107.7,2024-2025
0640184C,105.2,2024-2025
0680007N,119.4,2024-2025
0680034T,99.1,2024-2025
0690043X,83.9,2024-2025
0690074F,103.1,2024-2025
0690536H,136.2,2024-2025
0690671E,135.7,2024-2025
0690697H,116.1,2024-2025
0730774V,109.1,2024-2025
0730776X,106,2024-2025
0752846L,85.5,2024-2025
0760036B,86.5,2024-2025
0782100J,125.1,2024-2025
0791062A,113.5,2024-2025
0810023K,118.4,2024-2025
0820004J,91.5,2024-2025
0831559U,114.3,2024-2025
0860021F,101.8,2024-2025
0870056N,119.2,2024-2025
0870730W,87.8,2024-2025
0911632E,122.9,2024-2025
0941930M,90.8,2024-2025
0942269F,97.3,2024-2025
0010034G,82.5,2023-2024
0030105Y,92.7,2023-2024
0060043P,83.3,2023-2024
0062147B,132.4,2023-2024
0081047V,98.2,2023-2024
0120031U,111.9,2023-2024
0132472S,115.6,2023-2024
0132922F,106.5,2023-2024
0133822J,138.4,2023-2024
0140019V,85.2,2023-2024
0140061R,112.2,2023-2024
0141161L,141.4,2023-2024
0360005K,99.5,2023-2024
0370016S,107.6,2023-2024
0370757X,110.2,2023-2024
0380063M,107.6,2023-2024
0380091T,118.6,2023-2024
0390033Z,107.6,2023-2024
0390091M,95,2023-2024
0400002K,102.8,2023-2024
0400018C,111.1,2023-2024
0420043U,104.8,2023-2024
0420985T,109.8,2023-2024
0420992A,91.1,2023-2024
0421606T,81.6,2023-2024
0430968U,117.5,2023-2024
0440063E,89.2,2023-2024
0440151A,112.9,2023-2024
0451037H,82.9,2023-2024
0451067R,85,2023-2024
0480680D,111.3,2023-2024
0490840X,103,2023-2024
0492420P,117.3,2023-2024
0500087Y,96.7,2023-2024
0511926S,120.9,2023-2024
0520032C,83.8,2023-2024
0540066D,111.1,2023-2024
0550049E,113.8,2023-2024
0560114V,134.9,2023-2024
0570108H,90,2023-2024
0570279U,87.7,2023-2024
0590086Y,126.7,2023-2024
0590258K,101.9,2023-2024
0592922F,138.5,2023-2024
0593058D,94.4,2023-2024
0593139S,120.2,2023-2024
0595616J,90.1,2023-2024
0595885B,100.7,2023-2024
0601149Y,141.6,2023-2024
0601831P,116.9,2023-2024
0601946P,109.4,2023-2024
0610692W,115.7,2023-2024
0620059C,82.5,2023-2024
0640066Z,93.7,2023-2024
0650014M,96.3,2023-2024
0660924W,101.7,2023-2024
0350807M,110.3,2024-2025
0440177D,135.3,2024-2025
0451067R,84,2024-2025
0451304Y,100.9,2024-2025
0490801E,84.2,2024-2025
0561627P,118.6,2024-2025
0570030Y,71.8,2024-2025
0597005U,99.4,2024-2025
0601832R,109.3,2024-2025
0620030W,82.6,2024-2025
0750669V,128.6,2024-2025
0750778N,87.3,2024-2025
0760174B,95.6,2024-2025
0762879S,101.2,2024-2025
0770924L,101.5,2024-2025
0783351U,152.3,2024-2025
0831440P,101.7,2024-2025
0880099E,118.4,2024-2025
0911937L,102,2024-2025
0912384X,140.3,2024-2025
0920137Z,95.7,2024-2025
0920166F,91,2024-2025
0921365J,156.8,2024-2025
0940585A,112.2,2024-2025
0950645K,111.9,2024-2025
0890053Z,92.7,2024-2025
0911938M,128.5,2024-2025
0912342B,141.7,2024-2025
0930122C,96.4,2024-2025
0930136T,83.8,2024-2025
0930846P,80.6,2024-2025
0931233K,82.7,2024-2025
0932118X,81,2024-2025
0940126B,92.6,2024-2025
0941355M,86.7,2024-2025
0941975L,85.8,2024-2025
0950641F,88.1,2024-2025
0950786N,114.4,2024-2025
0951788C,115.4,2024-2025
0951974E,119.3,2024-2025
6200002H,113.9,2024-2025
6200650M,116.5,2024-2025
9710067W,90.3,2024-2025
9711012Y,89.7,2024-2025
9720430K,83.8,2024-2025
9730572J,71.2,2024-2025
9741380G,96.4,2024-2025
9760127J,74.9,2024-2025
9760163Y,63.8,2024-2025
0080048J,75.2,2023-2024
0090036R,124.4,2023-2024
0100016N,84.7,2023-2024
0120059Z,112.2,2023-2024
0120061B,111.9,2023-2024
0130071G,73.5,2023-2024
0131433M,82.4,2023-2024
0133195C,96.6,2023-2024
0133446A,115,2023-2024
0170029P,118.5,2023-2024
0180572Z,98.6,2023-2024
0190032G,114.3,2023-2024
0320067Z,112.4,2023-2024
0331501C,133.6,2023-2024
0332745E,121.8,2023-2024
0340006X,92.1,2023-2024
0350059Z,86.8,2023-2024
0350710G,138.2,2023-2024
0420034J,111.8,2023-2024
0430101B,101.8,2023-2024
0440012Z,128.4,2023-2024
0500116E,118,2023-2024
0500132X,103.4,2023-2024
0560001X,109.6,2023-2024
0580076T,101.4,2023-2024
0590249A,80.4,2023-2024
0590252D,84.2,2023-2024
0592921E,101.4,2023-2024
0593109J,139.1,2023-2024
0595809U,102.1,2023-2024
0595856V,77.6,2023-2024
0600004D,87.5,2023-2024
0160862A,88.1,2024-2025
0180571Y,100.2,2024-2025
0220107X,103.7,2024-2025
0240021T,101,2024-2025
0251711Z,115.5,2024-2025
0261148G,100.1,2024-2025
0270042Z,109,2024-2025
0271581X,85.7,2024-2025
0281077U,105.6,2024-2025
0290030A,110.6,2024-2025
0290171D,129.5,2024-2025
0290198H,108.3,2024-2025
0300041G,93.5,2024-2025
0320036R,128.1,2024-2025
0330027A,114.1,2024-2025
0341915X,138.6,2024-2025
0350059Z,85.7,2024-2025
0351878B,87,2024-2025
0370040T,94,2024-2025
0370888P,100,2024-2025
0371100V,90,2024-2025
0380010E,93.4,2024-2025
0382863F,140.5,2024-2025
0390021L,86.7,2024-2025
0391131T,117,2024-2025
0420021V,92.3,2024-2025
0420987V,111.9,2024-2025
0440001M,106.5,2024-2025
0441992B,118.4,2024-2025
0460026D,111.2,2024-2025
0511565Z,100.6,2024-2025
0570077Z,78.6,2024-2025
0590042A,80.7,2024-2025
0590144L,85.6,2024-2025
0602070Z,139,2024-2025
0622211S,97.5,2024-2025
0921592F,93.4,2024-2025
0341794R,118.1,2023-2024
0350787R,136.4,2023-2024
0420008F,108.2,2023-2024
0420040R,102.1,2023-2024
0420041S,103.2,2023-2024
0421742R,95.7,2023-2024
0450042B,104.7,2023-2024
0710045N,105.9,2023-2024
0711729U,102.6,2023-2024
0720055U,109.6,2023-2024
0731392S,120.4,2023-2024
0740143D,112.8,2023-2024
0741418P,112.9,2023-2024
0750588G,85.5,2023-2024
0750612H,136.6,2023-2024
0752845K,94,2023-2024
0754965P,130.1,2023-2024
0761713Z,128.5,2023-2024
0770931U,106.9,2023-2024
0830099G,137.4,2023-2024
0840113S,80.3,2023-2024
0851504Y,114.9,2023-2024
0870016V,125.6,2023-2024
0880099E,110.3,2023-2024
0921166T,104.6,2023-2024
0930929E,116.7,2023-2024
0932122B,77.3,2023-2024
0941474S,91.9,2023-2024
0941943B,122,2023-2024
0941972H,89,2023-2024
0952196W,111.6,2023-2024
6200002H,113.6,2023-2024
7200719U,100.6,2023-2024
9710090W,78.6,2023-2024
9720005Y,85.8,2023-2024
0330022V,127,2024-2025
0330102G,84.3,2024-2025
0340039H,115,2024-2025
0340871M,133.9,2024-2025
0380083J,106.2,2024-2025
0381666E,141.4,2024-2025
0590073J,111.7,2024-2025
0592913W,134.6,2024-2025
0592980U,93.4,2024-2025
0596925G,130.8,2024-2025
0600001A,110.1,2024-2025
0601363F,93.2,2024-2025
0623377J,76.9,2024-2025
0631050Z,103.4,2024-2025
0640013S,92.9,2024-2025
0670071N,116.5,2024-2025
0690564N,148.9,2024-2025
0690574Z,142.8,2024-2025
0691723Y,98.6,2024-2025
0693566B,89.6,2024-2025
0701001H,87.5,2024-2025
0711249X,124.3,2024-2025
0750676C,103.1,2024-2025
0750784V,121.4,2024-2025
0752961L,90.2,2024-2025
0754089M,107.6,2024-2025
0754239A,109.3,2024-2025
0781950W,101,2024-2025
0782132U,142,2024-2025
0782568T,143.7,2024-2025
0782602E,96.9,2024-2025
0783286Y,157.5,2024-2025
0790029C,111.5,2024-2025
0810075S,121.7,2024-2025
0840082H,104.2,2024-2025
0850068M,103.7,2024-2025
0850142T,112.7,2024-2025
0860789R,105.5,2024-2025
0890032B,98.7,2024-2025
0910755B,86.3,2024-2025
0910808J,132.2,2024-2025
0911254U,85.8,2024-2025
0911962N,112.4,2024-2025
0920921B,160.7,2024-2025
0920985W,147,2024-2025
0940743X,97.1,2024-2025
0942376X,117.8,2024-2025
0950646L,89.2,2024-2025
0951399E,108.5,2024-2025
0951618T,93,2024-2025
0952208J,132.6,2024-2025
7200011Z,89.9,2024-2025
9711046K,87.5,2024-2025
9720350Y,105,2024-2025
9720615L,116.4,2024-2025
9730094P,73.4,2024-2025
9760125G,61.9,2024-2025
0021874B,117.7,2023-2024
0050007F,116.9,2023-2024
0670057Y,108.1,2023-2024
0680161F,86,2023-2024
0690652J,104.3,2023-2024
0692517L,90.4,2023-2024
0710010A,102.5,2023-2024
0710026T,98.1,2023-2024
0710080B,87.1,2023-2024
0720030S,121.3,2023-2024
0730759D,119,2023-2024
0740006E,125.2,2023-2024
0740017S,97.1,2023-2024
0740027C,113.9,2023-2024
0750686N,128.7,2023-2024
0750711R,103.7,2023-2024
0750802P,86.6,2023-2024
0753231E,123.5,2023-2024
0753815P,138.3,2023-2024
0753948J,147.5,2023-2024
0760090K,141.3,2023-2024
0761719F,110.9,2023-2024
0761735Y,103.5,2023-2024
0771663P,94.1,2023-2024
0771997C,93.5,2023-2024
0783323N,150.6,2023-2024
0783835V,148.2,2023-2024
0790080H,102,2023-2024
0801874C,129.3,2023-2024
0810079W,106.8,2023-2024
0810103X,112.2,2023-2024
0830053G,110.3,2023-2024
0840004Y,93.5,2023-2024
0850079Z,107.5,2023-2024
0850135K,104.8,2023-2024
0850136L,111.4,2023-2024
0860035W,124.9,2023-2024
0861113T,85.5,2023-2024
0875023M,93.6,2023-2024
0880013L,89.7,2023-2024
0911492C,107.4,2023-2024
0912251C,104.5,2023-2024
0920130S,132.9,2023-2024
0920904H,154.1,2023-2024
0921399W,106.3,2023-2024
0921595J,83.4,2023-2024
0930126G,90.2,2023-2024
0930135S,79.4,2023-2024
0930965U,134.9,2023-2024
0931565W,108,2023-2024
0931613Y,78.7,2023-2024
0940580V,107.3,2023-2024
0940885B,119.7,2023-2024
0941724N,129.7,2023-2024
0950648N,119,2023-2024
0950657Y,90.9,2023-2024
0951399E,106.5,2023-2024
0952208J,129.6,2023-2024
9710940V,103.5,2023-2024
9730003R,77.4,2023-2024
9741270M,90.2,2023-2024
9760125G,62.4,2023-2024
0020059D,99.6,2024-2025
0020088K,82.1,2024-2025
0030935A,99,2024-2025
0050027C,96.7,2024-2025
0060001U,105.1,2024-2025
0080082W,116.8,2024-2025
0100022V,107.5,2024-2025
0101015Z,107.3,2024-2025
0110022P,110.6,2024-2025
0120006S,102.7,2024-2025
0120105Z,100,2024-2025
0121260E,102.2,2024-2025
0130010R,91.8,2024-2025
0130037V,90.3,2024-2025
0130062X,82.8,2024-2025
0130143K,101.6,2024-2025
0131360H,141.3,2024-2025
0131485U,102.8,2024-2025
0132974M,108.3,2024-2025
0133305X,111.3,2024-2025
0134004G,126.7,2024-2025
0141169V,124.4,2024-2025
0141867D,109.5,2024-2025
0150022T,108.2,2024-2025
0150747F,110.7,2024-2025
0210032W,113.4,2024-2025
0211356K,90.8,2024-2025
0220099N,116.3,2024-2025
0240006B,90.2,2024-2025
0260044G,86.9,2024-2025
0270016W,104,2024-2025
0290078C,94.9,2024-2025
0290164W,120.5,2024-2025
0292144Y,107.8,2024-2025
0310038Y,127.4,2024-2025
0310052N,86.2,2024-2025
0311586F,112.2,2024-2025
0320025D,99.9,2024-2025
0331591A,124.8,2024-2025
0332747G,89.3,2024-2025
0340009A,99.2,2024-2025
0340011C,92.8,2024-2025
0340028W,102,2024-2025
0352235P,118.3,2024-2025
0371418R,126.7,2024-2025
0400933X,120,2024-2025
0401002X,106.8,2024-2025
0421742R,96.5,2024-2025
0450107X,107.2,2024-2025
0501787W,98.8,2024-2025
0510031G,120.5,2024-2025
0511149X,101,2024-2025
0540042C,120.8,2024-2025
0562029B,105.8,2024-2025
0590270Y,79.1,2024-2025
0596892W,95.7,2024-2025
0610692W,117.1,2024-2025
0630052P,121.3,2024-2025
0670078W,91.6,2024-2025
0690027E,129.7,2024-2025
0691626T,99.3,2024-2025
0693095P,78.5,2024-2025
0700038L,87.9,2024-2025
0740155S,94.6,2024-2025
0741164N,86.4,2024-2025
0741469V,113.7,2024-2025
0741532N,117,2024-2025
0750658H,148,2024-2025
0750663N,139.3,2024-2025
0750692V,103.2,2024-2025
0750699C,138.8,2024-2025
0752608C,85.2,2024-2025
0754860A,149.5,2024-2025
0760030V,100.4,2024-2025
0760093N,129.5,2024-2025
0760110G,104.5,2024-2025
0761353H,100.4,2024-2025
0771238C,135,2024-2025
0772127U,114.5,2024-2025
0772151V,108.7,2024-2025
0772688D,121.3,2024-2025
0772751X,110.6,2024-2025
0780582J,118.2,2024-2025
0781581V,140.2,2024-2025
0782556E,111.1,2024-2025
0790078F,129.6,2024-2025
0800063J,84.5,2024-2025
0810071M,129.1,2024-2025
0811324Z,87,2024-2025
0840017M,102.2,2024-2025
0860005N,105.7,2024-2025
0880013L,88.1,2024-2025
0910826D,138.2,2024-2025
0931584S,90.1,2024-2025
0932030B,78.9,2024-2025
0333273D,114.1,2023-2024
0350042F,106.9,2023-2024
0360693H,123.9,2023-2024
0370881G,125.9,2023-2024
0381660Y,124.4,2023-2024
0390021L,85.4,2023-2024
0410718H,88.7,2023-2024
0440021J,140.4,2023-2024
0440201E,120.5,2023-2024
0441993C,102.1,2023-2024
0451462V,115.9,2023-2024
0490828J,117.4,2023-2024
0500017X,103,2023-2024
0500065Z,119.4,2023-2024
0672614C,95.7,2023-2024
0690107S,77.7,2023-2024
0690552A,138.6,2023-2024
0690697H,115.9,2023-2024
0730772T,109.2,2023-2024
0740013M,101.7,2023-2024
0750662M,144,2023-2024
0752608C,84,2023-2024
0753851D,155.7,2023-2024
0761718E,137.6,2023-2024
0771027Y,100,2023-2024
0772295B,110.8,2023-2024
0781819D,125.4,2023-2024
0783549J,151.1,2023-2024
0801888T,117.9,2023-2024
0810959C,107.7,2023-2024
0820016X,102.9,2023-2024
0830059N,81.6,2023-2024
0840005Z,80.1,2023-2024
0850118S,121.7,2023-2024
0851390Z,118,2023-2024
0860789R,104.1,2023-2024
0860903P,139.7,2023-2024
0880031F,87.1,2023-2024
0880133S,88.8,2023-2024
0910623H,99.8,2023-2024
0910843X,140.1,2023-2024
0911493D,88.6,2023-2024
0920142E,149.6,2023-2024
0920146J,141.7,2023-2024
0920166F,89.3,2023-2024
0920875B,155.6,2023-2024
0920981S,112.3,2023-2024
0921676X,90.6,2023-2024
0930124E,83.2,2023-2024
0930833A,93,2023-2024
0940742W,103.1,2023-2024
0940853S,108.3,2023-2024
0941347D,111.4,2023-2024
0942354Y,122.7,2023-2024
0942355Z,130.6,2023-2024
0750673Z,116.7,2024-2025
0753885R,147.6,2024-2025
0020492Z,100.7,2023-2024
0060670W,123.3,2023-2024
0060750H,119.4,2023-2024
0070016E,92.6,2023-2024
0100004A,93.9,2023-2024
0101015Z,106.1,2023-2024
0110022P,109.1,2023-2024
0120025M,103.7,2023-2024
0130037V,88.9,2023-2024
0130050J,88.6,2023-2024
0130171R,76.3,2023-2024
0131445A,86.2,2023-2024
0140004D,120.7,2023-2024
0140018U,87.3,2023-2024
0140052F,105.3,2023-2024
0150008C,91.7,2023-2024
0170020E,101.6,2023-2024
0220099N,114.2,2023-2024
0240007C,83.9,2023-2024
0251349F,88.1,2023-2024
0261397C,96.9,2023-2024
0270016W,103.4,2023-2024
0271051W,143.5,2023-2024
0271579V,112.1,2023-2024
0271581X,85.2,2023-2024
0280700J,83,2023-2024
0290022S,96.8,2023-2024
0310036W,141.8,2023-2024
0310041B,139.3,2023-2024
0310046G,119,2023-2024
0311334G,118.6,2023-2024
0312356T,126.8,2023-2024
0330060L,96.1,2023-2024
0331495W,138.6,2023-2024
0340002T,101.8,2023-2024
0350022J,109.7,2023-2024
0350783L,126.5,2023-2024
0371211R,87.8,2023-2024
0371418R,126,2023-2024
0380028Z,130,2023-2024
0390019J,113.5,2023-2024
0391001B,94.9,2023-2024
0401016M,124.9,2023-2024
0410675L,131.9,2023-2024
0420074C,75.3,2023-2024
0420079H,85,2023-2024
0420976H,107.6,2023-2024
0430055B,119.3,2023-2024
0440024M,147,2023-2024
0440166S,140.6,2023-2024
0440262W,95.6,2023-2024
0442775C,117,2023-2024
0450051L,101.4,2023-2024
0451442Y,87.3,2023-2024
0460529A,102.4,2023-2024
0470029B,85.1,2023-2024
0490837U,107.3,2023-2024
0492407A,131.9,2023-2024
0501839C,106.4,2023-2024
0510037N,81.6,2023-2024
0520679F,113.2,2023-2024
0530052U,113.9,2023-2024
0540034U,108.5,2023-2024
0542293Z,98.2,2023-2024
0570021N,99.9,2023-2024
0570225K,88.4,2023-2024
0570283Y,108.6,2023-2024
0573519R,96.9,2023-2024
0590222W,116.8,2023-2024
0592969G,103.8,2023-2024
0594391C,126,2023-2024
0595918M,105.1,2023-2024
0601162M,98.2,2023-2024
0601864A,93.7,2023-2024
0620027T,81.8,2023-2024
0640001D,114.6,2023-2024
0640042Y,93,2023-2024
0640046C,123.7,2023-2024
0640127R,122.4,2023-2024
0641663K,100.3,2023-2024
0650026A,109,2023-2024
0650885J,115,2023-2024
0670078W,93.2,2023-2024
0671602C,118.6,2023-2024
0682079R,101.3,2023-2024
0690023A,120,2023-2024
0690521S,144.7,2023-2024
0693095P,77.9,2023-2024
0693330V,100.9,2023-2024
0693374T,123,2023-2024
0700882D,84.9,2023-2024
0711494N,89.5,2023-2024
0730039W,115.9,2023-2024
0740005D,117.6,2023-2024
0740092Y,126,2023-2024
0740156T,102.6,2023-2024
0750655E,145.6,2023-2024
0750680G,119.3,2023-2024
0750708M,111.7,2023-2024
0753849B,157,2023-2024
0753941B,155.4,2023-2024
0754081D,155.7,2023-2024
0760082B,80.6,2023-2024
0762601P,94.6,2023-2024
0770926N,126.2,2023-2024
0770943G,91.4,2023-2024
0781949V,114.7,2023-2024
0781952Y,129.2,2023-2024
0782602E,95.1,2023-2024
0782822U,118.8,2023-2024
0783288A,158.4,2023-2024
0783325R,129,2023-2024
0801252B,72.8,2023-2024
0830042V,106.5,2023-2024
0830058M,89.2,2023-2024
0830100H,115.1,2023-2024
0830661T,83.1,2023-2024
0831014B,92,2023-2024
0850033Z,94.1,2023-2024
0860039A,89.6,2023-2024
0870040W,110,2023-2024
0881498A,93.9,2023-2024
0900002N,108.2,2023-2024
0910625K,107.9,2023-2024
0921230M,114,2023-2024
0930125F,83.3,2023-2024
0930846P,81.7,2023-2024
0932260B,78.8,2023-2024
0940880W,145.2,2023-2024
0950656X,89.9,2023-2024
0950753C,142.8,2023-2024
0950785M,140.6,2023-2024
0951787B,72.8,2023-2024
0951922Y,103.4,2023-2024
9720468B,86.8,2023-2024
9720725F,102.9,2023-2024
9720888H,102.7,2023-2024
0010001W,91.6,2024-2025
0010010F,103.7,2024-2025
0010069V,118.3,2024-2025
0010072Y,122.3,2024-2025
0021946E,109.2,2024-2025
0022108F,119.3,2024-2025
0030038A,98.2,2024-2025
0040010P,114.5,2024-2025
0040533H,111.7,2024-2025
0060015J,95.6,2024-2025
0070114L,98.4,2024-2025
0100023W,92.6,2024-2025
0100046W,129.7,2024-2025
0121309H,104.9,2024-2025
0121428M,116.5,2024-2025
0130049H,100.7,2024-2025
0130059U,92.3,2024-2025
0130160D,116.5,2024-2025
0131398Z,101.5,2024-2025
0140018U,89.1,2024-2025
0150051Z,100.5,2024-2025
0160062F,128.9,2024-2025
0171571R,98.9,2024-2025
0212045J,106.9,2024-2025
0220060W,119.4,2024-2025
0220072J,99.9,2024-2025
0251024C,117.8,2024-2025
0251592V,108.1,2024-2025
0260063C,138.8,2024-2025
0270026G,103.9,2024-2025
0270029K,107,2024-2025
0290092T,93.7,2024-2025
0290098Z,114.1,2024-2025
0290159R,124.6,2024-2025
0290168A,109.4,2024-2025
0291654R,121.1,2024-2025
0292047T,104.9,2024-2025
0301552Z,102.6,2024-2025
0311092U,92.8,2024-2025
0312290W,121.6,2024-2025
0312356T,129,2024-2025
0312696M,129.5,2024-2025
0312746S,125.5,2024-2025
0330031E,102,2024-2025
0332495H,116.1,2024-2025
0332781U,83.3,2024-2025
0332832Z,105.2,2024-2025
0340005W,109,2024-2025
0340030Y,99.3,2024-2025
0350048M,112.7,2024-2025
0350777E,141,2024-2025
0360024F,97,2024-2025
0360043B,92.2,2024-2025
0380063M,108.5,2024-2025
0382099A,93.3,2024-2025
0390094R,99.5,2024-2025
0420029D,78.9,2024-2025
0421025L,107.8,2024-2025
0430024T,88.1,2024-2025
0440119R,116.1,2024-2025
0442227G,116.5,2024-2025
0442752C,118.3,2024-2025
0450050K,108.2,2024-2025
0451484U,114,2024-2025
0460013P,101.6,2024-2025
0470003Y,104.4,2024-2025
0470015L,91,2024-2025
0480023P,110.3,2024-2025
0492015Z,132.3,2024-2025
0500017X,103.7,2024-2025
0510034K,109.3,2024-2025
0510038P,85.1,2024-2025
0520028Y,90.7,2024-2025
0520844K,99.6,2024-2025
0541305A,108.9,2024-2025
0541312H,117.1,2024-2025
0541377D,99.2,2024-2025
0542262R,90.3,2024-2025
0560039N,88.2,2024-2025
0590264S,73.1,2024-2025
0592850C,78.4,2024-2025
0594375K,79.5,2024-2025
0595885B,101.3,2024-2025
0600041U,89,2024-2025
0601897L,80.7,2024-2025
0610694Y,116.3,2024-2025
0610698C,113.9,2024-2025
0611148S,102.3,2024-2025
0624531N,128.1,2024-2025
0631847R,139.5,2024-2025
0640079N,95.7,2024-2025
0640080P,93.4,2024-2025
0640134Y,126.1,2024-2025
0650067V,92,2024-2025
0660059F,126.1,2024-2025
0670079X,135.6,2024-2025
0670080Y,126.2,2024-2025
0670129B,80.4,2024-2025
0680010S,98.4,2024-2025
0680141J,134.3,2024-2025
0690045Z,79.4,2024-2025
0690107S,77.3,2024-2025
0690660T,102.8,2024-2025
0691644M,120,2024-2025
0693044J,111.6,2024-2025
0693734J,108.8,2024-2025
0720030S,121.5,2024-2025
0730037U,106.6,2024-2025
0730759D,112.3,2024-2025
0731392S,121.4,2024-2025
0750419Y,85.3,2024-2025
0750612H,137.9,2024-2025
0750656F,146.8,2024-2025
0750683K,128.1,2024-2025
0750710P,139.1,2024-2025
0750770E,87.2,2024-2025
0750783U,89.9,2024-2025
0753827C,141.4,2024-2025
0753887T,146.2,2024-2025
0753890W,145.2,2024-2025
0754037F,118.6,2024-2025
0762953X,111.8,2024-2025
0771246L,137,2024-2025
0782546U,116.9,2024-2025
0783350T,156.5,2024-2025
0801194N,79.4,2024-2025
0830025B,107.1,2024-2025
0830059N,82.9,2024-2025
0831444U,123.1,2024-2025
0850032Y,115.4,2024-2025
0850135K,106.7,2024-2025
0851400K,97.6,2024-2025
0860774Z,113.2,2024-2025
0870041X,88.8,2024-2025
0870097H,94.9,2024-2025
0910632T,93.3,2024-2025
0912163G,83.9,2024-2025
0921166T,103.6,2024-2025
0930118Y,85.7,2024-2025
0930127H,103.2,2024-2025
0930960N,116,2024-2025
0932653D,104.7,2024-2025
0940853S,104.9,2024-2025
0940877T,155.9,2024-2025
0941298A,88,2024-2025
0941470M,104.9,2024-2025
0942354Y,124.1,2024-2025
0950649P,111.2,2024-2025
0950947N,79.3,2024-2025
0950949R,82.2,2024-2025
0952158E,123,2024-2025
9740053P,91.3,2024-2025
9740921H,74.3,2024-2025
9741324W,90.3,2024-2025
0380073Y,110.7,2023-2024
0420049A,78.8,2023-2024
0430003V,107.7,2023-2024
0430953C,104.4,2023-2024
0450758E,108.3,2023-2024
0501941N,98.5,2023-2024
0720021G,102.4,2023-2024
0730774V,108,2023-2024
0740009H,94.8,2023-2024
0750652B,136.2,2023-2024
0750660K,145.4,2023-2024
0750682J,130.1,2023-2024
0753885R,138.8,2023-2024
0761721H,130.9,2023-2024
0763112V,116.9,2023-2024
0870003F,103.3,2023-2024
0880004B,103.9,2023-2024
0891159B,86.7,2023-2024
0910815S,128.6,2023-2024
0911927A,101.6,2023-2024
0911962N,113.6,2023-2024
0932303Y,141.9,2023-2024
0940132H,81.1,2023-2024
0941974K,113.1,2023-2024
9710002A,102.4,2023-2024
9710418C,78.6,2023-2024
9741052A,102.6,2023-2024
9741185V,91.1,2023-2024
0420078G,82.9,2024-2025
0440274J,132,2024-2025
0510006E,120.4,2024-2025
0530016E,113.2,2024-2025
0540081V,85.9,2024-2025
0542295B,113.5,2024-2025
0560027A,94.5,2024-2025
0570054Z,126.5,2024-2025
0570211V,135.2,2024-2025
0572101Z,100.6,2024-2025
0573281G,114.7,2024-2025
0580042F,94.8,2024-2025
0590034S,101.7,2024-2025
0590044C,87.5,2024-2025
0590098L,73.9,2024-2025
0590214M,91.4,2024-2025
0590263R,80.6,2024-2025
0593071T,95.9,2024-2025
0593109J,141.4,2024-2025
0593114P,152.6,2024-2025
0593139S,120.2,2024-2025
0601700X,125.8,2024-2025
0601864A,95.2,2024-2025
0620018H,74.5,2024-2025
0620108F,88.2,2024-2025
0620109G,85.9,2024-2025
0622807P,111.2,2024-2025
0630041C,89.2,2024-2025
0640011P,106.1,2024-2025
0640115C,136.8,2024-2025
0640181Z,107.9,2024-2025
0640189H,98.4,2024-2025
0641665M,102.4,2024-2025
0660768B,130,2024-2025
0671602C,123,2024-2025
0671639T,123.6,2024-2025
0671696E,82.1,2024-2025
0690046A,84.8,2024-2025
0693330V,102.8,2024-2025
0720012X,106.7,2024-2025
0750648X,138.9,2024-2025
0750675B,129.1,2024-2025
0750788Z,85.5,2024-2025
0753537M,112.7,2024-2025
0772223Y,106.2,2024-2025
0782539L,98.6,2024-2025
0790023W,122.7,2024-2025
0790928E,87,2024-2025
0810995S,91.4,2024-2025
0831407D,113.3,2024-2025
0860903P,139.8,2024-2025
0910823A,138.2,2024-2025
9720692V,98.1,2024-2025
0352072M,126.4,2023-2024
0390042J,117.9,2023-2024
0400020E,86.5,2023-2024
0440074S,84.9,2023-2024
0492224B,97.8,2023-2024
0511901P,93.3,2023-2024
0580071M,106.9,2023-2024
0590015W,79.5,2023-2024
0594652L,72.3,2023-2024
0601845E,85.6,2023-2024
0610694Y,113.8,2023-2024
0610700E,119.1,2023-2024
0620011A,79.5,2023-2024
0620017G,85.9,2023-2024
0622107D,130.1,2023-2024
0630018C,125,2023-2024
0640013S,89.6,2023-2024
0640181Z,108.3,2023-2024
0670024M,85.4,2023-2024
0680151V,129.2,2023-2024
0750657G,136.1,2023-2024
0763002A,87.4,2023-2024
0781898P,123.9,2023-2024
0790036K,103.1,2023-2024
0810005R,121.4,2023-2024
0910626L,152.1,2023-2024
0932121A,84.5,2023-2024
0932653D,104.8,2023-2024
0940585A,112,2023-2024
0950641F,88.9,2023-2024
0542262R,90.7,2023-2024
0570311D,127.5,2023-2024
0580075S,95.8,2023-2024
0440034Y,90.8,2024-2025
0440062D,120.4,2024-2025
0440151A,113.6,2024-2025
0442094M,126.2,2024-2025
0501219D,97.6,2024-2025
0540034U,108.2,2024-2025
0590252D,85.3,2024-2025
0601149Y,143.6,2024-2025
0640052J,116.7,2024-2025
0641732K,111,2024-2025
0650014M,96.2,2024-2025
0672614C,96.5,2024-2025
0680073K,113.1,2024-2025
0690522T,153.3,2024-2025
0710045N,105.9,2024-2025
0730003G,118.4,2024-2025
0731507S,119.4,2024-2025
0740017S,97.6,2024-2025
0740059M,85.5,2024-2025
0750553U,79.7,2024-2025
0753849B,158.2,2024-2025
0753941B,158.4,2024-2025
0772230F,115,2024-2025
0781582W,139.2,2024-2025
0781884Z,102.2,2024-2025
0783537W,123.4,2024-2025
0830128N,95.6,2024-2025
0831141P,113.4,2024-2025
0831354W,94.7,2024-2025
0840075A,129.1,2024-2025
0880064S,86.2,2024-2025
0911343R,81.7,2024-2025
0931024H,76.4,2024-2025
0932638M,122.3,2024-2025
9720888H,102.9,2024-2025
9740979W,80.5,2024-2025
9741173G,101.8,2024-2025
0010021T,87.5,2023-2024
0021873A,124.3,2023-2024
0021999M,113.5,2023-2024
0030026M,97.8,2023-2024
0030924N,76.9,2023-2024
0060674A,140.4,2023-2024
0070071P,118.9,2023-2024
0090045A,106.2,2023-2024
0130033R,85.2,2023-2024
0130036U,103.8,2023-2024
0130064Z,80.4,2023-2024
0130161E,115,2023-2024
0131335F,139.8,2023-2024
0131398Z,101,2023-2024
0132790M,90.1,2023-2024
0141165R,136.8,2023-2024
0141178E,115.8,2023-2024
0141193W,112.7,2023-2024
0141275K,92.6,2023-2024
0170078T,96.5,2023-2024
0170135E,100.8,2023-2024
0180005H,108,2023-2024
0180006J,117.3,2023-2024
0190011J,114.9,2023-2024
0190034J,91.2,2023-2024
0210012Z,117.3,2023-2024
0220111B,126.6,2023-2024
0230008J,86.5,2023-2024
0250043L,105.7,2023-2024
0271580W,103.7,2023-2024
0290102D,89,2023-2024
0320054K,129.4,2023-2024
0330026Z,137.8,2023-2024
0330135T,114.7,2023-2024
0332496J,113.2,2023-2024
0332722E,127.1,2023-2024
0332724G,121.5,2023-2024
0340038G,133.5,2023-2024
0350062C,94.2,2023-2024
0420077F,81.9,2023-2024
0460050E,114.5,2023-2024
0490886X,106.8,2023-2024
0490952U,120,2023-2024
0491646Y,79.4,2023-2024
0511140M,141.8,2023-2024
0540042C,119.9,2023-2024
0590024F,111.3,2023-2024
0590111A,77,2023-2024
0592980U,92.7,2023-2024
0593063J,102.1,2023-2024
0593106F,134.2,2023-2024
0595884A,75.4,2023-2024
0600001A,110.2,2023-2024
0601700X,123.2,2023-2024
0610026X,98.3,2023-2024
0620063G,102,2023-2024
0690008J,82.4,2023-2024
0690553B,123.2,2023-2024
0740003B,134.6,2023-2024
0740099F,133,2023-2024
0750463W,119.8,2023-2024
0750558Z,118.3,2023-2024
0751708Z,96.6,2023-2024
0753537M,94.1,2023-2024
0754086J,107.5,2023-2024
0760088H,85.3,2023-2024
0760145V,81.2,2023-2024
0761742F,98.5,2023-2024
0770938B,99.1,2023-2024
0772243V,113.6,2023-2024
0772685A,104.4,2023-2024
0781950W,101.3,2023-2024
0782593V,96.8,2023-2024
0782603F,94.2,2023-2024
0783282U,152.4,2023-2024
0801947G,107.7,2023-2024
0801951L,96.1,2023-2024
0810012Y,98,2023-2024
0810071M,128.5,2023-2024
0811144D,91.7,2023-2024
0831646N,108.3,2023-2024
0840016L,95,2023-2024
0860005N,104.3,2023-2024
0860010U,85.9,2023-2024
0860034V,121.6,2023-2024
0860755D,127.7,2023-2024
0870017W,113.9,2023-2024
0910627M,114.1,2023-2024
0911577V,116.8,2023-2024
0911945V,100.8,2023-2024
0912364A,115.1,2023-2024
0921156G,96.9,2023-2024
0930127H,103.1,2023-2024
0930830X,111.4,2023-2024
0930834B,81.9,2023-2024
0930933J,119.2,2023-2024
0931272C,98.3,2023-2024
0931812P,129.6,2023-2024
0940140S,89.5,2023-2024
0941975L,85,2023-2024
9740552G,72.9,2023-2024
9741173G,100.4,2023-2024
9760363R,74.1,2023-2024
0011194T,115.1,2024-2025
0390029V,109.5,2024-2025
0410001D,104.2,2024-2025
0410959V,113.1,2024-2025
0430058E,117.9,2024-2025
0442124V,120.7,2024-2025
0442226F,131.1,2024-2025
0442725Y,121.4,2024-2025
0451442Y,86.2,2024-2025
0750787Y,108.9,2024-2025
0772602K,129.4,2024-2025
0790080H,104.3,2024-2025
0800001S,105.1,2024-2025
0801207C,127,2024-2025
0830098F,134.1,2024-2025
0831207L,111.5,2024-2025
0831563Y,113.3,2024-2025
0841078R,79.6,2024-2025
0841158C,109.1,2024-2025
0850025R,109.6,2024-2025
0851504Y,113,2024-2025
0860823C,89.3,2024-2025
0870004G,86.3,2024-2025
0880036L,112,2024-2025
0890064L,101.4,2024-2025
0900002N,108.2,2024-2025
0900030U,139.4,2024-2025
0911913K,146.5,2024-2025
0920149M,140,2024-2025
0920919Z,158.7,2024-2025
0931430Z,81.6,2024-2025
0931573E,105.1,2024-2025
0931779D,90.3,2024-2025
0932026X,77.7,2024-2025
0932047V,109.5,2024-2025
0932122B,77.3,2024-2025
0940112L,97.1,2024-2025
0940129E,87.6,2024-2025
9730196A,92.7,2024-2025
9730371R,70.3,2024-2025
9740015Y,73.9,2024-2025
9741050Y,101.7,2024-2025
0540038Y,130.7,2023-2024
0561641E,106.8,2023-2024
0580008U,102.5,2023-2024
0590185F,74.7,2023-2024
0620006V,120.9,2023-2024
0620140R,102.9,2023-2024
0623981R,104,2023-2024
0672677W,119,2023-2024
0680016Y,110.4,2023-2024
0680039Y,74.8,2023-2024
0690003D,94,2023-2024
0760032X,100.5,2023-2024
0760072R,105.6,2023-2024
0772312V,92.4,2023-2024
0801882L,94,2023-2024
0810100U,99.3,2023-2024
0830098F,134.3,2023-2024
0830101J,125.9,2023-2024
0840935K,93,2023-2024
0850043K,92.3,2023-2024
0851516L,112,2023-2024
0860021F,102.9,2023-2024
0890005X,96.3,2023-2024
0890819G,90.9,2023-2024
0910622G,106.7,2023-2024
0910630R,111.2,2023-2024
0911254U,83.8,2023-2024
0920894X,109.2,2023-2024
0920897A,156.2,2023-2024
0920907L,151.1,2023-2024
0921625S,88.9,2023-2024
0931024H,76,2023-2024
0931193S,82,2023-2024
0931369H,122.1,2023-2024
0931797Y,108.5,2023-2024
0940114N,92.8,2023-2024
0940881X,154.2,2023-2024
0941294W,94.8,2023-2024
0951748J,100,2023-2024
0951763A,107.8,2023-2024
0951974E,118.2,2023-2024
9710003B,102.9,2023-2024
9730196A,96,2023-2024
9740053P,89.3,2023-2024
9740479C,71.2,2023-2024
9760338N,66.9,2023-2024
0010013J,123.7,2024-2025
0022042J,81.8,2024-2025
0060026W,99.9,2024-2025
0061691F,101.1,2024-2025
0062015H,139.2,2024-2025
0101028N,112.5,2024-2025
0130054N,97.9,2024-2025
0593061G,112.2,2024-2025
0620113L,96.8,2024-2025
0640058R,87.5,2024-2025
0681817F,89,2024-2025
0690631L,122.9,2024-2025
0690634P,133,2024-2025
0694405N,114.7,2024-2025
0711137A,100.1,2024-2025
0750428H,88,2024-2025
0753883N,153.7,2024-2025
0755352K,128.9,2024-2025
0760072R,107.3,2024-2025
0760114L,79.3,2024-2025
0790036K,102.8,2024-2025
0791029P,93.5,2024-2025
0801252B,75.2,2024-2025
0801704T,76,2024-2025
0810079W,110.5,2024-2025
0820061W,114.2,2024-2025
0831014B,92.4,2024-2025
0861408N,106.2,2024-2025
0870045B,115.3,2024-2025
0870081R,126.5,2024-2025
0951763A,107.8,2024-2025
0010069V,118.7,2023-2024
0070004S,100.2,2023-2024
0131424C,103.5,2023-2024
0640137B,112.9,2023-2024
0660004W,100,2023-2024
0380073Y,108.8,2024-2025
0390020K,84.6,2024-2025
0440021J,139,2024-2025
0440282T,106.6,2024-2025
0500036T,108.3,2024-2025
0540037X,85.6,2024-2025
0541286E,103.5,2024-2025
0590064Z,101.9,2024-2025
0601470X,90.1,2024-2025
0622275L,72.6,2024-2025
0622949U,105.8,2024-2025
0623328F,77.4,2024-2025
0631480S,90,2024-2025
0631669X,119.3,2024-2025
0631737W,101.1,2024-2025
0681917P,103.9,2024-2025
0830099G,138.5,2024-2025
0840005Z,79.2,2024-2025
0840041N,75.1,2024-2025
0860034V,122.3,2024-2025
0860035W,125.7,2024-2025
0890005X,95.5,2024-2025
0891200W,100.8,2024-2025
0900425Y,84.3,2024-2025
0931613Y,80.4,2024-2025
0931735F,79.5,2024-2025
0950761L,144.3,2024-2025
0951756T,111,2024-2025
7200073S,124.4,2024-2025
7200583W,101.4,2024-2025
9710722H,82.1,2024-2025
9710775R,83.5,2024-2025
9711033W,94.7,2024-2025
9730003R,79,2024-2025
9730108E,88.8,2024-2025
9740597F,105.4,2024-2025
9741052A,104.6,2024-2025
9741270M,91.4,2024-2025
0350790U,98.7,2023-2024
0360024F,95.6,2023-2024
0791062A,109.6,2023-2024
0840078D,124.5,2023-2024
0880036L,108.8,2023-2024
0890053Z,89.2,2023-2024
0900030U,138.8,2023-2024
0912161E,137.7,2023-2024
0920985W,145.8,2023-2024
0940122X,129.6,2023-2024
0941711Z,131.2,2023-2024
0941952L,86.1,2023-2024
0950786N,114.6,2023-2024
9720350Y,103.2,2023-2024
0010072Y,121.3,2023-2024
0020014E,101.7,2023-2024
0060027X,89.7,2023-2024
0071397F,106.9,2023-2024
0080053P,106.3,2023-2024
0090013R,106.7,2023-2024
0130054N,87.3,2023-2024
0131319N,147.5,2023-2024
0131434N,92,2023-2024
0132210G,108.3,2023-2024
0133396W,105.6,2023-2024
0150747F,111.9,2023-2024
0160048R,85.1,2023-2024
0160083D,101.8,2023-2024
0171418Z,111.4,2023-2024
0180007K,107.6,2023-2024
0190008F,88.8,2023-2024
0211986V,98.6,2023-2024
0230020X,112.5,2023-2024
0251592V,108.2,2023-2024
0260015A,110.9,2023-2024
0271319M,84.2,2023-2024
0271585B,94.2,2023-2024
0290008B,124.5,2023-2024
0290181P,110.4,2023-2024
0292047T,106.6,2023-2024
0300080Z,121.3,2023-2024
0310039Z,113.6,2023-2024
0311126F,144.8,2023-2024
0311131L,110.9,2023-2024
0330028B,123.2,2023-2024
0371123V,91.8,2023-2024
0371328T,111.9,2023-2024
0400047J,84.2,2023-2024
0421006R,85.3,2023-2024
0440149Y,122.8,2023-2024
0460013P,102.6,2023-2024
0511884W,88.9,2023-2024
0560070X,89.4,2023-2024
0590011S,111.8,2023-2024
0590212K,98.2,2023-2024
0593077Z,102.8,2023-2024
0620256S,102.4,2023-2024
0624430D,111.5,2023-2024
0641441U,113.1,2023-2024
0660809W,93.6,2023-2024
0673109R,84.3,2023-2024
0680051L,118.1,2023-2024
0690712Z,117.4,2023-2024
0691724Z,96.6,2023-2024
0710112L,123.9,2023-2024
0740082M,140.5,2023-2024
0753947H,158.5,2023-2024
0754476H,109,2023-2024
0760013B,80.8,2023-2024
0760052U,120.3,2023-2024
0780273Y,90.4,2023-2024
0781582W,133.9,2023-2024
0781860Y,138.8,2023-2024
0781984H,81.3,2023-2024
0801206B,128.1,2023-2024
0810105Z,104.2,2023-2024
0850028U,88.7,2023-2024
0880019T,102.7,2023-2024
0891168L,109.7,2023-2024
0891223W,106.8,2023-2024
0911401D,92.9,2023-2024
0920143F,135.9,2023-2024
0920908M,157.7,2023-2024
0922427N,112.3,2023-2024
0932222K,91,2023-2024
0932619S,113.8,2023-2024
0940141T,89.8,2023-2024
0941407U,127.3,2023-2024
0941470M,103.7,2023-2024
0941722L,108.5,2023-2024
0942443V,121.6,2023-2024
0950647M,118.8,2023-2024
0950759J,143.2,2023-2024
7200021K,112.9,2023-2024
9710593T,101.9,2023-2024
9710690Y,76.2,2023-2024
9710775R,81.6,2023-2024
9720727H,96,2023-2024
9740979W,78.8,2023-2024
9741050Y,100.5,2023-2024
9741255W,115.4,2023-2024
0011119L,96.1,2024-2025
0020012C,98.3,2024-2025
0020014E,102.8,2024-2025
0030105Y,95.8,2024-2025
0030112F,102.6,2024-2025
0050006E,115.5,2024-2025
0060673Z,138.1,2024-2025
0060674A,140.2,2024-2025
0060776L,115.1,2024-2025
0070001N,99.5,2024-2025
0070066J,122.6,2024-2025
0130056R,73.3,2024-2025
0130071G,72.1,2024-2025
0130157A,86.4,2024-2025
0131331B,127.6,2024-2025
0131432L,81.1,2024-2025
0131436R,108.5,2024-2025
0133396W,107.7,2024-2025
0140004D,121.3,2024-2025
0190045W,94.2,2024-2025
0210012Z,119.3,2024-2025
0211068X,130.5,2024-2025
0240028A,88.5,2024-2025
0240050Z,86.3,2024-2025
0250043L,106,2024-2025
0280665W,138.7,2024-2025
0290186V,112.2,2024-2025
0301862L,121.6,2024-2025
0310046G,119.6,2024-2025
0311145B,148.4,2024-2025
0320054K,127,2024-2025
0330003Z,119.2,2024-2025
0330026Z,139.3,2024-2025
0350030T,108.5,2024-2025
0350761M,90.4,2024-2025
0380028Z,135,2024-2025
0380053B,106.8,2024-2025
0381758E,116.6,2024-2025
0420049A,76.3,2024-2025
0420075D,93.3,2024-2025
0440056X,88.5,2024-2025
0460032K,94.2,2024-2025
0480688M,106,2024-2025
0920680P,91.8,2024-2025
0920802X,134.7,2024-2025
0920916W,157.6,2024-2025
0922615T,127,2024-2025
0932119Y,84.8,2024-2025
0940124Z,137.7,2024-2025
0940821G,126.9,2024-2025
0940823J,107.8,2024-2025
0951811C,85.7,2024-2025
6200063Z,101.2,2024-2025
9710690Y,77.8,2024-2025
9720829U,137,2024-2025
9740575G,73.4,2024-2025
0011258M,107.3,2023-2024
0020032Z,102.5,2023-2024
0020079A,81.2,2023-2024
0620110H,74.8,2023-2024
0620162P,78.6,2023-2024
0630012W,87.5,2023-2024
0160047P,92.3,2024-2025
0230051F,103.8,2024-2025
0271051W,141.6,2024-2025
0280667Y,130.2,2024-2025
0290206S,121.7,2024-2025
0290340M,112.2,2024-2025
0292137R,132.3,2024-2025
0300057Z,76.8,2024-2025
0300080Z,123.1,2024-2025
0300083C,122.8,2024-2025
0301654K,98,2024-2025
0310017A,102.7,2024-2025
0310032S,109,2024-2025
0311186W,114.8,2024-2025
0311190A,106.5,2024-2025
0312744P,125.2,2024-2025
0330020T,102.1,2024-2025
0330069W,88,2024-2025
0332441Z,88.2,2024-2025
0352009U,120.3,2024-2025
0420998G,109.8,2024-2025
0451037H,83.6,2024-2025
0500016W,115,2024-2025
0590257J,81.4,2024-2025
0600063T,83.8,2024-2025
0690010L,83.9,2024-2025
0710048S,99.2,2024-2025
0022042J,82,2023-2024
0312065B,121.7,2023-2024
0312938A,133,2023-2024
0510036M,84.6,2023-2024
0540067E,84.1,2023-2024
0541286E,101.7,2023-2024
0550003E,83.5,2023-2024
0570094T,104.2,2023-2024
0590093F,106.7,2023-2024
0590112B,101.8,2023-2024
0592610S,74.6,2023-2024
0601363F,90.7,2023-2024
0601699W,127.1,2023-2024
0611148S,101.7,2023-2024
0640049F,94.9,2023-2024
0671696E,81.5,2023-2024
0690092A,96.4,2023-2024
0690536H,135.1,2023-2024
0720034W,83.2,2023-2024
0740051D,116.1,2023-2024
0750699C,139.5,2023-2024
0750700D,143.5,2023-2024
0753850C,153.9,2023-2024
0753887T,140.2,2023-2024
0762169V,104.9,2023-2024
0763500S,110.2,2023-2024
0770940D,101,2023-2024
0772290W,128.6,2023-2024
0790090U,88.7,2023-2024
0810033W,102.3,2023-2024
0820001F,93.6,2023-2024
0831207L,109,2023-2024
0910755B,88.3,2023-2024
0922149L,93.5,2023-2024
0922397F,132.1,2023-2024
0932047V,107.7,2023-2024
9720479N,120.3,2023-2024
0430968U,117.8,2024-2025
0440175B,112.1,2024-2025
0441653H,125.5,2024-2025
0460050E,113.9,2024-2025
0470060K,123.8,2024-2025
0490040C,111.1,2024-2025
0491646Y,81.7,2024-2025
0510007F,94.7,2024-2025
0530904V,107.5,2024-2025
0530949U,97.8,2024-2025
0540044E,109.4,2024-2025
0541318P,143.9,2024-2025
0541364P,101.7,2024-2025
0550891V,85,2024-2025
0560096A,97.1,2024-2025
0560182U,105.9,2024-2025
0570095U,85.9,2024-2025
0590015W,77.9,2024-2025
0590037V,79.7,2024-2025
0590116F,114.3,2024-2025
0590181B,98.6,2024-2025
0592966D,99.7,2024-2025
0592973L,87.9,2024-2025
0594404S,70.9,2024-2025
0595786U,105.6,2024-2025
0596122J,156.4,2024-2025
0601164P,122.4,2024-2025
0601701Y,133,2024-2025
0601823F,101.8,2024-2025
0610004Y,87.2,2024-2025
0610014J,104.2,2024-2025
0620063G,102.4,2024-2025
0620110H,74.9,2024-2025
0620150B,77.2,2024-2025
0622196A,127.8,2024-2025
0622198C,104.5,2024-2025
0641705F,105.2,2024-2025
0641907A,124.9,2024-2025
0660057D,119.2,2024-2025
0671509B,101.3,2024-2025
0680074L,81,2024-2025
0680161F,86.5,2024-2025
0690018V,81.9,2024-2025
0710087J,91.9,2024-2025
0750657G,138.8,2024-2025
0750698B,121.7,2024-2025
0754530S,84.3,2024-2025
0760087G,79.6,2024-2025
0772277G,103.8,2024-2025
0790090U,90.6,2024-2025
0820044C,130.8,2024-2025
0861228T,122.8,2024-2025
0912364A,112.9,2024-2025
0342410K,NS,2023-2024
0910622G,106.8,2024-2025
0921595J,83.6,2024-2025
0400080V,101.4,2023-2024
0930125F,82.6,2024-2025
0930962R,100.6,2024-2025
0421034W,119.9,2023-2024
0931797Y,110.4,2024-2025
0440086E,117.9,2023-2024
0932129J,77.2,2024-2025
0940885B,122,2024-2025
0440178E,125.2,2023-2024
0940891H,140.5,2024-2025
0440310Y,87.4,2023-2024
0941724N,131.8,2024-2025
0442083A,130.7,2023-2024
0460038S,121.6,2023-2024
0492285T,112.7,2023-2024
0510062R,92.8,2023-2024
0511135G,121.5,2023-2024
0550047C,125.5,2023-2024
0580014A,103,2023-2024
0590125R,97.3,2023-2024
0590181B,95.4,2023-2024
0590207E,99.7,2023-2024
0592973L,91.4,2023-2024
0593225K,151.3,2023-2024
0620121V,77.6,2023-2024
0620188T,74.5,2023-2024
0630069H,109.6,2023-2024
0631737W,96.9,2023-2024
0641844G,103.7,2023-2024
0680001G,106.4,2023-2024
0690032K,111.2,2023-2024
0710023P,121.6,2023-2024
0741469V,114.8,2023-2024
0750647W,121.6,2023-2024
0750784V,121.7,2023-2024
0750800M,84.3,2023-2024
0753915Y,152.8,2023-2024
0410693F,106.1,2024-2025
0420040R,101.3,2024-2025
0750690T,99.6,2024-2025
0753598D,161,2024-2025
0754081D,157.6,2024-2025
0771658J,99.5,2024-2025
0782587N,125.3,2024-2025
0800062H,78.8,2024-2025
0810095N,113,2024-2025
0850033Z,93.2,2024-2025
0851344Z,109.8,2024-2025
0860022G,88,2024-2025
0880055G,101.3,2024-2025
0911927A,104.9,2024-2025
0912117G,135.5,2024-2025
0920130S,134.9,2024-2025
0921625S,90.5,2024-2025
0932110N,119.2,2024-2025
0932121A,87.9,2024-2025
0950650R,81.4,2024-2025
0673083M,124.4,2023-2024
0682072H,123.3,2023-2024
0692866R,113.5,2023-2024
0720033V,104.1,2023-2024
0753809H,158.9,2023-2024
0760029U,102.9,2023-2024
0760058A,87.2,2023-2024
0760093N,128.7,2023-2024
9720003W,112.3,2023-2024
9730371R,70.5,2023-2024
9740934X,69.3,2023-2024
0010016M,106.6,2024-2025
0010814E,114,2024-2025
0410899E,111.2,2024-2025
0490018D,86.4,2024-2025
0490784L,83.6,2024-2025
0500032N,89.8,2024-2025
0500049G,97.5,2024-2025
0500116E,117,2024-2025
0501789Y,93.6,2024-2025
0530010Y,111.2,2024-2025
0530012A,105,2024-2025
0530052U,113.3,2024-2025
0540038Y,132,2024-2025
0540041B,100.2,2024-2025
0540067E,86.7,2024-2025
0541270M,100.7,2024-2025
0550047C,128.6,2024-2025
0560181T,114.4,2024-2025
0570094T,105.3,2024-2025
0573320Z,100.1,2024-2025
0590072H,91.5,2024-2025
0592969G,103,2024-2025
0593077Z,104.4,2024-2025
0594424N,105,2024-2025
0620220C,71.5,2024-2025
0640047D,117.5,2024-2025
0640179X,98.3,2024-2025
0660077A,107.7,2024-2025
0660931D,132.6,2024-2025
0670114K,106.7,2024-2025
0671611M,134.1,2024-2025
0682072H,128,2024-2025
0690105P,81.8,2024-2025
0693094N,85.6,2024-2025
0693371P,120.7,2024-2025
0693478F,101.3,2024-2025
0700882D,84.4,2024-2025
0710071S,119.3,2024-2025
0711494N,90.6,2024-2025
0720013Y,84.1,2024-2025
0721301Y,87.5,2024-2025
0740005D,119.3,2024-2025
0740104L,121.3,2024-2025
0741101V,106.1,2024-2025
0750802P,91.8,2024-2025
0753231E,122.3,2024-2025
0754025T,137.5,2024-2025
0754029X,133.3,2024-2025
0754965P,132.2,2024-2025
0760082B,83.7,2024-2025
0761356L,110.3,2024-2025
0771512A,114,2024-2025
0782563M,144.5,2024-2025
0783282U,152.2,2024-2025
0783325R,129.4,2024-2025
0783447Y,90.1,2024-2025
0930117X,82.4,2024-2025
0941711Z,133.7,2024-2025
0950657Y,88.3,2024-2025
0950709E,78.1,2024-2025
0951787B,72.1,2024-2025
0951922Y,104.1,2024-2025
0952173W,87.5,2024-2025
9720501M,87.3,2024-2025
0021872Z,116.3,2023-2024
0040023D,106.3,2023-2024
0060001U,101.9,2023-2024
0062256V,122.2,2023-2024
0730043A,108.3,2024-2025
0754325U,129.8,2024-2025
0771663P,96,2024-2025
0782557F,105.1,2024-2025
0782924E,119.6,2024-2025
0790964U,86.1,2024-2025
0801206B,128.9,2024-2025
0801226Y,111.3,2024-2025
0801628K,76.6,2024-2025
0801949J,112.7,2024-2025
0810016C,83.2,2024-2025
0820917B,109.2,2024-2025
0860009T,108.3,2024-2025
0860028N,111.1,2024-2025
0880133S,88.6,2024-2025
0930933J,121.4,2024-2025
0050005D,110.5,2023-2024
0060040L,95.3,2023-2024
0061561P,94.3,2023-2024
0061884R,127.5,2023-2024
0090015T,104.6,2023-2024
0090019X,90.6,2023-2024
0100022V,105.9,2023-2024
0100047X,127.6,2023-2024
0110023R,99.8,2023-2024
0120006S,100.3,2023-2024
0120051R,115.7,2023-2024
0130048G,81.8,2023-2024
0130151U,82.5,2023-2024
0131324U,150.1,2023-2024
0131328Y,133.9,2023-2024
0134250Z,116.7,2023-2024
0141157G,114.6,2023-2024
0141175B,118.4,2023-2024
0141191U,106.6,2023-2024
0170052P,90.9,2023-2024
0170100S,127.8,2023-2024
0210056X,92.8,2023-2024
0220102S,124,2023-2024
0240039M,97,2023-2024
0250001R,76.7,2023-2024
0271097W,86.7,2023-2024
0271582Y,100.8,2023-2024
0280665W,133.8,2023-2024
0281021H,93.4,2023-2024
0300028T,90.8,2023-2024
0310056T,98.7,2023-2024
0311134P,144.9,2023-2024
0330076D,93.1,2023-2024
0331590Z,120.6,2023-2024
0331760J,120.7,2023-2024
0340920R,111.5,2023-2024
0341915X,134.6,2023-2024
0341921D,120.1,2023-2024
0342436N,115.2,2023-2024
0350769W,108.2,2023-2024
0352471W,112.9,2023-2024
0370037P,103.8,2023-2024
0370728R,126.3,2023-2024
0380032D,89.7,2023-2024
0381741L,107.5,2023-2024
0382838D,108.9,2023-2024
0400067F,118.7,2023-2024
0410030K,111.8,2023-2024
0410832G,89.4,2023-2024
0410899E,109.5,2023-2024
0420987V,113,2023-2024
0442227G,111.2,2023-2024
0070003R,109.2,2024-2025
0070021K,110.8,2024-2025
0080040A,84.7,2024-2025
0080093H,84.4,2024-2025
0081047V,99.3,2024-2025
0100063P,84.7,2024-2025
0120037A,90,2024-2025
0130150T,81.1,2024-2025
0130161E,114,2024-2025
0130175V,110.8,2024-2025
0131463V,85.7,2024-2025
0134155W,94.2,2024-2025
0134253C,126,2024-2025
0141599M,89,2024-2025
0142084P,110.8,2024-2025
0142107P,126.1,2024-2025
0170020E,104.5,2024-2025
0190674E,90.5,2024-2025
0211091X,111.8,2024-2025
0221865H,100.4,2024-2025
0241137F,111.4,2024-2025
0260022H,117.7,2024-2025
0271582Y,102.2,2024-2025
0300023M,103.6,2024-2025
0310047H,126.6,2024-2025
0330033G,80.1,2024-2025
0330088S,110.1,2024-2025
0330109P,108.2,2024-2025
0331493U,148.5,2024-2025
0331506H,126.5,2024-2025
0332831Y,135.1,2024-2025
0333583R,125.5,2024-2025
0352446U,109.2,2024-2025
0360008N,118.3,2024-2025
0360019A,101.5,2024-2025
0370054H,89.8,2024-2025
0371123V,93.5,2024-2025
0381809K,106.3,2024-2025
0383119J,123.6,2024-2025
0390042J,118,2024-2025
0410036S,85.1,2024-2025
0420041S,103.7,2024-2025
0421606T,82,2024-2025
0422158T,100.3,2024-2025
0441656L,87.9,2024-2025
0441982R,113.5,2024-2025
0442273G,129.9,2024-2025
0450042B,106.1,2024-2025
0470001W,108.7,2024-2025
0470020S,103.9,2024-2025
0470641S,82.8,2024-2025
0500002F,109,2024-2025
0521032P,107.7,2024-2025
0530068L,107.1,2024-2025
0550026E,86.9,2024-2025
0560016N,102.5,2024-2025
0561534N,120.6,2024-2025
0572075W,73.9,2024-2025
0573366Z,109.7,2024-2025
0590060V,88.9,2024-2025
0590133Z,81.3,2024-2025
0590192N,103.1,2024-2025
0592610S,74.7,2024-2025
0600040T,101.9,2024-2025
0601950U,116.9,2024-2025
0620011A,82.3,2024-2025
0620040G,116,2024-2025
0620124Y,73.4,2024-2025
0622116N,140.5,2024-2025
0622192W,86.7,2024-2025
0630034V,114.7,2024-2025
0631070W,127.6,2024-2025
0631736V,118.1,2024-2025
0650001Y,116.8,2024-2025
0650062P,125.7,2024-2025
0660004W,98.9,2024-2025
0670043H,84.4,2024-2025
0670084C,101.8,2024-2025
0672604S,102.4,2024-2025
0690047B,82.1,2024-2025
0690533E,145.1,2024-2025
0690543R,138.8,2024-2025
0694026B,131.3,2024-2025
0710010A,105.1,2024-2025
0710026T,99,2024-2025
0710042K,101.1,2024-2025
0720048L,99.8,2024-2025
0721094Y,101.1,2024-2025
0741307U,108.5,2024-2025
0750463W,122.9,2024-2025
0750647W,122.3,2024-2025
0750674A,92.1,2024-2025
0750691U,112,2024-2025
0750704H,139.8,2024-2025
0750707L,104.8,2024-2025
0753647G,156,2024-2025
0753850C,155.2,2024-2025
0753852E,156,2024-2025
0754666P,143.6,2024-2025
0762911B,122.5,2024-2025
0763500S,110,2024-2025
0772292Y,119.4,2024-2025
0772296C,103.6,2024-2025
0811144D,95.3,2024-2025
0830095C,140.6,2024-2025
0840918S,118.5,2024-2025
0841117H,112.2,2024-2025
0860006P,87.5,2024-2025
0920981S,117.2,2024-2025
0932123C,79.7,2024-2025
0940122X,131,2024-2025
0941952L,86,2024-2025
0810018E,94.3,2023-2024
0870050G,109.8,2023-2024
0880030E,117.7,2023-2024
0880152M,100.3,2023-2024
9710709U,79.2,2023-2024
9711082Z,83.1,2023-2024
9720063L,138.5,2023-2024
9720829U,135.3,2023-2024
0131437S,109.4,2024-2025
0141274J,98.9,2024-2025
0180025E,92.9,2024-2025
0220097L,117.6,2024-2025
0221589H,104.8,2024-2025
0260082Y,104,2024-2025
0271634E,90.8,2024-2025
0290022S,96.9,2024-2025
0310040A,110.3,2024-2025
0310053P,85.7,2024-2025
0332081H,103.2,2024-2025
0332468D,107.3,2024-2025
0350791V,110.3,2024-2025
0352471W,118.9,2024-2025
0371099U,90.5,2024-2025
0380081G,109.1,2024-2025
0410718H,90,2024-2025
0420974F,114.1,2024-2025
0420984S,106.2,2024-2025
0421980Z,95.7,2024-2025
0440022K,139.2,2024-2025
0440030U,113.3,2024-2025
0440166S,139.9,2024-2025
0450758E,112.3,2024-2025
0450786K,85.7,2024-2025
0460039T,114.4,2024-2025
0470065R,120.9,2024-2025
0490834R,140.5,2024-2025
0492113F,122.3,2024-2025
0492148U,114.7,2024-2025
0492285T,111.6,2024-2025
0511135G,116.8,2024-2025
0540060X,80.6,2024-2025
0541986R,143.5,2024-2025
0560198L,114.6,2024-2025
0570061G,84.1,2024-2025
0570085H,95.7,2024-2025
0570248K,88.1,2024-2025
0572341K,134.2,2024-2025
0590149S,93.2,2024-2025
0592929N,113.5,2024-2025
0593141U,132.3,2024-2025
0601947R,117.4,2024-2025
0650025Z,118.6,2024-2025
0670041F,118.7,2024-2025
0670082A,96.5,2024-2025
0681761V,101.2,2024-2025
0740014N,98.1,2024-2025
0740097D,136.9,2024-2025
0750436S,91.1,2024-2025
0750670W,131.4,2024-2025
0760023M,110.5,2024-2025
0760029U,105,2024-2025
0771880A,90.5,2024-2025
0771995A,92.3,2024-2025
0772312V,93.1,2024-2025
0790702J,84.2,2024-2025
0801841S,120.9,2024-2025
0810004P,108,2024-2025
0331591A,122.7,2023-2024
0340076Y,102.6,2023-2024
0350053T,111,2023-2024
0351054F,90.2,2023-2024
0351907H,115.7,2023-2024
0370039S,118.2,2023-2024
0380083J,104.2,2023-2024
0381670J,109.1,2023-2024
0390027T,106.9,2023-2024
0400004M,93.6,2023-2024
0400019D,91.4,2023-2024
0410017W,103.7,2023-2024
0410959V,107.7,2023-2024
0420973E,118.6,2023-2024
0422132P,117.1,2023-2024
0422284E,121.3,2023-2024
0430023S,87.5,2023-2024
0440005S,93.3,2023-2024
0440172Y,147.2,2023-2024
0442071M,112.7,2023-2024
0442094M,124.8,2023-2024
0442309W,125.2,2023-2024
0442765S,113.6,2023-2024
0470015L,89.5,2023-2024
0490002L,121.6,2023-2024
0490838V,124.3,2023-2024
0492406Z,120.5,2023-2024
0500120J,125.3,2023-2024
0540032S,79.8,2023-2024
0570098X,108,2023-2024
0590192N,102.3,2023-2024
0590198V,76.9,2023-2024
0592916Z,109.8,2023-2024
0593027V,115.2,2023-2024
0593141U,131,2023-2024
0594424N,104.4,2023-2024
0594532F,72.7,2023-2024
0596281G,129.2,2023-2024
0600015R,101.1,2023-2024
0601896K,103.1,2023-2024
0620167V,79,2023-2024
0631669X,117.5,2023-2024
0650029D,92.4,2023-2024
0701078S,93.5,2023-2024
0710042K,99.5,2023-2024
0693446W,135.3,2024-2025
0741285V,113.8,2024-2025
0750667T,136,2024-2025
0790043T,96.4,2024-2025
0831242Z,101.5,2024-2025
0840021S,112.7,2024-2025
0840046U,81.7,2024-2025
0840059H,128.1,2024-2025
0840763Y,90.5,2024-2025
0890008A,100.1,2024-2025
0900029T,108,2024-2025
0920164D,92.9,2024-2025
0940114N,94.4,2024-2025
0941407U,128.4,2024-2025
0951104J,110.3,2024-2025
9720074Y,122.5,2024-2025
9720468B,85.3,2024-2025
9740043D,92.4,2024-2025
9740082W,73.1,2024-2025
9741046U,102.3,2024-2025
9741231V,83.6,2024-2025
0021906L,96.1,2023-2024
0022002R,91.1,2023-2024
0060022S,92.8,2023-2024
0090024C,98.9,2023-2024
0110012D,105.1,2023-2024
0110027V,84.6,2023-2024
0110823K,82.6,2023-2024
0120105Z,95.9,2023-2024
0130053M,104,2023-2024
0130072H,75.1,2023-2024
0131323T,157.1,2023-2024
0133395V,123.2,2023-2024
0141687H,87.6,2023-2024
0141867D,109.2,2023-2024
0141868E,94.3,2023-2024
0142107P,126.2,2023-2024
0160119T,83.9,2023-2024
0170060Y,112.7,2023-2024
0171571R,97.7,2023-2024
0180009M,86.4,2023-2024
0190058K,128.5,2023-2024
0210006T,114.1,2023-2024
0220106W,113.8,2023-2024
0220110A,135.5,2023-2024
0230051F,106.5,2023-2024
0240984P,90.3,2023-2024
0251035P,102.1,2023-2024
0251079M,84.5,2023-2024
0260074P,110.9,2023-2024
0271070S,112,2023-2024
0271074W,97,2023-2024
0280667Y,130.9,2023-2024
0300021K,119,2023-2024
0330089T,98.1,2023-2024
0331504F,139.8,2023-2024
0332781U,82.6,2023-2024
0333406Y,127.9,2023-2024
0342175E,123,2023-2024
0352686E,125.4,2023-2024
0410036S,84.9,2023-2024
0420018S,114.8,2023-2024
0420974F,119.2,2023-2024
0440033X,102.6,2023-2024
0440154D,142.3,2023-2024
0440282T,104.2,2023-2024
0450110A,136.3,2023-2024
0460026D,111,2023-2024
0460032K,94.8,2023-2024
0470060K,124,2023-2024
0134107U,99.3,2024-2025
0141175B,121.7,2024-2025
0142059M,135.3,2024-2025
0150646W,124.9,2024-2025
0210047M,103.4,2024-2025
0220058U,103,2024-2025
0220122N,104.5,2024-2025
0251971G,90.1,2024-2025
0260066F,130.9,2024-2025
0260078U,108.1,2024-2025
0280864M,91.1,2024-2025
0281021H,93,2024-2025
0292139T,101,2024-2025
0310044E,107.6,2024-2025
0311219G,123.5,2024-2025
0341523W,128.3,2024-2025
0350011X,107.3,2024-2025
0350029S,120.3,2024-2025
0490904S,111.9,2024-2025
0500065Z,118.3,2024-2025
0561641E,107.3,2024-2025
0572590F,90.2,2024-2025
0593006X,120.9,2024-2025
0641779L,114.9,2024-2025
0660924W,102.3,2024-2025
0721478R,110.7,2024-2025
0721549T,113.2,2024-2025
0730039W,115.9,2024-2025
0761322Z,84.9,2024-2025
0761742F,98,2024-2025
0781948U,87.4,2024-2025
0782593V,98.2,2024-2025
0850027T,101.4,2024-2025
0851346B,107.8,2024-2025
0851401L,116.5,2024-2025
0860037Y,109.8,2024-2025
0911577V,113.4,2024-2025
0931193S,82.9,2024-2025
0932303Y,143.4,2024-2025
0940120V,138.9,2024-2025
0950651S,116,2024-2025
9720727H,96.1,2024-2025
9741185V,94.3,2024-2025
9741230U,87.7,2024-2025
0010075B,134.1,2023-2024
0021869W,111.5,2023-2024
0060082G,88,2023-2024
0120038B,91.3,2023-2024
0130175V,112,2023-2024
0131360H,137.6,2023-2024
0131402D,111.6,2023-2024
0141169V,126.5,2023-2024
0142084P,111.1,2023-2024
0160010Z,109.8,2023-2024
0211089V,124.8,2023-2024
0221865H,99.6,2023-2024
0240028A,86.8,2023-2024
0260116K,79.8,2023-2024
0261148G,100.7,2023-2024
0290206S,121.5,2023-2024
0333307R,120.7,2023-2024
0340069R,92.1,2023-2024
0352235P,118,2023-2024
0420073B,77.3,2023-2024
0421035X,127.9,2023-2024
0511565Z,97.3,2023-2024
0541377D,98.4,2023-2024
0580761M,105.5,2023-2024
0590018Z,96.8,2023-2024
0590044C,81.5,2023-2024
0590184E,92.3,2023-2024
0620062F,104.3,2023-2024
0631034G,133.3,2023-2024
0641839B,120.6,2023-2024
0660059F,126.8,2023-2024
0670062D,76.9,2023-2024
0740062R,90.9,2023-2024
0772230F,114.8,2023-2024
0782539L,99.8,2023-2024
0783344L,151.1,2023-2024
0783350T,155.3,2023-2024
0800010B,117.4,2023-2024
0801704T,74.8,2023-2024
0810003N,91.8,2023-2024
0810004P,106.5,2023-2024
0840041N,78,2023-2024
0850077X,110,2023-2024
0762601P,95.8,2024-2025
0772332S,114.5,2024-2025
0781512V,141,2024-2025
0840001V,99.3,2024-2025
0880040R,97.3,2024-2025
0910824B,144.3,2024-2025
0910975R,104.2,2024-2025
0920131T,109.8,2024-2025
0920163C,94,2024-2025
0921156G,98.5,2024-2025
0922277A,80.7,2024-2025
0922653J,125.9,2024-2025
0923051S,130.7,2024-2025
0932116V,97.3,2024-2025
0932861E,140.1,2024-2025
0940145X,82.2,2024-2025
0941347D,112.6,2024-2025
0941474S,93.1,2024-2025
0941943B,127.3,2024-2025
0950812S,126.1,2024-2025
0951710T,123.4,2024-2025
6200001G,112.9,2024-2025
9710922A,109.3,2024-2025
9710991A,87.4,2024-2025
9730235T,74.5,2024-2025
9730309Y,86.2,2024-2025
9740472V,69.6,2024-2025
9740910W,71.5,2024-2025
0011142L,108.2,2023-2024
0020072T,77.6,2023-2024
0022180J,113.3,2023-2024
0030892D,96.2,2023-2024
0060061J,96.9,2023-2024
0061244V,110.9,2023-2024
0070040F,107.2,2023-2024
0080088C,117.6,2023-2024
0090037S,107,2023-2024
0100055F,120.9,2023-2024
0131322S,125.4,2023-2024
0131604Y,64.5,2023-2024
0132325G,120.3,2023-2024
0132946G,115.9,2023-2024
0140088V,108.3,2023-2024
0160030W,104.2,2023-2024
0171340P,121.5,2023-2024
0600045Y,104.5,2023-2024
0601872J,132.9,2023-2024
0620082C,90.2,2023-2024
0622087G,80.6,2023-2024
0622143T,116,2023-2024
0622867E,94,2023-2024
0622951W,99.9,2023-2024
0623759Z,98.6,2023-2024
0630064C,96.7,2023-2024
0631730N,129.8,2023-2024
0640078M,123.9,2023-2024
0641391P,118.9,2023-2024
0641653Z,131.3,2023-2024
0641661H,130.1,2023-2024
0642006H,117.4,2023-2024
0650878B,113.6,2023-2024
0671741D,98.5,2023-2024
0671909L,99.4,2023-2024
0671962U,117.1,2023-2024
0672197Z,109.2,2023-2024
0681448E,104,2023-2024
0692334M,105,2023-2024
0692694D,120.5,2023-2024
0692695E,95.6,2023-2024
0692943Z,150.9,2023-2024
0693975W,126.2,2023-2024
0700007C,91.5,2023-2024
0700925A,98.5,2023-2024
0711136Z,93.6,2023-2024
0720836T,117,2023-2024
0721262F,94.2,2023-2024
0730044B,100,2023-2024
0752189X,115,2023-2024
0754853T,136.7,2023-2024
0760009X,82.7,2023-2024
0761717D,121.9,2023-2024
0762197A,110,2023-2024
0770051M,116,2023-2024
0772246Y,100.4,2023-2024
0810787R,90.3,2023-2024
0830023Z,112.1,2023-2024
0830147J,108.5,2023-2024
0831379Y,98.3,2023-2024
0840079E,117.4,2023-2024
0851132U,96.7,2023-2024
0851620Z,107.8,2023-2024
0860702W,88.7,2023-2024
0861071X,NA,2023-2024
0910056S,80.8,2023-2024
0911747E,121.8,2023-2024
0920890T,154.4,2023-2024
0921244C,134.9,2023-2024
0922701L,97.7,2023-2024
0922751R,125.4,2023-2024
0930089S,89.2,2023-2024
0931005M,84.4,2023-2024
0931222Y,86.8,2023-2024
0931712F,113.1,2023-2024
0931764M,121.9,2023-2024
0932043R,112.3,2023-2024
0932333F,106,2023-2024
0940072T,128.1,2023-2024
0941233E,98.3,2023-2024
0950039B,90.4,2023-2024
0950790T,148.1,2023-2024
0950891C,106.5,2023-2024
0950892D,127.8,2023-2024
0951143B,87.1,2023-2024
9710025A,94.6,2023-2024
9711218X,99,2023-2024
9720445B,79.8,2023-2024
9720708M,78.4,2023-2024
9730381B,73.2,2023-2024
9741386N,77.8,2023-2024
0010042R,103.2,2024-2025
0011388D,111.7,2024-2025
0020470A,112.7,2024-2025
0030022H,101.2,2024-2025
0030030S,76.5,2024-2025
0050023Y,114.1,2024-2025
0080052N,95.4,2024-2025
0100008E,101.1,2024-2025
0100013K,104.9,2024-2025
0100057H,100.5,2024-2025
0100905E,86.3,2024-2025
0110896P,120.9,2024-2025
0120032V,113.3,2024-2025
0131261A,70.2,2024-2025
0131605Z,63.3,2024-2025
0132314V,84.6,2024-2025
0140038R,94.9,2024-2025
0140067X,93.1,2024-2025
0141312A,108.5,2024-2025
0150033E,108.6,2024-2025
0150581A,102.9,2024-2025
0170050M,96.7,2024-2025
0170082X,95.2,2024-2025
0171159T,92.5,2024-2025
0171211Z,119.3,2024-2025
0171215D,101.4,2024-2025
0190006D,108,2024-2025
0190613N,97,2024-2025
0190615R,97.8,2024-2025
0190720E,105,2024-2025
0211034K,127.7,2024-2025
0260997T,105.7,2024-2025
0261088S,95.2,2024-2025
0270043A,93.4,2024-2025
0280002A,94.3,2024-2025
0301245R,107.5,2024-2025
0301354J,113.8,2024-2025
0310012V,103.6,2024-2025
0311965T,153,2024-2025
0312139G,110,2024-2025
0332341R,100,2024-2025
0332494G,132.4,2024-2025
0333093H,134.5,2024-2025
0350002M,113.2,2024-2025
0350870F,116.3,2024-2025
0351881E,117.3,2024-2025
0352541X,118.2,2024-2025
0353006C,144.1,2024-2025
0370793L,115.5,2024-2025
0381777A,137,2024-2025
0390009Y,108.6,2024-2025
0390072S,99.7,2024-2025
0390961H,98.2,2024-2025
0400105X,101.5,2024-2025
0400858R,121.7,2024-2025
0421456E,97.4,2024-2025
0430820H,97.5,2024-2025
0440235S,108.2,2024-2025
0441654J,111.4,2024-2025
0441727N,89.8,2024-2025
0450839T,82.3,2024-2025
0480017H,104.6,2024-2025
0492081W,116.7,2024-2025
0500075K,103.4,2024-2025
0500123M,101,2024-2025
0530025P,87,2024-2025
0530059B,98.4,2024-2025
0530065H,101.2,2024-2025
0540005M,99.6,2024-2025
0541284C,108.5,2024-2025
0593130G,94.7,2024-2025
0593147A,113.4,2024-2025
0593163T,109.1,2024-2025
0593488W,88.5,2024-2025
0595190W,76.3,2024-2025
0595328W,80.7,2024-2025
0595389M,127.5,2024-2025
0720081X,78.6,2024-2025
0721044U,100.5,2024-2025
0740102J,113.8,2024-2025
0741501E,102.9,2024-2025
0750182R,136,2024-2025
0752527P,141.3,2024-2025
0752606A,82.5,2024-2025
0752923V,154.7,2024-2025
0752926Y,158.3,2024-2025
0753047E,109,2024-2025
0755241P,103.3,2024-2025
0671594U,96.5,2023-2024
0241011U,94.5,2023-2024
0251062U,98.3,2023-2024
0671830A,103.4,2023-2024
0260978X,93.3,2023-2024
0270019Z,92.2,2023-2024
0672899M,126.8,2023-2024
0271104D,92.1,2023-2024
0680136D,125.3,2023-2024
0271321P,102.9,2023-2024
0690076H,81.7,2023-2024
0690094C,71.7,2023-2024
0691482L,110.8,2023-2024
0281055V,114.1,2023-2024
0691728D,109.7,2023-2024
0300006U,98.3,2023-2024
0692925E,118.5,2023-2024
0300037C,85.3,2023-2024
0301723K,118.9,2023-2024
0311231V,98,2023-2024
0710044M,106.5,2023-2024
0311965T,143.9,2023-2024
0720014Z,97.5,2023-2024
0720986F,110.2,2023-2024
0721408P,99.5,2023-2024
0721655H,110.5,2023-2024
0730049G,112,2023-2024
0730853F,112.9,2023-2024
0741116L,119.6,2023-2024
0741279N,134.6,2023-2024
0750550R,107.5,2023-2024
0751793S,86,2023-2024
0752252R,100.4,2023-2024
0752530T,141,2023-2024
0752531U,147.8,2023-2024
0752544H,94.5,2023-2024
0752882A,147.7,2023-2024
0754253R,128.4,2023-2024
0754506R,157.3,2023-2024
0755000C,100.3,2023-2024
0760021K,109,2023-2024
0760172Z,99.7,2023-2024
0762568D,112.5,2023-2024
0770013W,93.6,2023-2024
0771175J,107.8,2023-2024
0771762X,97.3,2023-2024
0771770F,103.5,2023-2024
0772119K,116.8,2023-2024
0772588V,123.7,2023-2024
0772945H,114.3,2023-2024
0780184B,143.6,2023-2024
0780575B,138.9,2023-2024
0782115A,95.2,2023-2024
0783215W,104.5,2023-2024
0790072Z,110,2023-2024
0312885T,138.2,2023-2024
0320563N,103.6,2023-2024
0330091V,96.9,2023-2024
0331885V,86.3,2023-2024
0332085M,108.4,2023-2024
0332246M,114.1,2023-2024
0332285E,97,2023-2024
0332487Z,132.2,2023-2024
0332493F,148.8,2023-2024
0332723F,105.1,2023-2024
0332768E,121.7,2023-2024
0333532K,91.4,2023-2024
0341028H,118.4,2023-2024
0350707D,108,2023-2024
0350708E,91.1,2023-2024
0350855P,127.9,2023-2024
0360040Y,96.6,2023-2024
0360048G,98.4,2023-2024
0370007G,98.3,2023-2024
0370051E,99.4,2023-2024
0370732V,134.1,2023-2024
0370884K,105.5,2023-2024
0371159J,102.4,2023-2024
0380002W,118.5,2023-2024
0380004Y,100.2,2023-2024
0380047V,108.3,2023-2024
0382043P,92.7,2023-2024
0382204P,133.5,2023-2024
0382782T,127.4,2023-2024
0400071K,125.4,2023-2024
0400874H,109.6,2023-2024
0410024D,104.2,2023-2024
0410790L,112.4,2023-2024
0421569C,90.9,2023-2024
0801325F,102.5,2023-2024
0810008U,100.8,2023-2024
0810041E,120.5,2023-2024
0421919H,78.6,2023-2024
0430002U,106,2023-2024
0430069S,95.5,2023-2024
0430074X,112.7,2023-2024
0820922G,108.3,2023-2024
0440195Y,109.6,2023-2024
0440211R,98.2,2023-2024
0830954L,81.9,2023-2024
0440291C,105.9,2023-2024
0840762X,82.4,2023-2024
0442368K,108.1,2023-2024
0851388X,102.1,2023-2024
0442835T,106.2,2023-2024
0861092V,118.1,2023-2024
0470733S,101.4,2023-2024
0880151L,89.8,2023-2024
0490061A,99.6,2023-2024
0500048F,106.5,2023-2024
0500075K,103.7,2023-2024
9720469C,107.4,2023-2024
9720897T,125.6,2023-2024
9740595D,74.9,2023-2024
0580036Z,103,2023-2024
0011338Z,119.5,2024-2025
0590088A,77.2,2023-2024
0590131X,76,2023-2024
0021685W,102.6,2024-2025
0592907P,77.9,2023-2024
0030892D,98.1,2024-2025
0593494C,88.1,2023-2024
0040019Z,102.8,2024-2025
0594418G,74.3,2023-2024
0060068S,113.9,2024-2025
0060823M,128.2,2024-2025
0060842H,106.5,2024-2025
0601821D,93.6,2023-2024
0061456A,140.2,2024-2025
0070035A,104,2024-2025
0622139N,104.6,2023-2024
0080897G,96.5,2024-2025
0622790W,90.9,2023-2024
0081105H,89.3,2024-2025
0623014P,97.9,2023-2024
0100807Y,85.5,2024-2025
0630916D,110.9,2023-2024
0631073Z,152,2023-2024
0131259Y,120.6,2024-2025
0631523N,99.3,2023-2024
0133352Y,91.2,2024-2025
0651004N,112.6,2023-2024
0150018N,97.1,2024-2025
0670009W,115.4,2023-2024
0170047J,107.5,2024-2025
0671739B,98.1,2023-2024
0170077S,72.4,2024-2025
0671985U,104.8,2023-2024
0180031L,102,2024-2025
0672896J,113.9,2023-2024
0190059L,131.4,2024-2025
0210051S,121.1,2024-2025
0211070Z,126.4,2024-2025
0211136W,105.6,2024-2025
0211452P,99.5,2024-2025
0211557D,104.2,2024-2025
0220006M,105.8,2024-2025
0220134B,129.8,2024-2025
0221541F,110.5,2024-2025
0240010F,103.8,2024-2025
0240040N,96.8,2024-2025
0250040H,108.9,2024-2025
0681395X,68.6,2023-2024
0690015S,112.8,2023-2024
0690611P,138.8,2023-2024
0691481K,92.9,2023-2024
0691668N,98.1,2023-2024
0692163B,117,2023-2024
0693093M,94.6,2023-2024
0700895T,102.2,2023-2024
0701002J,118.4,2023-2024
0710022N,104.5,2023-2024
0710115P,112.1,2023-2024
0710535W,107.9,2023-2024
0711294W,92,2023-2024
0720067G,91.7,2023-2024
0721090U,107.1,2023-2024
0721263G,94.2,2023-2024
0730904L,94.4,2023-2024
0731114P,110.2,2023-2024
0740018T,123.1,2023-2024
0752528R,147.3,2023-2024
0752549N,148,2023-2024
0752555V,105.5,2023-2024
0752557X,121.6,2023-2024
0752920S,161.6,2023-2024
0752925X,148.2,2023-2024
0761690Z,105.6,2023-2024
0761785C,98.1,2023-2024
0770059W,104.6,2023-2024
0771220H,137.1,2023-2024
0771476L,87.9,2023-2024
0251130T,103,2024-2025
0251208C,92.7,2024-2025
0251524W,98.3,2024-2025
0780572Y,86.4,2023-2024
0780708W,106.9,2023-2024
0783253M,122.4,2023-2024
0260092J,124.9,2024-2025
0790060L,97,2023-2024
0271056B,108.9,2024-2025
0801208D,127,2023-2024
0271316J,92.8,2024-2025
0271482P,99,2024-2025
0280018T,104.9,2024-2025
0280663U,126.4,2024-2025
0290149E,74.6,2024-2025
0290331C,108.8,2024-2025
0300096S,113.9,2024-2025
0311325X,89.5,2024-2025
0311327Z,100.4,2024-2025
0311686P,108.1,2024-2025
0312337X,130.9,2024-2025
0312609T,131.5,2024-2025
0313078C,103.5,2024-2025
0320014S,118.9,2024-2025
0330066T,128,2024-2025
0332090T,110.1,2024-2025
0332285E,99.4,2024-2025
0332343T,125.7,2024-2025
0340118U,74.3,2024-2025
0341028H,118.5,2024-2025
0350707D,109.9,2024-2025
0350775C,112.8,2024-2025
0350851K,110.7,2024-2025
0350852L,133.2,2024-2025
0360023E,97.9,2024-2025
0360028K,99.6,2024-2025
0360048G,98.6,2024-2025
0360498W,92.5,2024-2025
0370033K,95.2,2024-2025
0370886M,98.9,2024-2025
0370994E,106.5,2024-2025
0371316E,94.6,2024-2025
0382174G,89.3,2024-2025
0382582A,108.6,2024-2025
0400005N,117.4,2024-2025
0410595Z,100.5,2024-2025
0420978K,126.9,2024-2025
0421734G,119,2024-2025
0430012E,98.3,2024-2025
0430026V,101,2024-2025
0430043N,99.9,2024-2025
0440010X,110.9,2024-2025
0440203G,100.4,2024-2025
0440239W,116.7,2024-2025
0440242Z,122.6,2024-2025
0441610L,98,2024-2025
0830927G,100.3,2023-2024
0441936R,148.3,2024-2025
0850605W,105,2023-2024
0442728B,113.3,2024-2025
0851163C,85.3,2023-2024
0851193K,91.7,2023-2024
0870001D,107.6,2023-2024
0870771R,100.2,2023-2024
0880105L,109.9,2023-2024
0880112U,91.7,2023-2024
0470720C,97.2,2024-2025
0910049J,81.2,2023-2024
0490010V,93.3,2024-2025
0911028Y,96,2023-2024
0490842Z,107.8,2024-2025
0911150F,102.1,2023-2024
0492140K,122.4,2024-2025
0911340M,109,2023-2024
0510059M,101.3,2024-2025
0911490A,102.7,2023-2024
0511176B,109.5,2024-2025
0912257J,101.7,2023-2024
0511564Y,124.1,2024-2025
0920855E,115.1,2023-2024
0541989U,106.2,2024-2025
0921243B,110.3,2023-2024
0560102G,106.3,2024-2025
0931214P,102.6,2023-2024
0561332U,94.5,2024-2025
0931610V,88.4,2023-2024
0580035Y,94.9,2024-2025
0932581A,134.8,2023-2024
0580599L,100.3,2024-2025
0940071S,102.7,2023-2024
0590068D,88.2,2024-2025
0940551N,92.6,2023-2024
0593660H,77.6,2024-2025
0941090Z,125.7,2023-2024
0594418G,76.7,2024-2025
0595166V,125.6,2024-2025
0020483P,108.7,2024-2025
0021598B,95.2,2024-2025
0021688Z,91.7,2024-2025
0595277R,79.2,2024-2025
0030981A,116.1,2024-2025
0600012M,108.7,2024-2025
0060841G,88.4,2024-2025
0601176C,101.8,2024-2025
0062056C,144.9,2024-2025
0610023U,99.9,2024-2025
0071300A,101,2024-2025
0620014D,97.5,2024-2025
0622103Z,135.4,2024-2025
0622115M,115.7,2024-2025
0090038T,101.9,2024-2025
0622867E,92.9,2024-2025
0623315S,84.5,2024-2025
0630062A,101.8,2024-2025
0132204A,76,2024-2025
0631097A,108.2,2024-2025
0132402R,117.8,2024-2025
0640112Z,137,2024-2025
0140068Y,108.5,2024-2025
0640144J,110.7,2024-2025
0141166S,91.3,2024-2025
0660431K,101.5,2024-2025
0150029A,99.2,2024-2025
0672197Z,108.5,2024-2025
0160042J,103.2,2024-2025
0680128V,104.4,2024-2025
0190001Y,110.9,2024-2025
0681373Y,101.7,2024-2025
0230506A,104.3,2024-2025
0681957H,81.8,2024-2025
0240045U,98,2024-2025
0691479H,78.5,2024-2025
0251586N,99.4,2024-2025
0692157V,88.4,2024-2025
0280680M,115,2024-2025
0781985J,119.2,2024-2025
0280903E,97.8,2024-2025
0783546F,162.5,2024-2025
0790003Z,92.5,2024-2025
0790010G,104.1,2024-2025
0801212H,136.8,2024-2025
0290304Y,112.4,2024-2025
0290306A,112.9,2024-2025
0811063R,122.3,2024-2025
0291753Y,125.6,2024-2025
0300037C,85,2024-2025
0301284H,99.7,2024-2025
0830180V,71.7,2024-2025
0310084Y,104.2,2024-2025
0831644L,108.4,2024-2025
0311232W,102.1,2024-2025
0311333F,106.9,2024-2025
0311580Z,107.4,2024-2025
0311632F,104.5,2024-2025
0850082C,114.5,2024-2025
0320074G,101,2024-2025
0860047J,111.6,2024-2025
0331530J,125.9,2024-2025
0860763M,101.4,2024-2025
0340086J,116.6,2024-2025
0870909R,130.3,2024-2025
0341893Y,93.7,2024-2025
0880150K,107.3,2024-2025
0360040Y,95.8,2024-2025
0360541T,73.5,2024-2025
0360690E,104.9,2024-2025
0370740D,118.3,2024-2025
0370741E,129.8,2024-2025
0371159J,100.2,2024-2025
0380001V,101.7,2024-2025
0380046U,103.5,2024-2025
0380058G,123.4,2024-2025
0381903M,70.3,2024-2025
0382044R,78.7,2024-2025
0382429J,130.3,2024-2025
0382705J,105.2,2024-2025
0390922R,93.5,2024-2025
0390923S,114.7,2024-2025
0400010U,92.2,2024-2025
0400026L,101.2,2024-2025
0400033U,99.8,2024-2025
0400093J,95.3,2024-2025
0400727Y,97.1,2024-2025
0400729A,101.4,2024-2025
0401022U,127.1,2024-2025
0410860M,108.5,2024-2025
0410914W,104.7,2024-2025
0421049M,108.2,2024-2025
0421176A,65.5,2024-2025
0421454C,109.8,2024-2025
0421486M,90.2,2024-2025
0421799C,113,2024-2025
0440049P,109.4,2024-2025
0440228J,132.2,2024-2025
0440286X,74.3,2024-2025
0910773W,107.8,2024-2025
0910973N,92.5,2024-2025
0441929H,111.9,2024-2025
0441940V,136.8,2024-2025
0920936T,156.4,2024-2025
0921228K,95.5,2024-2025
0442781J,115.3,2024-2025
0921554P,136.2,2024-2025
0921589C,76.8,2024-2025
0921903U,107.1,2024-2025
0921916H,160,2024-2025
0930966V,137.4,2024-2025
0931184G,73.2,2024-2025
0451449F,103.6,2024-2025
0931546A,89.1,2024-2025
0932366S,79,2024-2025
0932581A,135.9,2024-2025
0932695Z,96.8,2024-2025
0940874P,138.5,2024-2025
0941014S,128.3,2024-2025
0460592U,102.4,2024-2025
0941025D,87.2,2024-2025
0941431V,103.1,2024-2025
0490829K,128.9,2024-2025
0490839W,125,2024-2025
0951527U,116.3,2024-2025
0952087C,100.5,2024-2025
0490962E,93.2,2024-2025
6200010S,127.2,2024-2025
6200026J,95.9,2024-2025
9711218X,99.4,2024-2025
9720017L,90.6,2024-2025
9720446C,82.5,2024-2025
0520017L,89.2,2024-2025
0530015D,107.3,2024-2025
0530082B,107.4,2024-2025
0530793Z,92.3,2024-2025
9760308F,64.8,2024-2025
0541336J,99.6,2024-2025
0550920B,106.1,2024-2025
0560153M,114.6,2024-2025
0561409C,108.8,2024-2025
0562028A,78.2,2024-2025
0572360F,104,2024-2025
0572477H,107.4,2024-2025
0572585A,87.8,2024-2025
0572640K,98,2024-2025
0572812X,92.1,2024-2025
0573688Z,144.7,2024-2025
0580040D,94.3,2024-2025
0580068J,106.9,2024-2025
0580619H,104.6,2024-2025
0580651T,92.4,2024-2025
0590002G,82.2,2024-2025
0593168Y,125.9,2024-2025
0593196D,105,2024-2025
0593487V,90.3,2024-2025
0594168K,88.1,2024-2025
0594288R,69.1,2024-2025
0594866U,129.7,2024-2025
0594876E,95.4,2024-2025
0595758N,102.1,2024-2025
0601150Z,147.7,2024-2025
0601445V,98.3,2024-2025
0610010E,104,2024-2025
0611023F,91.5,2024-2025
0620198D,80.6,2024-2025
0622096S,96.6,2024-2025
0622130D,106.9,2024-2025
0623314R,77.6,2024-2025
0631111R,118,2024-2025
0631238D,87,2024-2025
0631731P,136.4,2024-2025
0640170M,102.5,2024-2025
0650838H,99.7,2024-2025
0670065G,84,2024-2025
0671688W,108.9,2024-2025
0671960S,102.6,2024-2025
0680144M,122,2024-2025
0681539D,105.1,2024-2025
0682018Z,99.8,2024-2025
0690053H,105.6,2024-2025
0690614T,113.5,2024-2025
0692940W,142.8,2024-2025
0700026Y,108.6,2024-2025
0710025S,108.3,2024-2025
0720004N,96.7,2024-2025
0720806K,111.7,2024-2025
0730017X,106.4,2024-2025
0740001Z,105.1,2024-2025
0741281R,115.4,2024-2025
0741419R,105.9,2024-2025
0741816X,116.7,2024-2025
0750546L,82.5,2024-2025
0750609E,123.5,2024-2025
0752195D,106.7,2024-2025
0752916M,119,2024-2025
0752954D,146.6,2024-2025
0754290F,116.6,2024-2025
0761696F,90.4,2024-2025
0771175J,108.3,2024-2025
0771911J,118.9,2024-2025
0771959L,107.4,2024-2025
0772227C,110.2,2024-2025
0780261K,119.8,2024-2025
0781632A,138.5,2024-2025
0783248G,107.5,2024-2025
0811064S,111.4,2024-2025
0830110U,130.3,2024-2025
0840006A,96.9,2024-2025
0840051Z,68.3,2024-2025
0850145W,88.6,2024-2025
0860040B,123.1,2024-2025
0881102V,93.5,2024-2025
0311584D,122.1,2023-2024
0311962P,153.1,2023-2024
9720495F,87.5,2023-2024
0572927X,133.4,2023-2024
9740072K,129.1,2023-2024
0580065F,102.4,2023-2024
9740702V,75.7,2023-2024
0592901H,121.2,2023-2024
0010018P,96.7,2024-2025
0593163T,110.7,2023-2024
0021595Y,91.9,2024-2025
0594303G,78.5,2023-2024
0594409X,70.5,2023-2024
0594533G,75.5,2023-2024
0594537L,107,2023-2024
0594636U,101.2,2023-2024
0595404D,143.2,2023-2024
0595757M,92.1,2023-2024
0601408E,103.4,2023-2024
0602077G,110,2023-2024
0060048V,113.6,2024-2025
0622130D,107.3,2023-2024
0060083H,107.2,2024-2025
0060084J,84.1,2024-2025
0061668F,92.6,2024-2025
0061824A,96.6,2024-2025
0631120A,70.5,2023-2024
0640041X,111.6,2023-2024
0081098A,93.1,2024-2025
0660008A,99.2,2023-2024
0121524S,100.5,2024-2025
0132009N,112,2024-2025
0132412B,93.4,2024-2025
0132785G,63,2024-2025
0133016H,126.4,2024-2025
0133510V,122.6,2024-2025
0133866G,123.5,2024-2025
0141228J,110.2,2024-2025
0150065P,104.8,2024-2025
0160061E,129.9,2024-2025
0180796T,129.2,2024-2025
0210033X,115.8,2024-2025
0211225T,71.5,2024-2025
0211229X,109.7,2024-2025
0220032R,99.2,2024-2025
0220142K,115.9,2024-2025
0220161F,110.4,2024-2025
0221513A,91.7,2024-2025
0230011M,90,2024-2025
0240052B,98.9,2024-2025
0680133A,126.7,2023-2024
0681373Y,101.2,2023-2024
0691649T,114.3,2023-2024
0691669P,87.3,2023-2024
0692159X,75,2023-2024
0692343X,68.5,2023-2024
0692921A,141.7,2023-2024
0694185Z,110.6,2023-2024
0694312M,127.7,2023-2024
0700896U,94.7,2023-2024
0710005V,96.7,2023-2024
0711925G,101.7,2023-2024
0720004N,94.8,2023-2024
0720019E,96,2023-2024
0720903R,100.4,2023-2024
0721043T,103.5,2023-2024
0721477P,112,2023-2024
0730017X,106.5,2023-2024
0731372V,NA,2023-2024
0740040S,116.1,2023-2024
0740114X,132.7,2023-2024
0740126K,115.6,2023-2024
0740910M,91.7,2023-2024
0750591K,116.3,2023-2024
0750607C,116,2023-2024
0752523K,119.8,2023-2024
0752527P,140.3,2023-2024
0752912H,156.2,2023-2024
0752934G,144.8,2023-2024
0760083C,89.4,2023-2024
0760173A,98.3,2023-2024
0761331J,119.1,2023-2024
0761731U,113.9,2023-2024
0761741E,102.4,2023-2024
0762563Y,121,2023-2024
0771761W,70.2,2023-2024
0771917R,130.2,2023-2024
0772190M,107.3,2023-2024
0772429X,110.5,2023-2024
0780261K,120.9,2023-2024
0780504Z,137.9,2023-2024
0780713B,131.1,2023-2024
0780846W,114,2023-2024
0783342J,135.1,2023-2024
0790063P,99.6,2023-2024
0790699F,116,2023-2024
0790965V,114.9,2023-2024
0790978J,97,2023-2024
0800022P,89.8,2023-2024
0800041K,85.9,2023-2024
0801211G,125.1,2023-2024
0801263N,74.7,2023-2024
0810052S,107.1,2023-2024
0811066U,117.3,2023-2024
0251599C,78.9,2024-2025
0820047F,116.3,2023-2024
0820891Y,107.7,2023-2024
0830019V,105.3,2023-2024
0830028E,102.2,2023-2024
0831391L,108.5,2023-2024
0840060J,122.2,2023-2024
0851181X,110.8,2023-2024
0851560J,100.1,2023-2024
0860765P,102.4,2023-2024
0861073Z,122.7,2023-2024
0880154P,97.1,2023-2024
0881101U,82.8,2023-2024
0890009B,101.6,2023-2024
0890540D,99.5,2023-2024
0910024G,136.7,2023-2024
0911345T,110.3,2023-2024
0594386X,106.1,2024-2025
0920624D,128.4,2023-2024
0921621M,83.6,2023-2024
0921907Y,159.2,2023-2024
0930629D,127.9,2023-2024
0930891N,80,2023-2024
0930959M,113.9,2023-2024
0931181D,91.5,2023-2024
0931207G,87.5,2023-2024
0931546A,88.8,2023-2024
0940042K,95,2023-2024
0940583Y,116,2023-2024
0940625U,101.1,2023-2024
0941224V,79.1,2023-2024
0950019E,120.6,2023-2024
0950046J,110.1,2023-2024
0950739M,89.7,2023-2024
0950752B,120.6,2023-2024
0950789S,131.8,2023-2024
0951051B,120.6,2023-2024
0951504U,142.4,2023-2024
0951505V,146.7,2023-2024
0951636M,105.6,2023-2024
7200044K,106.9,2023-2024
9710985U,111.1,2023-2024
9711155D,99.2,2023-2024
9720008B,109.7,2023-2024
9720351Z,84.6,2023-2024
9730206L,77.8,2023-2024
9730337D,70.7,2023-2024
9730373T,68.7,2023-2024
0594643B,100.5,2024-2025
0595168X,71.8,2024-2025
0595391P,120.4,2024-2025
0596846W,117.7,2024-2025
0596988A,106.4,2024-2025
0600036N,84.7,2024-2025
0601409F,113.7,2024-2025
0601605U,84.4,2024-2025
0601606V,119.9,2024-2025
0610036H,97,2024-2025
0610691V,111.3,2024-2025
0610714V,103,2024-2025
0611026J,68.1,2024-2025
0620079Z,80.3,2024-2025
0620082C,91.6,2024-2025
0620096T,82.3,2024-2025
0624343J,116.8,2024-2025
9740037X,82.4,2023-2024
0631126G,87.9,2024-2025
9741366S,70.7,2023-2024
0640146L,126.5,2024-2025
0010026Y,110.3,2024-2025
0640165G,112.7,2024-2025
0640229B,106.8,2024-2025
0010896U,123.7,2024-2025
0642038T,116.1,2024-2025
0020002S,97.4,2024-2025
0650050B,100.3,2024-2025
0020067M,84.7,2024-2025
0660030Z,102.9,2024-2025
0021489H,80.4,2024-2025
0030837U,106.4,2024-2025
0030838V,84.8,2024-2025
0031010G,101.2,2024-2025
0671958P,123.2,2024-2025
0070019H,97.7,2024-2025
0690618X,110.4,2024-2025
0070080Z,104.8,2024-2025
0691484N,102.5,2024-2025
0692411W,114.8,2024-2025
0693834T,87,2024-2025
0693975W,127,2024-2025
0700007C,95.6,2024-2025
0720002L,100.9,2024-2025
0730769P,102.7,2024-2025
0730903K,101.8,2024-2025
0132946G,115.9,2024-2025
0740029E,107.1,2024-2025
0150023U,106.4,2024-2025
0750550R,110.4,2024-2025
0271068P,130.3,2024-2025
0271320N,96.4,2024-2025
0280918W,75.5,2024-2025
0290047U,108.7,2024-2025
0290089P,102.6,2024-2025
0291102R,94,2024-2025
0291867X,128.1,2024-2025
0291929P,119.9,2024-2025
0301013N,74.1,2024-2025
0771926A,135.6,2024-2025
0772247Z,111.3,2024-2025
0312762J,139.4,2024-2025
0313045S,109,2024-2025
0780846W,110.3,2024-2025
0781589D,158.8,2024-2025
0783774D,71.9,2024-2025
0790067U,105.2,2024-2025
0800036E,80.2,2024-2025
0350770X,111.2,2024-2025
0810126X,88.9,2024-2025
0352069J,142.7,2024-2025
0820896D,95,2024-2025
0831355X,102.7,2024-2025
0831552L,111.4,2024-2025
0840066R,121.1,2024-2025
0860764N,123.3,2024-2025
0870022B,89.4,2024-2025
0870039V,101.2,2024-2025
0870729V,70.4,2024-2025
0881120P,87.9,2024-2025
0910025H,101,2024-2025
0910060W,99.1,2024-2025
0910677S,105.9,2024-2025
0910752Y,87.3,2024-2025
0910777A,93.7,2024-2025
0441939U,104.8,2024-2025
0911143Y,141.8,2024-2025
0460594W,101.8,2024-2025
0911729K,76.3,2024-2025
0470043S,99.8,2024-2025
0490039B,93.7,2024-2025
0490860U,106.8,2024-2025
0490960C,89.9,2024-2025
0491262F,91.2,2024-2025
0921507N,144.7,2024-2025
0921550K,117.7,2024-2025
0921590D,138.8,2024-2025
0921868F,111.3,2024-2025
0930611J,76.3,2024-2025
0930891N,82.2,2024-2025
0500059T,97.5,2024-2025
0931232J,75.6,2024-2025
0500121K,112.8,2024-2025
0932454M,101.4,2024-2025
0511256N,87.4,2024-2025
0940808T,147.4,2024-2025
0940810V,142.9,2024-2025
0941038T,107.7,2024-2025
0941052H,82.8,2024-2025
0941712A,143.1,2024-2025
0941781A,97.6,2024-2025
0541778P,123.3,2024-2025
0550014S,92.7,2024-2025
0560024X,93.4,2024-2025
0560158T,101.8,2024-2025
0561379V,114,2024-2025
0561546B,96.2,2024-2025
0561840W,119.6,2024-2025
0570097W,99,2024-2025
0570223H,107.3,2024-2025
0570315H,112,2024-2025
9720351Z,87,2024-2025
0572088K,82.2,2024-2025
9720776L,123.8,2024-2025
0580065F,103.4,2024-2025
9730130D,76.2,2024-2025
9740093H,95.7,2024-2025
9740574F,72.7,2024-2025
9741188Y,99.4,2024-2025
0596833G,79.2,2024-2025
0600007G,74.7,2024-2025
0601153C,99.5,2024-2025
0601833S,109.6,2024-2025
0610031C,103.7,2024-2025
0622136K,105.9,2024-2025
0622574L,92.3,2024-2025
0622790W,92,2024-2025
0623018U,84.8,2024-2025
0631121B,106.7,2024-2025
0631479R,123.1,2024-2025
0631503S,91.2,2024-2025
0640004G,106.1,2024-2025
0650019T,101.4,2024-2025
0650020U,102.6,2024-2025
0660872P,122.9,2024-2025
0670016D,105.9,2024-2025
0671687V,112.5,2024-2025
0672896J,117.7,2024-2025
0680014W,102.7,2024-2025
0680136D,125.7,2024-2025
0691496B,120.8,2024-2025
0691666L,76.9,2024-2025
0692414Z,105.4,2024-2025
0692579D,103.4,2024-2025
0694007F,103.2,2024-2025
0700060K,96.9,2024-2025
0710535W,107.4,2024-2025
0721405L,113.3,2024-2025
0740931K,110.8,2024-2025
0741278M,141.4,2024-2025
0752523K,121,2024-2025
0752896R,150.4,2024-2025
0753967E,145,2024-2025
0753978S,143.3,2024-2025
0756020L,111.4,2024-2025
0761781Y,79.6,2024-2025
0761784B,105.4,2024-2025
0762566B,133.9,2024-2025
0762679Z,88.7,2024-2025
0771476L,87.2,2024-2025
0771621U,91.1,2024-2025
0771656G,103.3,2024-2025
0771760V,91.3,2024-2025
0771766B,102.8,2024-2025
0772056S,79.1,2024-2025
0772923J,109.5,2024-2025
0781106D,147.6,2024-2025
0781600R,149.6,2024-2025
0781601S,155.7,2024-2025
0781846H,137.9,2024-2025
0783342J,141,2024-2025
0790020T,96.5,2024-2025
0790074B,103.7,2024-2025
0790703K,115.1,2024-2025
0800039H,88.4,2024-2025
0801222U,108.6,2024-2025
0801224W,102.8,2024-2025
0810127Y,90.5,2024-2025
0830039S,100.6,2024-2025
0830069Z,83.4,2024-2025
0830076G,104.1,2024-2025
0830162A,112.5,2024-2025
0830834F,84.2,2024-2025
0831537V,98.9,2024-2025
0831609Y,103.8,2024-2025
0840060J,121.8,2024-2025
0850039F,97.7,2024-2025
0850604V,99.8,2024-2025
0851662V,105.9,2024-2025
0860031S,100.3,2024-2025
0860758G,137.4,2024-2025
0870865T,128.8,2024-2025
0875087G,132.8,2024-2025
0881103W,94,2024-2025
0881372N,104.4,2024-2025
0900013A,110.9,2024-2025
0910829G,135.1,2024-2025
0911032C,107.4,2024-2025
0911150F,103.6,2024-2025
0912109Y,117.6,2024-2025
0920700L,142.5,2024-2025
0921012A,138.2,2024-2025
0921912D,155.8,2024-2025
0921914F,161.3,2024-2025
0930898W,96.3,2024-2025
0930903B,100.2,2024-2025
0931187K,79.6,2024-2025
0931199Y,75.8,2024-2025
0931224A,78.9,2024-2025
0931227D,103.8,2024-2025
0940811W,137.7,2024-2025
0941101L,96.6,2024-2025
0941718G,158,2024-2025
0942392P,117.1,2024-2025
0950749Y,72.1,2024-2025
0950885W,80.2,2024-2025
0950937C,103.1,2024-2025
0951142A,86.8,2024-2025
0951697D,92.9,2024-2025
0952236P,122.5,2024-2025
9720025V,108.7,2024-2025
9720043P,105.5,2024-2025
9730091L,81.6,2024-2025
9740076P,122.6,2024-2025
9740081V,97.9,2024-2025
9740083X,73,2024-2025
9760008E,71.3,2024-2025
9760368W,59.9,2024-2025
0011070H,100.9,2023-2024
0030001K,100.4,2023-2024
0030023J,99.8,2023-2024
0030837U,106,2023-2024
0040004H,97.8,2023-2024
0060066P,102.4,2023-2024
0061211J,83.7,2023-2024
0061795U,117.6,2023-2024
0080897G,95.1,2023-2024
0100007D,93.7,2023-2024
0100947A,84.4,2023-2024
0110675Z,102.6,2023-2024
0121174L,101.8,2023-2024
0121430P,119.9,2023-2024
0131706J,107.8,2023-2024
0132404T,65.9,2023-2024
0132909S,133.9,2023-2024
0133196D,116.8,2023-2024
0133789Y,128.4,2023-2024
0133866G,119.1,2023-2024
0134022B,78.5,2023-2024
0150053B,105.4,2023-2024
0150061K,104.1,2023-2024
0160034A,96.5,2023-2024
0160039F,92.1,2023-2024
0160120U,88.9,2023-2024
0160882X,91.7,2023-2024
0161049D,112.9,2023-2024
0170102U,129.3,2023-2024
0171056F,105.5,2023-2024
0180004G,99.4,2023-2024
0211081L,129.1,2023-2024
0211150L,92.8,2023-2024
0220098M,110,2023-2024
0240077D,120,2023-2024
0251053J,86.9,2023-2024
0251065X,108.4,2023-2024
0251090Z,96.2,2023-2024
0251315U,94.2,2023-2024
0260011W,107.7,2023-2024
0260049M,93.4,2023-2024
0261090U,76.9,2023-2024
0261576X,110.1,2023-2024
0271094T,102.3,2023-2024
0271482P,98.3,2023-2024
0280663U,121.3,2023-2024
0290100B,91.2,2023-2024
0290106H,102.8,2023-2024
0290163V,115.2,2023-2024
0290320R,109.4,2023-2024
0300996V,106.4,2023-2024
0301746K,102.2,2023-2024
0310093H,101.4,2023-2024
0311573S,130.7,2023-2024
0311967V,139.5,2023-2024
0320013R,108.9,2023-2024
0320029H,102.9,2023-2024
0330065S,115.4,2023-2024
0330106L,96.7,2023-2024
0330162X,105.7,2023-2024
0331527F,124,2023-2024
0331757F,98.4,2023-2024
0332084L,107.7,2023-2024
0341386X,111.1,2023-2024
0341826A,133.3,2023-2024
0342224H,108.7,2023-2024
0350767U,108.8,2023-2024
0350835T,135,2023-2024
0350887Z,108.4,2023-2024
0350916F,104,2023-2024
0350963G,81.3,2023-2024
0351790F,121.3,2023-2024
0351909K,94.7,2023-2024
0351997F,105.7,2023-2024
0381689E,119.6,2023-2024
0382036G,111.4,2023-2024
0382100B,141.8,2023-2024
0382174G,88.5,2023-2024
0382492C,129.2,2023-2024
0383542U,109,2023-2024
0390960G,107.7,2023-2024
0400103V,97.4,2023-2024
0410632P,97.2,2023-2024
0410914W,101.1,2023-2024
0410918A,126.3,2023-2024
0420916T,77.8,2023-2024
0421174Y,107.9,2023-2024
0421607U,116,2023-2024
0430017K,108.1,2023-2024
0430135N,102.2,2023-2024
0430854V,99,2023-2024
0440023L,120.9,2023-2024
0440210P,115.2,2023-2024
0440223D,110.8,2023-2024
0440226G,119.7,2023-2024
0441859G,114.7,2023-2024
0441937S,131.1,2023-2024
0441939U,104.6,2023-2024
0450016Y,96.4,2023-2024
0451316L,125.1,2023-2024
0451434P,115.5,2023-2024
0451443Z,112.9,2023-2024
0460001B,107.7,2023-2024
0460006G,101.7,2023-2024
0470005A,108.6,2023-2024
0470043S,97.5,2023-2024
0470069V,112.5,2023-2024
0480013D,103.2,2023-2024
0490851J,107.9,2023-2024
0490863X,106.5,2023-2024
0490876L,101.9,2023-2024
0490957Z,107.9,2023-2024
0491826U,92.3,2023-2024
0491859E,88.8,2023-2024
0500003G,114.5,2023-2024
0500123M,100.9,2023-2024
0500155X,113.7,2023-2024
0501220E,107.8,2023-2024
0510044W,76.9,2023-2024
0511139L,108.3,2023-2024
0511177C,103.8,2023-2024
0520014H,90.4,2023-2024
0542349K,93,2023-2024
0560029C,117,2023-2024
0560149H,125.8,2023-2024
0570213X,97.5,2023-2024
0572480L,90.2,2023-2024
0572931B,134.1,2023-2024
0590090C,91.4,2023-2024
0592886S,77.5,2023-2024
0593149C,97.1,2023-2024
0593157L,105.8,2023-2024
0593178J,72.9,2023-2024
0593226L,127,2023-2024
0593241C,105.3,2023-2024
0593683H,96.7,2023-2024
0594401N,100.1,2023-2024
0595176F,87.7,2023-2024
0595390N,95.4,2023-2024
0595713P,110.9,2023-2024
0601188R,105.1,2023-2024
0601294F,101.2,2023-2024
0601297J,90.1,2023-2024
0601409F,113.8,2023-2024
0601938F,104.8,2023-2024
0611024G,93.3,2023-2024
0620021L,76,2023-2024
0620024P,91.5,2023-2024
0622083C,113.6,2023-2024
0622417R,77.3,2023-2024
0623569T,129.8,2023-2024
0630007R,116.5,2023-2024
0630063B,122.9,2023-2024
0631451K,114.9,2023-2024
0631502R,74.6,2023-2024
0631522M,73.5,2023-2024
0640121J,110.4,2023-2024
0640144J,111.5,2023-2024
0641655B,105.3,2023-2024
0671986V,93.1,2023-2024
0671989Y,119.5,2023-2024
0672135G,115.5,2023-2024
0681654D,106,2023-2024
0681757R,76.5,2023-2024
0681957H,85.6,2023-2024
0690210D,107,2023-2024
0690580F,117.9,2023-2024
0692342W,72.2,2023-2024
0692423J,111.8,2023-2024
0692448L,130.1,2023-2024
0692699J,97.9,2023-2024
0694357L,140.9,2023-2024
0700786Z,83.5,2023-2024
0710154G,125,2023-2024
0711324D,91,2023-2024
0711585M,93.7,2023-2024
0720002L,100.8,2023-2024
0720808M,103,2023-2024
0740021W,110.9,2023-2024
0740026B,114.5,2023-2024
0741816X,114.9,2023-2024
0753965C,134.8,2023-2024
0755779Z,108.9,2023-2024
0761328F,98.5,2023-2024
0762170W,94.5,2023-2024
0762564Z,132.4,2023-2024
0770003K,98.8,2023-2024
0771339M,80.9,2023-2024
0771475K,102.9,2023-2024
0771514C,109.8,2023-2024
0771518G,87.1,2023-2024
0771656G,102.5,2023-2024
0772499Y,111.9,2023-2024
0772946J,106.2,2023-2024
0780267S,104.9,2023-2024
0780420H,93.5,2023-2024
0781263Z,131.9,2023-2024
0781587B,155.3,2023-2024
0781862A,117.8,2023-2024
0781863B,144.8,2023-2024
0782114Z,121.8,2023-2024
0790001X,92.8,2023-2024
0800034C,89.9,2023-2024
0801511H,94.9,2023-2024
0810122T,111.9,2023-2024
0820678S,110.7,2023-2024
0830003C,106.6,2023-2024
0830179U,99.9,2023-2024
0840069U,127.4,2023-2024
0850074U,110.1,2023-2024
0851647D,94.1,2023-2024
0851704R,119.4,2023-2024
0860076R,95.4,2023-2024
0860758G,131.9,2023-2024
0861457S,107.7,2023-2024
0880002Z,93.7,2023-2024
0880149J,69.9,2023-2024
0881099S,93.8,2023-2024
0890013F,100.2,2023-2024
0900011Y,108.6,2023-2024
0910060W,102,2023-2024
0910062Y,118.1,2023-2024
0911397Z,86,2023-2024
0911751J,139.3,2023-2024
0912173T,89.4,2023-2024
0920653K,134.1,2023-2024
0920905J,158.7,2023-2024
0921003R,125.3,2023-2024
0921157H,94.4,2023-2024
0921165S,116.5,2023-2024
0921782M,139.9,2023-2024
0921903U,106.1,2023-2024
0921906X,153.3,2023-2024
0931377S,71.5,2023-2024
0931434D,76.1,2023-2024
0931713G,93.1,2023-2024
0931845A,141.5,2023-2024
0931855L,142.7,2023-2024
0940749D,75,2023-2024
0940787V,81.8,2023-2024
0941431V,104.9,2023-2024
0941598B,147.1,2023-2024
0941600D,130.2,2023-2024
0941602F,94,2023-2024
0942127B,88.7,2023-2024
0950884V,92.3,2023-2024
0950926R,94.9,2023-2024
0950934Z,86.8,2023-2024
0950936B,120,2023-2024
0951190C,105.9,2023-2024
0951991Y,121.7,2023-2024
0952128X,76.3,2023-2024
6200006M,81.1,2023-2024
9710034K,91.3,2023-2024
9710061P,93.5,2023-2024
9720010D,103.9,2023-2024
9720848P,99.2,2023-2024
9740036W,82.3,2023-2024
9740065C,81.6,2023-2024
9740085Z,77.2,2023-2024
9740093H,94.9,2023-2024
9740578K,89.3,2023-2024
9741047V,82.8,2023-2024
0010035H,77,2024-2025
0020044M,86.1,2024-2025
0021659T,97.7,2024-2025
0030013Y,97.2,2024-2025
0030043F,93.6,2024-2025
0040014U,100.8,2024-2025
0040017X,100.7,2024-2025
0061135B,112,2024-2025
0061211J,85.2,2024-2025
0061239P,94.1,2024-2025
0061280J,99.1,2024-2025
0061400P,106.9,2024-2025
0070872K,102.1,2024-2025
0071192H,104.9,2024-2025
0080042C,98.4,2024-2025
0081102E,100.8,2024-2025
0090025D,104.3,2024-2025
0090573Z,102,2024-2025
0110686L,92.4,2024-2025
0120002M,104.1,2024-2025
0120028R,104.2,2024-2025
0121176N,104,2024-2025
0130158B,113.9,2024-2025
0131372W,85.1,2024-2025
0131707K,100.2,2024-2025
0132311S,85.2,2024-2025
0132568W,127.9,2024-2025
0140025B,115.6,2024-2025
0140049C,120.9,2024-2025
0141160K,136.8,2024-2025
0141964J,101.2,2024-2025
0150011F,99.2,2024-2025
0160043K,103.1,2024-2025
0161049D,116.2,2024-2025
0170002K,97.6,2024-2025
0170048K,90.1,2024-2025
0170063B,98.3,2024-2025
0170111D,100.9,2024-2025
0170388E,102.2,2024-2025
0190002Z,101.1,2024-2025
0190780V,122.1,2024-2025
0190782X,109.2,2024-2025
0210027R,108.5,2024-2025
0211164B,107,2024-2025
0211230Y,104.1,2024-2025
0220176X,120,2024-2025
0220197V,100.8,2024-2025
0221743A,126.4,2024-2025
0221877W,122.4,2024-2025
0241075N,129.2,2024-2025
0241136E,116.3,2024-2025
0260027N,110.4,2024-2025
0270036T,97.6,2024-2025
0271267F,98.1,2024-2025
0291868Y,134.4,2024-2025
0291875F,114.1,2024-2025
0291880L,125.2,2024-2025
0300033Y,106.4,2024-2025
0300088H,114.2,2024-2025
0310007P,97.6,2024-2025
0311769E,110.1,2024-2025
0320013R,109.2,2024-2025
0330059K,111.7,2024-2025
0331528G,110.4,2024-2025
0331644H,108.9,2024-2025
0331754C,110.9,2024-2025
0332342S,133.4,2024-2025
0332657J,112.7,2024-2025
0332982M,116.7,2024-2025
0340016H,75.8,2024-2025
0340032A,105.3,2024-2025
0340048T,135.2,2024-2025
0340062H,110.7,2024-2025
0340837A,99.1,2024-2025
0340874R,144.6,2024-2025
0350021H,95.7,2024-2025
0350785N,126.4,2024-2025
0350868D,107,2024-2025
0360018Z,92.1,2024-2025
0371098T,101.4,2024-2025
0371158H,88,2024-2025
0380021S,98.1,2024-2025
0381703V,117.2,2024-2025
0381780D,72.2,2024-2025
0382035F,96.7,2024-2025
0382101C,97.5,2024-2025
0382427G,104.6,2024-2025
0383454Y,115.6,2024-2025
0390783P,100.3,2024-2025
0390962J,107.6,2024-2025
0391035N,94.6,2024-2025
0400075P,112.9,2024-2025
0401014K,116.2,2024-2025
0401066S,106.4,2024-2025
0401077D,90.8,2024-2025
0420023X,103.2,2024-2025
0421061A,111.3,2024-2025
0421804H,123.2,2024-2025
0440018F,92.1,2024-2025
0440080Y,129.3,2024-2025
0440192V,106.5,2024-2025
0440291C,103.2,2024-2025
0440292D,107,2024-2025
0441658N,111,2024-2025
0441930J,108.6,2024-2025
0442637C,129.3,2024-2025
0442691L,113.2,2024-2025
0450007N,100.7,2024-2025
0450939B,77.5,2024-2025
0451241E,73.6,2024-2025
0451421A,84.8,2024-2025
0460024B,97.8,2024-2025
0480004U,99.8,2024-2025
0480011B,103.7,2024-2025
0490032U,115.4,2024-2025
0490871F,102.3,2024-2025
0490922L,102.1,2024-2025
0491025Y,100,2024-2025
0500068C,85.6,2024-2025
0501241C,98.2,2024-2025
0510027C,91.8,2024-2025
0510030F,105.7,2024-2025
0520050X,87.2,2024-2025
0530053V,105.5,2024-2025
0540047H,105.8,2024-2025
0550018W,93.7,2024-2025
0560136U,125.9,2024-2025
0561931V,112.9,2024-2025
0570326V,73.7,2024-2025
0570327W,101.1,2024-2025
0572025S,115.3,2024-2025
0572352X,114.3,2024-2025
0580002M,95.4,2024-2025
0580005R,94.6,2024-2025
0580034X,106.8,2024-2025
0580669M,97.2,2024-2025
0590006L,73.7,2024-2025
0592911U,109.1,2024-2025
0593177H,89.9,2024-2025
0593482P,83.3,2024-2025
0593686L,69.1,2024-2025
0594295Y,87.2,2024-2025
0594392D,89.4,2024-2025
0594533G,75.3,2024-2025
0594644C,94.8,2024-2025
0595404D,144,2024-2025
0597004T,77.5,2024-2025
0600046Z,97.7,2024-2025
0601147W,114.4,2024-2025
0601188R,106.4,2024-2025
0601367K,111.4,2024-2025
0601406C,90.5,2024-2025
0601786R,112.2,2024-2025
0601882V,110.4,2024-2025
0610693X,120.4,2024-2025
0620097U,92.8,2024-2025
0622084D,100.6,2024-2025
0622104A,118.7,2024-2025
0622273J,68.9,2024-2025
0622874M,86.1,2024-2025
0631125F,130.6,2024-2025
0640147M,110.6,2024-2025
0640162D,98.3,2024-2025
0640607M,113.5,2024-2025
0641232S,99.3,2024-2025
0641780M,118.8,2024-2025
0650003A,113.9,2024-2025
0650033H,91.1,2024-2025
0650037M,101.4,2024-2025
0670133F,91.3,2024-2025
0671593T,89.4,2024-2025
0672130B,87.4,2024-2025
0672131C,114.9,2024-2025
0680013V,101.7,2024-2025
0680088B,112.5,2024-2025
0681125D,95.4,2024-2025
0681284B,67.9,2024-2025
0681365P,105.6,2024-2025
0690117C,113.6,2024-2025
0691668N,101.1,2024-2025
0691799F,78.2,2024-2025
0692698H,110,2024-2025
0700006B,98.8,2024-2025
0700065R,100.4,2024-2025
0710064J,103.6,2024-2025
0710067M,105.2,2024-2025
0710125A,121.1,2024-2025
0710536X,95.9,2024-2025
0711294W,91.4,2024-2025
0711350G,99.7,2024-2025
0720803G,82.6,2024-2025
0720808M,101.3,2024-2025
0721090U,103.7,2024-2025
0731069R,98,2024-2025
0731521G,127.5,2024-2025
0740038P,102.2,2024-2025
0741116L,118.9,2024-2025
0741665H,106.4,2024-2025
0751563S,107.5,2024-2025
0752317L,128.4,2024-2025
0752694W,89.8,2024-2025
0752925X,148.4,2024-2025
0752935H,154.9,2024-2025
0754003U,135.4,2024-2025
0755192L,133.1,2024-2025
0755433Y,83,2024-2025
0761337R,127.8,2024-2025
0761711X,122.7,2024-2025
0761731U,117.7,2024-2025
0761782Z,72,2024-2025
0761952J,112.5,2024-2025
0762087F,91.8,2024-2025
0762090J,111,2024-2025
0762123V,97.3,2024-2025
0762229K,124.6,2024-2025
0771333F,96.6,2024-2025
0771478N,87,2024-2025
0771759U,98.7,2024-2025
0771878Y,97.6,2024-2025
0771921V,129.8,2024-2025
0771991W,96.7,2024-2025
0772427V,119.4,2024-2025
0780267S,104.2,2024-2025
0780506B,100.5,2024-2025
0780574A,126.3,2024-2025
0780845V,117.2,2024-2025
0781105C,149.3,2024-2025
0781263Z,131.3,2024-2025
0781594J,155.2,2024-2025
0781789W,130.9,2024-2025
0790014L,91.1,2024-2025
0801210F,127.6,2024-2025
0801536K,88.2,2024-2025
0810028R,111.3,2024-2025
0810052S,106.2,2024-2025
0830019V,106.7,2024-2025
0830927G,100.4,2024-2025
0840070V,102.1,2024-2025
0840108L,62.9,2024-2025
0850099W,113,2024-2025
0851388X,103.3,2024-2025
0860016A,105.9,2024-2025
0860026L,106.1,2024-2025
0861092V,114.4,2024-2025
0870047D,97.8,2024-2025
0880149J,70.4,2024-2025
0881147U,98.7,2024-2025
0881446U,106.9,2024-2025
0891186F,103.5,2024-2025
0911146B,95.9,2024-2025
0912173T,88,2024-2025
0920653K,133.9,2024-2025
0920881H,128.4,2024-2025
0921354X,129.6,2024-2025
0921496B,130.2,2024-2025
0921543C,90.4,2024-2025
0921675W,85,2024-2025
0922662U,114.1,2024-2025
0930900Y,78.4,2024-2025
0931022F,105.7,2024-2025
0931231H,93.8,2024-2025
0931382X,122.3,2024-2025
0931489N,77.3,2024-2025
0931707A,93.5,2024-2025
0932301W,88.9,2024-2025
0941033M,85,2024-2025
0941044Z,84.2,2024-2025
0941716E,139.1,2024-2025
0942187S,122.6,2024-2025
0950886X,70.9,2024-2025
0951696C,116.6,2024-2025
7200053V,98.9,2024-2025
7200624R,113.9,2024-2025
9710584H,92.6,2024-2025
9720020P,99.9,2024-2025
9720035F,115.8,2024-2025
9720084J,81.9,2024-2025
9730218Z,73,2024-2025
9730289B,101,2024-2025
9740576H,79.5,2024-2025
0010964T,117.4,2023-2024
0020056A,72.1,2023-2024
0021493M,90.4,2023-2024
0021661V,86,2023-2024
0021826Z,90.2,2023-2024
0030009U,96.8,2023-2024
0040014U,103.9,2023-2024
0050520N,105.7,2023-2024
0060021R,88.8,2023-2024
0060032C,102.9,2023-2024
0060084J,83.5,2023-2024
0060910G,87.6,2023-2024
0061003H,86.1,2023-2024
0061130W,96.7,2023-2024
0061238N,99.6,2023-2024
0071300A,102.1,2023-2024
0080021E,106.9,2023-2024
0080036W,83,2023-2024
0081096Y,83.5,2023-2024
0090574A,104.2,2023-2024
0110010B,102.8,2023-2024
0110721Z,109.4,2023-2024
0111034P,101.5,2023-2024
0120029S,105.3,2023-2024
0121273U,96.7,2023-2024
0130007M,79.7,2023-2024
0131260Z,70.3,2023-2024
0131370U,77,2023-2024
0131703F,60.6,2023-2024
0131884C,73.6,2023-2024
0131885D,62,2023-2024
0131923V,130.8,2023-2024
0131968U,90.6,2023-2024
0132568W,125.6,2023-2024
0132958V,126,2023-2024
0133492A,108.5,2023-2024
0140068Y,107.4,2023-2024
0141160K,136,2023-2024
0141219Z,99.2,2023-2024
0141256P,96.2,2023-2024
0160005U,114.3,2023-2024
0160031X,95,2023-2024
0160077X,109.9,2023-2024
0160100X,73.3,2023-2024
0160866E,97.4,2023-2024
0171118Y,93.3,2023-2024
0180019Y,104.1,2023-2024
0180568V,96.4,2023-2024
0211088U,113.7,2023-2024
0211227V,103,2023-2024
0220153X,99.7,2023-2024
0220166L,103.7,2023-2024
0221749G,102,2023-2024
0240053C,91.6,2023-2024
0240073Z,101.1,2023-2024
0250024R,104.4,2023-2024
0251209D,74.5,2023-2024
0280924C,87.4,2023-2024
0290107J,101.6,2023-2024
0290253T,110,2023-2024
0290286D,110.6,2023-2024
0290304Y,113,2023-2024
0291102R,96.5,2023-2024
0291634U,102.1,2023-2024
0300016E,99.7,2023-2024
0300096S,111,2023-2024
0310003K,103.3,2023-2024
0310025J,106.8,2023-2024
0311570N,137.7,2023-2024
0311633G,111,2023-2024
0331758G,130.1,2023-2024
0332706M,105.7,2023-2024
0340032A,105,2023-2024
0340034C,94.3,2023-2024
0340051W,93.1,2023-2024
0341363X,121.4,2023-2024
0341387Y,107.5,2023-2024
0342051V,119.2,2023-2024
0351881E,115.3,2023-2024
0352959B,122.6,2023-2024
0360038W,96.3,2023-2024
0380046U,102.3,2023-2024
0380050Y,80.8,2023-2024
0380058G,123.8,2023-2024
0380072X,106.4,2023-2024
0382098Z,119,2023-2024
0383243U,147.5,2023-2024
0390823H,102.1,2023-2024
0400005N,118,2023-2024
0400075P,112.2,2023-2024
0400858R,121,2023-2024
0410792N,109.6,2023-2024
0421059Y,120.2,2023-2024
0421085B,101,2023-2024
0421486M,91.9,2023-2024
0421677V,89.9,2023-2024
0421852K,86.6,2023-2024
0440293E,93.1,2023-2024
0440350S,109.8,2023-2024
0441932L,146.6,2023-2024
0450053N,120.9,2023-2024
0451330B,110.2,2023-2024
0470103G,90.1,2023-2024
0470811B,114.3,2023-2024
0490032U,114.1,2023-2024
0490048L,90.2,2023-2024
0490839W,124.8,2023-2024
0490853L,122,2023-2024
0491083L,132,2023-2024
0491641T,118.1,2023-2024
0500006K,107.3,2023-2024
0500024E,94.4,2023-2024
0500061V,94.5,2023-2024
0500094F,109.8,2023-2024
0501217B,103.7,2023-2024
0501830T,90.6,2023-2024
0511564Y,123.3,2023-2024
0530790W,100.3,2023-2024
0530874M,112.5,2023-2024
0540022F,102.9,2023-2024
0540054R,112,2023-2024
0540071J,112.2,2023-2024
0541306B,140.8,2023-2024
0541333F,95.7,2023-2024
0541985P,97.5,2023-2024
0541995A,142.8,2023-2024
0541999E,112.1,2023-2024
0542418K,89.7,2023-2024
0560104J,128.5,2023-2024
0560136U,123.7,2023-2024
0560154N,102.6,2023-2024
0560158T,100.4,2023-2024
0561546B,94.2,2023-2024
0561598H,123.4,2023-2024
0572350V,96.2,2023-2024
0572754J,117.2,2023-2024
0590046E,81.1,2023-2024
0590224Y,104.3,2023-2024
0592733A,83.4,2023-2024
0593145Y,137.6,2023-2024
0593159N,103.9,2023-2024
0593181M,86.4,2023-2024
0593237Y,96.1,2023-2024
0595175E,99.7,2023-2024
0595177G,77.1,2023-2024
0601153C,101.6,2023-2024
0601365H,99,2023-2024
0620036C,85.8,2023-2024
0620051U,76.5,2023-2024
0620088J,86.3,2023-2024
0622085E,93.9,2023-2024
0622579S,106.3,2023-2024
0622866D,89.5,2023-2024
0623314R,77.5,2023-2024
0623570U,117.8,2023-2024
0623865P,110,2023-2024
0630058W,102.2,2023-2024
0631097A,108.3,2023-2024
0631503S,91.6,2023-2024
0631688T,107.9,2023-2024
0640045B,102.1,2023-2024
0640071E,103.8,2023-2024
0640168K,104,2023-2024
0640231D,104.3,2023-2024
0642095E,94.3,2023-2024
0660028X,94.5,2023-2024
0660037G,92.1,2023-2024
0660058E,123.2,2023-2024
0660068R,108.7,2023-2024
0670133F,91.7,2023-2024
0671688W,108.8,2023-2024
0671824U,113.1,2023-2024
0671912P,99.4,2023-2024
0680006M,101.2,2023-2024
0680079S,97.9,2023-2024
0680128V,104.5,2023-2024
0680137E,103.2,2023-2024
0690601D,118.6,2023-2024
0690604G,137.9,2023-2024
0690621A,134.3,2023-2024
0700785Y,107.5,2023-2024
0710155H,108,2023-2024
0711053J,96.2,2023-2024
0711146K,95.4,2023-2024
0720046J,104.3,2023-2024
0720838V,131.5,2023-2024
0721261E,116.3,2023-2024
0730010P,112.9,2023-2024
0730031M,126.6,2023-2024
0730984Y,106.7,2023-2024
0740034K,112.4,2023-2024
0741281R,115.8,2023-2024
0741514U,104.3,2023-2024
0741666J,107.7,2023-2024
0750182R,132,2023-2024
0752318M,106.4,2023-2024
0752546K,129.5,2023-2024
0752547L,107.9,2023-2024
0752898T,157.8,2023-2024
0752900V,156.8,2023-2024
0752918P,159.9,2023-2024
0752936J,151.1,2023-2024
0753369E,127.7,2023-2024
0753967E,144.1,2023-2024
0753982W,133.6,2023-2024
0761338S,118.7,2023-2024
0761727P,115,2023-2024
0761746K,105.4,2023-2024
0762128A,80.5,2023-2024
0762461M,93.3,2023-2024
0763406P,143.3,2023-2024
0770005M,104.7,2023-2024
0770019C,85.4,2023-2024
0771070V,81.1,2023-2024
0771334G,107.4,2023-2024
0771959L,106.9,2023-2024
0771993Y,109.3,2023-2024
0780269U,118,2023-2024
0780712A,122,2023-2024
0780845V,119.6,2023-2024
0781101Y,122,2023-2024
0781789W,130.3,2023-2024
0781914G,81.9,2023-2024
0781916J,95,2023-2024
0783156G,138.6,2023-2024
0783248G,107.3,2023-2024
0783251K,112.2,2023-2024
0783358B,105.6,2023-2024
0790704L,94.7,2023-2024
0791016A,137,2023-2024
0810036Z,108.4,2023-2024
0830110U,129.3,2023-2024
0830833E,98.4,2023-2024
0831274J,92.1,2023-2024
0840007B,75.3,2023-2024
0840585E,100.2,2023-2024
0850111J,116.6,2023-2024
0860026L,106.7,2023-2024
0860768T,107.8,2023-2024
0861038L,109,2023-2024
0870821V,103.6,2023-2024
0880044V,99.1,2023-2024
0880054F,98.1,2023-2024
0890035E,103.4,2023-2024
0890980G,90.9,2023-2024
0900013A,110,2023-2024
0900235S,111.1,2023-2024
0900351T,70.1,2023-2024
0910021D,93.7,2023-2024
0910836P,130.3,2023-2024
0910967G,123.3,2023-2024
0911031B,107.2,2023-2024
0920902F,160.6,2023-2024
0921181J,130.8,2023-2024
0921239X,120.7,2023-2024
0921494Z,98.6,2023-2024
0921543C,87.5,2023-2024
0921622N,94.4,2023-2024
0921783N,141.5,2023-2024
0921914F,160.8,2023-2024
0922256C,142,2023-2024
0930897V,76,2023-2024
0930907F,118.3,2023-2024
0930921W,125.9,2023-2024
0931211L,89.8,2023-2024
0931224A,77.8,2023-2024
0931607S,88.7,2023-2024
0932773J,112.2,2023-2024
0940811W,138.8,2023-2024
0940884A,131,2023-2024
0941020Y,100.1,2023-2024
0941052H,91.1,2023-2024
0941093C,139.4,2023-2024
0941353K,118.3,2023-2024
0941597A,108.5,2023-2024
0942482M,87.5,2023-2024
0950896H,90.6,2023-2024
0951230W,82.9,2023-2024
0951992Z,124.2,2023-2024
6200048H,101.4,2023-2024
9710037N,83,2023-2024
9710405N,83.6,2023-2024
9710584H,89.9,2023-2024
9720448E,93.4,2023-2024
9730483M,84,2023-2024
9740576H,77.8,2023-2024
9740812P,71.7,2023-2024
9741045T,80.5,2023-2024
9760162X,61.2,2023-2024
9760245M,59.6,2023-2024
0010080G,114.9,2024-2025
0011193S,107.7,2024-2025
0020030X,73.5,2024-2025
0021722L,96.9,2024-2025
0022180J,114.3,2024-2025
0030015A,93.4,2024-2025
0030049M,97.3,2024-2025
0050452P,95.2,2024-2025
0060066P,104.9,2024-2025
0060799L,83.9,2024-2025
0061209G,116.3,2024-2025
0061237M,97.3,2024-2025
0061339Y,107.8,2024-2025
0061853G,122.2,2024-2025
0062181N,114.4,2024-2025
0070863A,110.4,2024-2025
0070890E,96.3,2024-2025
0080017A,85.1,2024-2025
0080021E,112,2024-2025
0100902B,89.4,2024-2025
0110011C,106.3,2024-2025
0110825M,98.9,2024-2025
0120101V,106.5,2024-2025
0121259D,104.7,2024-2025
0130139F,87.1,2024-2025
0131604Y,66.8,2024-2025
0131609D,103.9,2024-2025
0131704G,64.6,2024-2025
0131883B,110.3,2024-2025
0131887F,78.1,2024-2025
0132114C,97.6,2024-2025
0133665N,116.8,2024-2025
0141272G,89.8,2024-2025
0150028Z,99.8,2024-2025
0160117R,98.1,2024-2025
0160864C,89.1,2024-2025
0160867F,104.3,2024-2025
0170110C,104.9,2024-2025
0170118L,107.7,2024-2025
0170387D,101.5,2024-2025
0180766K,83.9,2024-2025
0190019T,99.5,2024-2025
0190695C,105,2024-2025
0210050R,94.9,2024-2025
0211151M,141.8,2024-2025
0220038X,100.5,2024-2025
0220140H,103.2,2024-2025
0221028Y,99.2,2024-2025
0221747E,102.2,2024-2025
0230032K,96.9,2024-2025
0240055E,94.9,2024-2025
0251211F,101.3,2024-2025
0251397H,80.7,2024-2025
0260850H,93.2,2024-2025
0261137V,128.4,2024-2025
0271121X,96.3,2024-2025
0280679L,104.9,2024-2025
0290107J,100.7,2024-2025
0290132L,102.8,2024-2025
0290288F,119.2,2024-2025
0290333E,99.2,2024-2025
0291634U,102.3,2024-2025
0291717J,112.1,2024-2025
0292055B,130.8,2024-2025
0300025P,62.1,2024-2025
0300141R,69.2,2024-2025
0301209B,109.5,2024-2025
0301327E,99.9,2024-2025
0301656M,116.7,2024-2025
0312092F,131,2024-2025
0330093X,102,2024-2025
0331519X,145.1,2024-2025
0331618E,110.8,2024-2025
0331619F,82.8,2024-2025
0332489B,134,2024-2025
0340115R,112,2024-2025
0340880X,121,2024-2025
0340894M,128.5,2024-2025
0342131G,91.6,2024-2025
0350835T,134.5,2024-2025
0350965J,115.2,2024-2025
0351053E,106,2024-2025
0351638R,129.6,2024-2025
0351790F,121.7,2024-2025
0360038W,98.3,2024-2025
0360044C,87.4,2024-2025
0370044X,93,2024-2025
0370995F,103.7,2024-2025
0380013H,84.6,2024-2025
0390823H,101.3,2024-2025
0400038Z,105.3,2024-2025
0400091G,111.8,2024-2025
0410019Y,94.3,2024-2025
0420003A,109.8,2024-2025
0421658Z,107.2,2024-2025
0421659A,89,2024-2025
0421677V,89.2,2024-2025
0421688G,84.8,2024-2025
0440188R,123,2024-2025
0440199C,118,2024-2025
0440232N,105.5,2024-2025
0441862K,94.4,2024-2025
0441917V,95.9,2024-2025
0442186M,109.9,2024-2025
0442368K,108.8,2024-2025
0451038J,96.8,2024-2025
0451660K,117.1,2024-2025
0460015S,102.1,2024-2025
0460020X,104.3,2024-2025
0460528Z,107.2,2024-2025
0460565P,110,2024-2025
0470017N,98.2,2024-2025
0470032E,102.1,2024-2025
0480016G,83.8,2024-2025
0490028P,88.1,2024-2025
0490042E,81.1,2024-2025
0490783K,77.4,2024-2025
0491026Z,110.9,2024-2025
0491924A,137.1,2024-2025
0501300S,90.4,2024-2025
0501482P,105.5,2024-2025
0510044W,76.7,2024-2025
0511084B,121.5,2024-2025
0520022S,99,2024-2025
0520794F,94.8,2024-2025
0530055X,99.1,2024-2025
0541466A,103.8,2024-2025
0541576V,94.6,2024-2025
0541852V,112.6,2024-2025
0541994Z,127.2,2024-2025
0542418K,89.8,2024-2025
0550024C,88.1,2024-2025
0560037L,104.5,2024-2025
0560047X,91.7,2024-2025
0560128K,108.2,2024-2025
0561410D,100.4,2024-2025
0572169Y,91.7,2024-2025
0572350V,91.8,2024-2025
0580030T,103.2,2024-2025
0580553L,104.5,2024-2025
0590228C,93.4,2024-2025
0593180L,101.5,2024-2025
0593672W,96.7,2024-2025
0594297A,80.9,2024-2025
0595163S,101.3,2024-2025
0595175E,100.3,2024-2025
0600045Y,104.1,2024-2025
0601192V,118.7,2024-2025
0601443T,102.8,2024-2025
0610044S,96.1,2024-2025
0610051Z,104.5,2024-2025
0611220V,90.7,2024-2025
0620004T,96.1,2024-2025
0622418S,75.2,2024-2025
0622425Z,85.1,2024-2025
0622576N,68.6,2024-2025
0622951W,100.7,2024-2025
0623572W,133.2,2024-2025
0630072L,112.3,2024-2025
0631730N,129.2,2024-2025
0640606L,103,2024-2025
0641413N,124.3,2024-2025
0650835E,118.3,2024-2025
0660028X,94.3,2024-2025
0660653B,105.3,2024-2025
0670056X,95.8,2024-2025
0670068K,100.4,2024-2025
0671603D,129.7,2024-2025
0671956M,102.8,2024-2025
0672132D,115.6,2024-2025
0672194W,102.7,2024-2025
0681267H,88.2,2024-2025
0690587N,123.4,2024-2025
0691497C,83.4,2024-2025
0691498D,75.8,2024-2025
0692505Y,144,2024-2025
0692928H,153.2,2024-2025
0692941X,152.3,2024-2025
0693137K,127.7,2024-2025
0693491V,129.3,2024-2025
0694092Y,114.3,2024-2025
0700045U,98.3,2024-2025
0701036W,105.8,2024-2025
0720797A,75.4,2024-2025
0720986F,108.7,2024-2025
0721224P,88.9,2024-2025
0721655H,109.6,2024-2025
0730020A,114.3,2024-2025
0740034K,114.2,2024-2025
0740048A,123.2,2024-2025
0740105M,140.8,2024-2025
0752251P,127,2024-2025
0752525M,130.1,2024-2025
0752528R,147.8,2024-2025
0752924W,151.5,2024-2025
0753381T,121,2024-2025
0753896C,149.3,2024-2025
0755029J,112.4,2024-2025
0760105B,95.5,2024-2025
0762290B,116.9,2024-2025
0770033T,86.7,2024-2025
0771331D,87.9,2024-2025
0771334G,108.7,2024-2025
0771517F,108.7,2024-2025
0771563F,111.8,2024-2025
0771662N,118,2024-2025
0771762X,93,2024-2025
0771923X,127.4,2024-2025
0772650M,122.6,2024-2025
0780033M,139.5,2024-2025
0780050F,120.8,2024-2025
0780269U,116,2024-2025
0781620M,156.7,2024-2025
0783252L,129.7,2024-2025
0790059K,102.3,2024-2025
0790950D,116,2024-2025
0790978J,97.9,2024-2025
0800018K,91.2,2024-2025
0801227Z,113.7,2024-2025
0801263N,75.6,2024-2025
0801264P,63.8,2024-2025
0810027P,91.4,2024-2025
0830106P,144.5,2024-2025
0830168G,101.8,2024-2025
0830181W,71.5,2024-2025
0830832D,88.7,2024-2025
0831379Y,95.2,2024-2025
0831514V,110.1,2024-2025
0840035G,104,2024-2025
0840697B,87.5,2024-2025
0840852V,117.9,2024-2025
0841043C,105.8,2024-2025
0841086Z,86.6,2024-2025
0850024P,93.1,2024-2025
0850106D,107.7,2024-2025
0851146J,90.9,2024-2025
0860014Y,104.4,2024-2025
0860049L,106.5,2024-2025
0860765P,101.8,2024-2025
0861447F,127.4,2024-2025
0870031L,101,2024-2025
0900295G,101.4,2024-2025
0920626F,124.8,2024-2025
0920852B,101.6,2024-2025
0920902F,161.4,2024-2025
0920998K,146.4,2024-2025
0921238W,104.8,2024-2025
0921391M,115.1,2024-2025
0921782M,138.9,2024-2025
0930970Z,110.3,2024-2025
0931148T,83.3,2024-2025
0931209J,79.4,2024-2025
0931221X,74,2024-2025
0931843Y,126.8,2024-2025
0932578X,104.9,2024-2025
0932696A,97.1,2024-2025
0940879V,142.3,2024-2025
0941614U,136.8,2024-2025
0942482M,89.9,2024-2025
0942499F,89.1,2024-2025
0951139X,90.9,2024-2025
0951154N,103.5,2024-2025
0951964U,94.8,2024-2025
9710061P,100.4,2024-2025
9710406P,87.1,2024-2025
9710482X,83.2,2024-2025
9710926E,96,2024-2025
9711155D,99.8,2024-2025
9720072W,114.2,2024-2025
9720470D,100.3,2024-2025
9720514B,96.7,2024-2025
9720855X,117.7,2024-2025
9730219A,77.8,2024-2025
9740096L,76.9,2024-2025
9740652R,91.4,2024-2025
9740812P,70,2024-2025
9740909V,95,2024-2025
9741208V,74,2024-2025
9741313J,72.1,2024-2025
9760314M,69.2,2024-2025
0010079F,113,2023-2024
0010794H,101.3,2023-2024
0010939R,110.3,2023-2024
0011193S,106.3,2023-2024
0011257L,124.2,2023-2024
0020076X,79.7,2023-2024
0021525X,117,2023-2024
0030758H,101.2,2023-2024
0040013T,86.5,2023-2024
0050480V,108.4,2023-2024
0060753L,125.1,2023-2024
0061174U,83.8,2023-2024
0061796V,112.7,2023-2024
0062011D,144.6,2023-2024
0071192H,106.3,2023-2024
0080894D,67.5,2023-2024
0090490J,92.8,2023-2024
0100038M,70.6,2023-2024
0100057H,101.6,2023-2024
0100961R,131.1,2023-2024
0110011C,104.4,2023-2024
0110037F,91.7,2023-2024
0120091J,102.8,2023-2024
0121133S,108.2,2023-2024
0121297V,100.1,2023-2024
0130079R,130.7,2023-2024
0131381F,94.2,2023-2024
0131387M,124.8,2023-2024
0131622T,103.1,2023-2024
0131689R,101,2023-2024
0132214L,67.9,2023-2024
0132494R,100.7,2023-2024
0132573B,107.8,2023-2024
0133114P,122.1,2023-2024
0133490Y,120.5,2023-2024
0133788X,68.7,2023-2024
0140015R,139.1,2023-2024
0141273H,94.6,2023-2024
0170004M,98.6,2023-2024
0170081W,92.1,2023-2024
0170113F,112.8,2023-2024
0180766K,83.7,2023-2024
0190613N,96.7,2023-2024
0210038C,115,2023-2024
0210051S,120.2,2023-2024
0211071A,121.3,2023-2024
0211164B,106.2,2023-2024
0221028Y,100.2,2023-2024
0221594N,100.7,2023-2024
0221743A,122.3,2023-2024
0240004Z,98.4,2023-2024
0240015L,97.3,2023-2024
0240083K,112.7,2023-2024
0250051V,108.2,2023-2024
0251397H,80.2,2023-2024
0260090G,125.6,2023-2024
0260850H,93.9,2023-2024
0261091V,77.9,2023-2024
0261094Y,91.5,2023-2024
0270006K,99.5,2023-2024
0271238Z,104.7,2023-2024
0271320N,95.3,2023-2024
0271442W,102.6,2023-2024
0280005D,93.7,2023-2024
0280657M,83.6,2023-2024
0280679L,105.5,2023-2024
0280702L,97.7,2023-2024
0281095N,117.2,2023-2024
0290314J,116.6,2023-2024
0291087Z,87.3,2023-2024
0291101P,118.2,2023-2024
0291590W,103.6,2023-2024
0291631R,103.1,2023-2024
0300039E,104,2023-2024
0300085E,130,2023-2024
0311169C,136.2,2023-2024
0311333F,106.6,2023-2024
0311335H,125,2023-2024
0311631E,136,2023-2024
0312612W,119.7,2023-2024
0312868Z,110.7,2023-2024
0320035P,103.8,2023-2024
0320056M,136,2023-2024
0331511N,115.6,2023-2024
0331880P,89,2023-2024
0340057C,102.8,2023-2024
0340065L,102.8,2023-2024
0350003N,102.9,2023-2024
0350881T,113.3,2023-2024
0350883V,106.1,2023-2024
0351852Y,112.2,2023-2024
0370015R,102.5,2023-2024
0370022Y,112.1,2023-2024
0370791J,79.4,2023-2024
0381710C,124.1,2023-2024
0382039K,116.6,2023-2024
0382195E,124.5,2023-2024
0382199J,NA,2023-2024
0390074U,107.1,2023-2024
0390922R,95,2023-2024
0400093J,95.7,2023-2024
0420023X,104,2023-2024
0421068H,105.5,2023-2024
0421689H,65.9,2023-2024
0430092S,99.6,2023-2024
0440010X,109.2,2023-2024
0440013A,95,2023-2024
0440066H,110.5,2023-2024
0440241Y,120.9,2023-2024
0441547T,134.6,2023-2024
0441612N,96,2023-2024
0441930J,108.4,2023-2024
0450785J,106.8,2023-2024
0451148D,85,2023-2024
0451241E,71.4,2023-2024
0451450G,75.3,2023-2024
0460027E,103.6,2023-2024
0470071X,104.1,2023-2024
0470774L,87.8,2023-2024
0490010V,92.3,2023-2024
0490057W,110.6,2023-2024
0490866A,109.1,2023-2024
0490962E,95.2,2023-2024
0491703K,71.8,2023-2024
0500052K,94.1,2023-2024
0500071F,98.2,2023-2024
0510016R,95.7,2023-2024
0520026W,106.6,2023-2024
0530584X,86.8,2023-2024
0530875N,126.5,2023-2024
0541989U,105.5,2023-2024
0550052H,94.9,2023-2024
0560171G,99.8,2023-2024
0561401U,116.2,2023-2024
0570091P,105.3,2023-2024
0572579U,65.2,2023-2024
0572691R,97.4,2023-2024
0572928Y,117.3,2023-2024
0573268T,69.2,2023-2024
0580018E,97.3,2023-2024
0590091D,89.4,2023-2024
0590159C,114.7,2023-2024
0592962Z,91.5,2023-2024
0593662K,92.5,2023-2024
0593664M,72.1,2023-2024
0593686L,71.6,2023-2024
0594295Y,82.6,2023-2024
0594309N,71.4,2023-2024
0594392D,86.6,2023-2024
0594525Y,101.8,2023-2024
0594640Y,82.4,2023-2024
0595171A,111.4,2023-2024
0595174D,92.7,2023-2024
0595397W,135.7,2023-2024
0595656C,111.2,2023-2024
0600060P,109.1,2023-2024
0601786R,110.8,2023-2024
0610003X,104.8,2023-2024
0610037J,101.6,2023-2024
0610044S,98.5,2023-2024
0610057F,81,2023-2024
0610693X,119.9,2023-2024
0611099N,114.8,2023-2024
0622096S,96,2023-2024
0622117P,130.2,2023-2024
0622578R,93.1,2023-2024
0622581U,83.4,2023-2024
0623310L,97.8,2023-2024
0630031S,97,2023-2024
0631121B,107.8,2023-2024
0631773K,98,2023-2024
0640132W,98.5,2023-2024
0640146L,126,2023-2024
0641660G,129.9,2023-2024
0660029Y,85.5,2023-2024
0660038H,97.5,2023-2024
0660848N,102.3,2023-2024
0680009R,74.6,2023-2024
0680020C,98.5,2023-2024
0680112C,101.6,2023-2024
0681268J,114.1,2023-2024
0681932F,108.7,2023-2024
0690546U,147.9,2023-2024
0690599B,115.1,2023-2024
0690624D,136,2023-2024
0692422H,122.4,2023-2024
0692898A,107.3,2023-2024
0692929J,136.3,2023-2024
0692934P,149.3,2023-2024
0692940W,143.2,2023-2024
0694279B,110,2023-2024
0700061L,103,2023-2024
0710536X,94.8,2023-2024
0720070K,96,2023-2024
0720797A,78,2023-2024
0730036T,107.2,2023-2024
0731272L,114.1,2023-2024
0740023Y,104.6,2023-2024
0740032H,102.2,2023-2024
0740041T,104.6,2023-2024
0740065U,114.2,2023-2024
0741163M,127.1,2023-2024
0741278M,141.3,2023-2024
0741282S,131.9,2023-2024
0741419R,105.7,2023-2024
0741699V,119.8,2023-2024
0750387N,141.8,2023-2024
0751707Y,97.5,2023-2024
0751790N,145.9,2023-2024
0752317L,127.1,2023-2024
0752525M,130,2023-2024
0753047E,110.8,2023-2024
0754305X,106.6,2023-2024
0760101X,88.9,2023-2024
0760108E,100.3,2023-2024
0761737A,85.4,2023-2024
0761745J,83.3,2023-2024
0762226G,90.8,2023-2024
0762289A,97.4,2023-2024
0762566B,135,2023-2024
0770038Y,119.9,2023-2024
0770053P,98.8,2023-2024
0771619S,112.6,2023-2024
0771841H,89.4,2023-2024
0772189L,106.5,2023-2024
0772427V,119.3,2023-2024
0772482E,110.6,2023-2024
0780002D,127.6,2023-2024
0780187E,84.5,2023-2024
0780856G,113.1,2023-2024
0781896M,75.7,2023-2024
0783300N,121.8,2023-2024
0783546F,161.9,2023-2024
0790017P,97.1,2023-2024
0800039H,87.5,2023-2024
0800057C,111.7,2023-2024
0801227Z,112.4,2023-2024
0801372G,97.9,2023-2024
0810043G,103.1,2023-2024
0810125W,92.5,2023-2024
0811032G,112.3,2023-2024
0830013N,100.8,2023-2024
0830071B,109.2,2023-2024
0830823U,83.7,2023-2024
0830830B,91.5,2023-2024
0830837J,91.7,2023-2024
0840064N,96.3,2023-2024
0841116G,109.7,2023-2024
0850125Z,104.4,2023-2024
0850641K,99.5,2023-2024
0860016A,106.7,2023-2024
0860053R,97.6,2023-2024
0860723U,99.1,2023-2024
0860756E,125.8,2023-2024
0860876K,83.7,2023-2024
0870031L,102.4,2023-2024
0880014M,100.3,2023-2024
0880041S,97,2023-2024
0881145S,94.2,2023-2024
0881369K,106.1,2023-2024
0881410E,93.7,2023-2024
0890017K,86.4,2023-2024
0900007U,92.6,2023-2024
0900335A,133.5,2023-2024
0910009R,120.1,2023-2024
0910752Y,91,2023-2024
0911574S,111.6,2023-2024
0911752K,136.8,2023-2024
0920883K,121.2,2023-2024
0920886N,138.5,2023-2024
0921940J,94.7,2023-2024
0922482Y,148.2,2023-2024
0930892P,92.9,2023-2024
0930970Z,110.4,2023-2024
0931225B,77.1,2023-2024
0931705Y,143,2023-2024
0931843Y,126.5,2023-2024
0941033M,86.4,2023-2024
0941046B,128.4,2023-2024
0950900M,69.8,2023-2024
0950945L,107.3,2023-2024
0951099D,121.1,2023-2024
0951195H,92.9,2023-2024
0952136F,97.3,2023-2024
0952236P,123.2,2023-2024
6200045E,98,2023-2024
7200139N,123.2,2023-2024
9720017L,90.2,2023-2024
9730091L,78.9,2023-2024
9730497C,108.2,2023-2024
9740811N,82.9,2023-2024
9740932V,109.9,2023-2024
9741044S,90.5,2023-2024
9741262D,83.3,2023-2024
9741387P,107.7,2023-2024
9760274U,68.2,2023-2024
0010040N,96.9,2024-2025
0020054Y,65.5,2024-2025
0020055Z,90.6,2024-2025
0020056A,72.1,2024-2025
0020066L,103.2,2024-2025
0021490J,90.9,2024-2025
0021724N,103.3,2024-2025
0040022C,108.7,2024-2025
0040382U,114.3,2024-2025
0060019N,98.2,2024-2025
0060032C,103.9,2024-2025
0060061J,97.9,2024-2025
0060840F,86.1,2024-2025
0061133Z,108.4,2024-2025
0061279H,80.1,2024-2025
0061694J,118.8,2024-2025
0061772U,132.9,2024-2025
0061924J,111.1,2024-2025
0070006U,89.1,2024-2025
0070025P,108.3,2024-2025
0070861Y,103.5,2024-2025
0071245R,87.4,2024-2025
0071246S,106.2,2024-2025
0080949N,84.3,2024-2025
0090546V,99.8,2024-2025
0100009F,84.5,2024-2025
0110674Y,97.4,2024-2025
0111051H,91.2,2024-2025
0121174L,104.9,2024-2025
0131622T,103.7,2024-2025
0132327J,75.1,2024-2025
0132401P,97.6,2024-2025
0132565T,116.2,2024-2025
0132834K,107.6,2024-2025
0132917A,150,2024-2025
0133374X,126.2,2024-2025
0133449D,123.3,2024-2025
0133827P,112.2,2024-2025
0134245U,105.7,2024-2025
0140042V,117.7,2024-2025
0141163N,133.3,2024-2025
0141256P,94.1,2024-2025
0141860W,117.9,2024-2025
0141864A,110.2,2024-2025
0160024P,101.6,2024-2025
0170035W,110.5,2024-2025
0170049L,94.3,2024-2025
0170059X,108.6,2024-2025
0170088D,118.3,2024-2025
0171210Y,117.1,2024-2025
0180020Z,95.7,2024-2025
0180777X,104.6,2024-2025
0210011Y,102.4,2024-2025
0211391Y,106.5,2024-2025
0230017U,108.9,2024-2025
0230507B,95.2,2024-2025
0240015L,97.2,2024-2025
0240065R,98.6,2024-2025
0240106K,86.7,2024-2025
0250003T,80.5,2024-2025
0260115J,102,2024-2025
0261092W,110.7,2024-2025
0261133R,123.8,2024-2025
0270007L,110.6,2024-2025
0270032N,100.3,2024-2025
0270033P,98.4,2024-2025
0271744Z,110.4,2024-2025
0280658N,96.8,2024-2025
0280756V,112.6,2024-2025
0300036B,96.9,2024-2025
0300996V,104.2,2024-2025
0301356L,112.2,2024-2025
0301728R,103.6,2024-2025
0310015Y,108.1,2024-2025
0311094W,114,2024-2025
0311112R,86.9,2024-2025
0311328A,110.7,2024-2025
0311690U,116.9,2024-2025
0311968W,110.7,2024-2025
0312843X,117.7,2024-2025
0320012P,99.1,2024-2025
0320017V,104.4,2024-2025
0330128K,133.5,2024-2025
0331492T,143.1,2024-2025
0331666G,115.4,2024-2025
0332084L,107.2,2024-2025
0332283C,112,2024-2025
0332437V,121.4,2024-2025
0332492E,137.3,2024-2025
0332706M,106.9,2024-2025
0333329P,115.7,2024-2025
0333530H,114.2,2024-2025
0340955D,87.3,2024-2025
0341656R,108.4,2024-2025
0342132H,74.8,2024-2025
0342326U,105.5,2024-2025
0350033W,129.9,2024-2025
0350039C,115.6,2024-2025
0350040D,96.2,2024-2025
0350916F,102.4,2024-2025
0351791G,109.4,2024-2025
0351847T,113.3,2024-2025
0353083L,124.8,2024-2025
0370026C,90.8,2024-2025
0380059H,106.9,2024-2025
0382110M,89.2,2024-2025
0382495F,126,2024-2025
0390075V,102.1,2024-2025
0390883Y,89.2,2024-2025
0400779E,106.4,2024-2025
0410003F,74.5,2024-2025
0410682U,105.2,2024-2025
0410952M,66.4,2024-2025
0421569C,89.6,2024-2025
0430006Y,104.4,2024-2025
0430010C,98.3,2024-2025
0430898T,104.6,2024-2025
0430902X,115.5,2024-2025
0430906B,111.2,2024-2025
0440055W,123.4,2024-2025
0440233P,111.2,2024-2025
0441547T,131.8,2024-2025
0441938T,146.1,2024-2025
0442782K,106.6,2024-2025
0450003J,102.2,2024-2025
0450936Y,79.3,2024-2025
0451665R,100.8,2024-2025
0460021Y,111.1,2024-2025
0460030H,106,2024-2025
0470066S,126,2024-2025
0490865Z,98.7,2024-2025
0490878N,105.4,2024-2025
0491645X,116,2024-2025
0491922Y,140.2,2024-2025
0500012S,91.9,2024-2025
0500149R,96.6,2024-2025
0500155X,113.4,2024-2025
0501201J,94.1,2024-2025
0501220E,107.8,2024-2025
0511108C,76.2,2024-2025
0511476C,95.3,2024-2025
0520039K,98.9,2024-2025
0520842H,89.2,2024-2025
0530021K,102.4,2024-2025
0530051T,114.2,2024-2025
0530061D,107.1,2024-2025
0530077W,91.4,2024-2025
0542349K,94.1,2024-2025
0550859K,99.3,2024-2025
0560023W,120.1,2024-2025
0572013D,113.2,2024-2025
0572015F,108.7,2024-2025
0572359E,102.7,2024-2025
0572691R,98.4,2024-2025
0580066G,112.5,2024-2025
0580620J,99.4,2024-2025
0590183D,66,2024-2025
0590238N,79.8,2024-2025
0593144X,119.9,2024-2025
0593145Y,137.6,2024-2025
0593185S,74.2,2024-2025
0593198F,112.3,2024-2025
0593475G,110.3,2024-2025
0593667R,61.9,2024-2025
0593668S,100.7,2024-2025
0594394F,80.8,2024-2025
0594408W,74.5,2024-2025
0594638W,98.4,2024-2025
0594645D,98.7,2024-2025
0595174D,94,2024-2025
0595782P,74.7,2024-2025
0596529B,88.8,2024-2025
0600018U,84.7,2024-2025
0601155E,122.1,2024-2025
0601766U,123.1,2024-2025
0601937E,109.9,2024-2025
0610057F,83.5,2024-2025
0610959L,89,2024-2025
0620219B,76.7,2024-2025
0622091L,105.7,2024-2025
0622098U,88.2,2024-2025
0622435K,89.3,2024-2025
0622950V,100.2,2024-2025
0623322Z,93.3,2024-2025
0623569T,131.5,2024-2025
0623919Y,85.7,2024-2025
0630065D,99.2,2024-2025
0631073Z,141.2,2024-2025
0631101E,120.5,2024-2025
0640045B,101.6,2024-2025
0640071E,103.5,2024-2025
0640136A,116,2024-2025
0641412M,118.6,2024-2025
0641661H,131,2024-2025
0642095E,101.6,2024-2025
0660019M,76.3,2024-2025
0660866H,87.3,2024-2025
0670014B,96.9,2024-2025
0671508A,77.6,2024-2025
0671590P,74.4,2024-2025
0671989Y,119.2,2024-2025
0681318N,96.6,2024-2025
0681965S,104.9,2024-2025
0690007H,96.2,2024-2025
0691674V,123.6,2024-2025
0692865P,116.4,2024-2025
0693092L,117.7,2024-2025
0693093M,98,2024-2025
0694279B,109.5,2024-2025
0694312M,127.8,2024-2025
0700004Z,95,2024-2025
0700785Y,107,2024-2025
0700894S,97.2,2024-2025
0700896U,97.2,2024-2025
0700904C,90.8,2024-2025
0711321A,106.4,2024-2025
0720014Z,99,2024-2025
0720040C,114.2,2024-2025
0721608G,76.3,2024-2025
0730984Y,108.7,2024-2025
0731114P,112.2,2024-2025
0731204M,121,2024-2025
0750444A,123.3,2024-2025
0750610F,107.2,2024-2025
0752108J,136.5,2024-2025
0752190Y,94.7,2024-2025
0752196E,90.8,2024-2025
0752531U,149.7,2024-2025
0752552S,139.2,2024-2025
0754007Y,147,2024-2025
0755747P,91.7,2024-2025
0760077W,119.8,2024-2025
0760108E,100.9,2024-2025
0762084C,101.5,2024-2025
0762085D,96.1,2024-2025
0762086E,101.7,2024-2025
0763406P,144.7,2024-2025
0771068T,114.7,2024-2025
0772226B,124.9,2024-2025
0772714G,115.9,2024-2025
0780420H,95.1,2024-2025
0780715D,147,2024-2025
0780856G,114.9,2024-2025
0781171Z,116.4,2024-2025
0781537X,151.8,2024-2025
0781587B,156.3,2024-2025
0781915H,115.6,2024-2025
0782115A,96.4,2024-2025
0783838Y,144.7,2024-2025
0790030D,100.7,2024-2025
0791134D,120.1,2024-2025
0800037F,88.7,2024-2025
0810036Z,104.9,2024-2025
0810788S,98.7,2024-2025
0820007M,94.4,2024-2025
0830031H,100.7,2024-2025
0830163B,90.6,2024-2025
0830953K,86.2,2024-2025
0841027K,116.1,2024-2025
0850097U,95.4,2024-2025
0850103A,95.6,2024-2025
0850605W,105.3,2024-2025
0851290R,105.2,2024-2025
0860032T,111.8,2024-2025
0890019M,100.5,2024-2025
0890028X,99.4,2024-2025
0900009W,100,2024-2025
0910775Y,86.6,2024-2025
0910980W,122.4,2024-2025
0911022S,103,2024-2025
0911031B,106,2024-2025
0911042N,86.3,2024-2025
0911253T,67.2,2024-2025
0912175V,116.1,2024-2025
0921234S,122.2,2024-2025
0921545E,86.2,2024-2025
0922565N,129.7,2024-2025
0930897V,75.7,2024-2025
0931212M,84.3,2024-2025
0931428X,76.5,2024-2025
0931610V,87.9,2024-2025
0940569H,132.8,2024-2025
0940789X,120.4,2024-2025
0940809U,134.3,2024-2025
0941597A,110,2024-2025
0941602F,94.3,2024-2025
0941783C,104.1,2024-2025
0950893E,99.7,2024-2025
0950933Y,102.3,2024-2025
0951050A,85.8,2024-2025
0951921X,85.1,2024-2025
0951945Y,83.6,2024-2025
0952086B,113.9,2024-2025
0952136F,102.3,2024-2025
6200191N,106.5,2024-2025
6200697N,96.3,2024-2025
7200027S,96.6,2024-2025
9710022X,87.8,2024-2025
9710037N,83.3,2024-2025
9710086S,92.5,2024-2025
9720021R,96.9,2024-2025
9720498J,101.1,2024-2025
9730334A,136.7,2024-2025
9740005M,102.8,2024-2025
9740027L,86.6,2024-2025
9740070H,85.4,2024-2025
9740091F,75.6,2024-2025
9740469S,130.7,2024-2025
9740618D,77.9,2024-2025
9741236A,87.8,2024-2025
9741237B,91.6,2024-2025
9741260B,105.3,2024-2025
9741630D,111.1,2024-2025
0010082J,127.6,2023-2024
0010796K,112.7,2023-2024
0020065K,94.3,2023-2024
0021491K,98.2,2023-2024
0021492L,65.6,2023-2024
0030002L,95.6,2023-2024
0030046J,94.2,2023-2024
0040021B,104.8,2023-2024
0050025A,103.3,2023-2024
0060676C,119.6,2023-2024
0060799L,84.2,2023-2024
0061240R,89.8,2023-2024
0061458C,119.1,2023-2024
0061772U,131.6,2023-2024
0061925K,143.2,2023-2024
0070012A,105.5,2023-2024
0070023M,101.2,2023-2024
0070024N,102.2,2023-2024
0070059B,106.4,2023-2024
0071246S,104.5,2023-2024
0081100C,98.5,2023-2024
0090478W,108.6,2023-2024
0100013K,103.9,2023-2024
0110724C,98.7,2023-2024
0110896P,122.4,2023-2024
0120082Z,103.9,2023-2024
0131375Z,75.8,2023-2024
0131712R,110.3,2023-2024
0132217P,93.7,2023-2024
0132311S,86.8,2023-2024
0132318Z,105.2,2023-2024
0132324F,113.6,2023-2024
0132955S,145.6,2023-2024
0140067X,93.4,2023-2024
0140069Z,117.6,2023-2024
0140072C,103.1,2023-2024
0141226G,112.4,2023-2024
0141315D,81.7,2023-2024
0141554N,86.5,2023-2024
0142145F,94.1,2023-2024
0150011F,102,2023-2024
0150024V,107.5,2023-2024
0150065P,102.7,2023-2024
0160042J,101.6,2023-2024
0170009T,98.9,2023-2024
0170012W,92.4,2023-2024
0170049L,99,2023-2024
0170082X,96.5,2023-2024
0211162Z,102.4,2023-2024
0211230Y,103.5,2023-2024
0211357L,87,2023-2024
0220104U,116.9,2023-2024
0220149T,97.1,2023-2024
0220161F,110.8,2023-2024
0221541F,109.3,2023-2024
0221698B,90.6,2023-2024
0221999D,104.1,2023-2024
0240030C,93.6,2023-2024
0251048D,98,2023-2024
0260101U,102.9,2023-2024
0261092W,108.3,2023-2024
0261093X,111.7,2023-2024
0270036T,95.6,2023-2024
0271316J,93.5,2023-2024
0280016R,105.4,2023-2024
0280034K,88.9,2023-2024
0290049W,98.6,2023-2024
0290153J,95.1,2023-2024
0290301V,113.7,2023-2024
0291713E,115,2023-2024
0291878J,125.1,2023-2024
0310007P,97.1,2023-2024
0311160T,133.8,2023-2024
0311209W,116.9,2023-2024
0311718Z,87,2023-2024
0312729Y,118.9,2023-2024
0312842W,109.3,2023-2024
0320608M,106.1,2023-2024
0331490R,133.1,2023-2024
0331513R,124.9,2023-2024
0331529H,142.3,2023-2024
0331617D,95,2023-2024
0332569N,111,2023-2024
0332705L,108.4,2023-2024
0332934K,102.9,2023-2024
0340063J,105.1,2023-2024
0340974Z,103.4,2023-2024
0341388Z,101.7,2023-2024
0341421K,117.5,2023-2024
0342036D,128.1,2023-2024
0350770X,110.6,2023-2024
0350780H,143,2023-2024
0350839X,135.6,2023-2024
0350852L,132.8,2023-2024
0350853M,110.4,2023-2024
0350872H,120.3,2023-2024
0350892E,112.2,2023-2024
0351053E,107.3,2023-2024
0352691K,114,2023-2024
0352760K,123.6,2023-2024
0360720M,96.2,2023-2024
0370729S,137.1,2023-2024
0370741E,129.3,2023-2024
0370746K,114.5,2023-2024
0381908T,116.3,2023-2024
0382781S,125.7,2023-2024
0383494S,91.6,2023-2024
0391003D,110.6,2023-2024
0400096M,92.7,2023-2024
0401066S,104.1,2023-2024
0420024Y,110.5,2023-2024
0421049M,107.5,2023-2024
0430013F,104.1,2023-2024
0430085J,95.4,2023-2024
0431009N,112.5,2023-2024
0440207L,117.3,2023-2024
0440219Z,105.5,2023-2024
0441616T,86.2,2023-2024
0441655K,92.6,2023-2024
0441934N,150.5,2023-2024
0451069T,109.1,2023-2024
0451788Z,90.8,2023-2024
0470777P,89.3,2023-2024
0480607Z,109,2023-2024
0490014Z,118.8,2023-2024
0490829K,130.3,2023-2024
0490868C,103.3,2023-2024
0491825T,111.1,2023-2024
0491921X,116.1,2023-2024
0500149R,97.2,2023-2024
0501702D,118.6,2023-2024
0510059M,100.9,2023-2024
0511474A,86.2,2023-2024
0010083K,123.4,2023-2024
0010089S,109.6,2023-2024
0020044M,86.1,2023-2024
0021489H,82.1,2023-2024
0021722L,94.7,2023-2024
0030043F,93.6,2023-2024
0040419J,107,2023-2024
0060063L,110.6,2023-2024
0060067R,107.9,2023-2024
0061001F,69.9,2023-2024
0061376N,127.1,2023-2024
0061461F,146.7,2023-2024
0070086F,98.2,2023-2024
0090023B,103.6,2023-2024
0120020G,99.6,2023-2024
0120084B,109,2023-2024
0120092K,108.8,2023-2024
0520050X,85,2023-2024
0530053V,106.8,2023-2024
0541440X,122.8,2023-2024
0542189L,121.7,2023-2024
0550701N,81.2,2023-2024
0560226S,96.5,2023-2024
0570010B,103.9,2023-2024
0570073V,89.7,2023-2024
0572184P,94.1,2023-2024
0572690P,78.1,2023-2024
0572929Z,130.4,2023-2024
0580030T,101.2,2023-2024
0590107W,98.7,2023-2024
0592899F,107.2,2023-2024
0592950L,117.5,2023-2024
0593101A,118.9,2023-2024
0593143W,90.9,2023-2024
0593144X,116.8,2023-2024
0593252P,84.6,2023-2024
0593660H,78.7,2023-2024
0594534H,88.9,2023-2024
0595163S,101.8,2023-2024
0595360F,141.9,2023-2024
0595384G,107.7,2023-2024
0601605U,84.2,2023-2024
0610691V,108.3,2023-2024
0610710R,104.2,2023-2024
0611023F,90.5,2023-2024
0611220V,92.3,2023-2024
0620014D,96.2,2023-2024
0622115M,116.4,2023-2024
0622135J,105.4,2023-2024
0622239X,83.9,2023-2024
0622299M,104.6,2023-2024
0622792Y,94.5,2023-2024
0630028N,109.6,2023-2024
0630050M,98.8,2023-2024
0631099C,107.8,2023-2024
0640005H,105.5,2023-2024
0640169L,110.8,2023-2024
0640214K,99.1,2023-2024
0641656C,112.9,2023-2024
0642010M,94.4,2023-2024
0650033H,90.9,2023-2024
0660523K,97,2023-2024
0670016D,104.1,2023-2024
0670066H,84.1,2023-2024
0131935H,68.5,2023-2024
0132313U,71.6,2023-2024
0133203L,101.1,2023-2024
0141940H,106.6,2023-2024
0150708N,114,2023-2024
0180028H,102.9,2023-2024
0190019T,99.3,2023-2024
0190059L,132.5,2023-2024
0190782X,102.8,2023-2024
0210029T,112.7,2023-2024
0211524T,99.5,2023-2024
0220015X,104.5,2023-2024
0221127F,96.2,2023-2024
0221539D,97.1,2023-2024
0221751J,121.1,2023-2024
0221931E,112.2,2023-2024
0230487E,97.6,2023-2024
0240010F,104.3,2023-2024
0240014K,104.4,2023-2024
0240043S,98.6,2023-2024
0240044T,97.8,2023-2024
0240158S,98.1,2023-2024
0251127P,82.7,2023-2024
0251211F,102.6,2023-2024
0251673H,118.2,2023-2024
0251949H,97.6,2023-2024
0260092J,122.2,2023-2024
0261086P,89,2023-2024
0261136U,118.4,2023-2024
0270038V,107.5,2023-2024
0271060F,114.6,2023-2024
0271099Y,96.2,2023-2024
0280869T,96.9,2023-2024
0290058F,103.2,2023-2024
0290060H,108.5,2023-2024
0290132L,103,2023-2024
0290330B,105.8,2023-2024
0291869Z,109.3,2023-2024
0292204N,129.4,2023-2024
0300141R,69.3,2023-2024
0301014P,85.9,2023-2024
0301670C,104.4,2023-2024
0671742E,98.2,2023-2024
0672194W,100.3,2023-2024
0680131Y,130.8,2023-2024
0690070B,101,2023-2024
0692576A,109,2023-2024
0693092L,118.7,2023-2024
0694453R,99.7,2023-2024
0710025S,108.6,2023-2024
0710060E,103.4,2023-2024
0710537Y,79.1,2023-2024
0711296Y,101.8,2023-2024
0711348E,95.6,2023-2024
0711350G,99.6,2023-2024
0720011W,100,2023-2024
0720806K,115.4,2023-2024
0720983C,83.5,2023-2024
0730022C,112.9,2023-2024
0731521G,127,2023-2024
0741284U,117.8,2023-2024
0741501E,100.2,2023-2024
0752108J,137.5,2023-2024
0752542F,115.6,2023-2024
0754007Y,144.7,2023-2024
0760077W,120.3,2023-2024
0761695E,96,2023-2024
0761776T,92.6,2023-2024
0762080Y,84.2,2023-2024
0762287Y,89.5,2023-2024
0762288Z,109.9,2023-2024
0762764S,106.4,2023-2024
0770040A,85.6,2023-2024
0771174H,94.9,2023-2024
0771421B,119.4,2023-2024
0771424E,125.9,2023-2024
0780210E,126.6,2023-2024
0781204K,141.2,2023-2024
0781537X,151.8,2023-2024
0781662H,150.3,2023-2024
0781986K,90.9,2023-2024
0790021U,92.1,2023-2024
0790067U,103.9,2023-2024
0790091V,94.4,2023-2024
0791014Y,109.3,2023-2024
0312611V,113.6,2023-2024
0313045S,106.9,2023-2024
0313078C,107.3,2023-2024
0330083L,100.8,2023-2024
0331888Y,92.1,2023-2024
0332347X,92.3,2023-2024
0340894M,125.6,2023-2024
0340908C,127.9,2023-2024
0341321B,79.2,2023-2024
0341726S,81,2023-2024
0341870Y,113.5,2023-2024
0342080B,119.8,2023-2024
0350849H,103.6,2023-2024
0350882U,110.8,2023-2024
0351795L,108.8,2023-2024
0352070K,142.7,2023-2024
0352319F,138.2,2023-2024
0360018Z,93.4,2023-2024
0360567W,113.9,2023-2024
0370023Z,100.7,2023-2024
0370733W,103.4,2023-2024
0370745J,125.3,2023-2024
0370793L,116.3,2023-2024
0371209N,107.1,2023-2024
0371397T,126.4,2023-2024
0380038K,118.1,2023-2024
0380068T,96.1,2023-2024
0382495F,125,2023-2024
0383260M,121,2023-2024
0390010Z,103.1,2023-2024
0390083D,96.8,2023-2024
0390906Y,112.2,2023-2024
0400010U,92.5,2023-2024
0410714D,87.6,2023-2024
0430006Y,103.2,2023-2024
0440209N,132.3,2023-2024
0440229K,133.9,2023-2024
0451286D,100.6,2023-2024
0460024B,96.8,2023-2024
0470046V,89.9,2023-2024
0490004N,128.3,2023-2024
0490862W,117,2023-2024
0490955X,113,2023-2024
0491923Z,124.4,2023-2024
0500011R,100.4,2023-2024
0500068C,85.8,2023-2024
0500096H,106.9,2023-2024
0501701C,121.3,2023-2024
0810019F,109.1,2023-2024
0810088F,103.4,2023-2024
0820704V,106,2023-2024
0830111V,132.8,2023-2024
0830182X,109.6,2023-2024
0830956N,89,2023-2024
0831355X,101.9,2023-2024
0840014J,113.7,2023-2024
0840029A,97.7,2023-2024
0840764Z,98.3,2023-2024
0840853W,121.1,2023-2024
0841099N,107.7,2023-2024
0850015E,106.2,2023-2024
0850103A,94.3,2023-2024
0850109G,106.9,2023-2024
0851145H,102.2,2023-2024
0851160Z,102.1,2023-2024
0860761K,101.5,2023-2024
0870658T,112.1,2023-2024
0880150K,107.5,2023-2024
0890937K,86.8,2023-2024
0891053L,109.7,2023-2024
0900006T,85.9,2023-2024
0911334F,79.7,2023-2024
0911899V,87.4,2023-2024
0921236U,138.3,2023-2024
0921241Z,117.1,2023-2024
0921778H,88.4,2023-2024
0930623X,107.3,2023-2024
0930884F,88.3,2023-2024
0931143M,92.1,2023-2024
0931528F,109,2023-2024
0932582B,81.5,2023-2024
0940038F,123.3,2023-2024
0940575P,97.6,2023-2024
0940581W,91.7,2023-2024
0940892J,120.1,2023-2024
0941036R,86.4,2023-2024
0941099J,96.4,2023-2024
0941220R,131.9,2023-2024
0941296Y,89.4,2023-2024
0950886X,76,2023-2024
0950931W,97.4,2023-2024
0951050A,87.1,2023-2024
0951100E,109.2,2023-2024
0951507X,139.9,2023-2024
0951509Z,101.2,2023-2024
0951697D,93.8,2023-2024
0951945Y,82.5,2023-2024
0952114G,82.6,2023-2024
0952205F,114.1,2023-2024
9710040S,99.6,2023-2024
9710064T,115.6,2023-2024
0510027C,91.7,2023-2024
0520006Z,93.5,2023-2024
0520842H,88.3,2023-2024
0530002P,105.3,2023-2024
0530005T,94.8,2023-2024
0530779J,104,2023-2024
0530804L,93.8,2023-2024
0530914F,110,2023-2024
0540005M,96.1,2023-2024
0540078S,112.3,2023-2024
0542449U,106.1,2023-2024
0560122D,128.4,2023-2024
0560166B,105.3,2023-2024
0561383Z,94.3,2023-2024
0570115R,100.1,2023-2024
0572013D,112.6,2023-2024
0572359E,102.5,2023-2024
9730307W,73.8,2023-2024
0573361U,92.4,2023-2024
9740645H,72.1,2023-2024
0590087Z,97.1,2023-2024
9760119A,77.7,2023-2024
0593131H,103.6,2023-2024
0020075W,75.9,2024-2025
0593475G,108.1,2023-2024
0030010V,93.4,2024-2025
0030104X,114.2,2024-2025
0040420K,104.3,2024-2025
0040535K,107.6,2024-2025
0050022X,102.1,2024-2025
0050638S,108.4,2024-2025
0622097T,81.4,2023-2024
0060063L,111.4,2024-2025
0622432G,98.7,2023-2024
0622874M,85.3,2023-2024
0630010U,100.3,2023-2024
0631101E,118.7,2023-2024
0070062E,110.9,2024-2025
0080925M,66.2,2024-2025
0642011N,132.6,2023-2024
0120018E,106.2,2024-2025
0680132Z,118.5,2023-2024
0251048D,97.2,2024-2025
0251395F,67.2,2024-2025
0820007M,93.4,2023-2024
0260101U,104.6,2024-2025
0261095Z,100.4,2024-2025
0261134S,128.3,2024-2025
0261136U,119.5,2024-2025
0280001Z,102.9,2024-2025
0280716B,78.9,2024-2025
0290032C,103.8,2024-2025
0290058F,100.5,2024-2025
0290083H,103.7,2024-2025
0290148D,91.9,2024-2025
0290314J,117.1,2024-2025
0301010K,82.5,2024-2025
0310001H,105.6,2024-2025
0311231V,95.4,2024-2025
0311335H,126.4,2024-2025
0311720B,113.4,2024-2025
0311721C,119.2,2024-2025
0311851U,97.9,2024-2025
0312338Y,114.9,2024-2025
0320001C,101.6,2024-2025
0320019X,118.1,2024-2025
0320021Z,114.1,2024-2025
0330058J,105.6,2024-2025
0330145D,103.6,2024-2025
0332248P,96.4,2024-2025
0332347X,91.8,2024-2025
0333134C,123.5,2024-2025
0340037F,90.3,2024-2025
0340070S,101.2,2024-2025
0340888F,103.9,2024-2025
0341366A,98,2024-2025
0341386X,110.1,2024-2025
0350708E,93.1,2024-2025
0350857S,116,2024-2025
0350872H,121.9,2024-2025
0350877N,98.9,2024-2025
0350883V,106.2,2024-2025
0352008T,100,2024-2025
0352167R,127.7,2024-2025
0352183H,122.8,2024-2025
0360720M,99,2024-2025
0370045Y,110.9,2024-2025
0370884K,107.4,2024-2025
0380087N,111.4,2024-2025
0382114S,115.3,2024-2025
0382430K,111.1,2024-2025
0390085F,101.6,2024-2025
0400003L,102.3,2024-2025
0400068G,101.5,2024-2025
0410632P,97.6,2024-2025
0410684W,111.5,2024-2025
0421084A,98.6,2024-2025
0421689H,66.3,2024-2025
0421919H,76.1,2024-2025
0430030Z,112.3,2024-2025
0430085J,98.4,2024-2025
0440285W,120.3,2024-2025
0440347N,119,2024-2025
0441859G,115.2,2024-2025
0442277L,128.6,2024-2025
0450069F,85.8,2024-2025
0460734Y,107.6,2024-2025
0470069V,115.8,2024-2025
0490836T,105.7,2024-2025
0490879P,111,2024-2025
0491764B,93.5,2024-2025
0491921X,115.5,2024-2025
0500148P,97.1,2024-2025
0500153V,96.1,2024-2025
0501206P,98.7,2024-2025
0501704F,109.4,2024-2025
0511180F,112.4,2024-2025
0511191T,91.4,2024-2025
0511470W,86.1,2024-2025
0530874M,111.4,2024-2025
0540014X,97.7,2024-2025
0540071J,111.8,2024-2025
0541326Y,86.7,2024-2025
0541330C,110.3,2024-2025
0550020Y,87.6,2024-2025
0560002Y,104.8,2024-2025
0560110R,103.4,2024-2025
0560173J,119,2024-2025
0561377T,106.6,2024-2025
0561386C,102.4,2024-2025
0561400T,100.1,2024-2025
0572168X,82.2,2024-2025
0572172B,92.3,2024-2025
0572689N,101.7,2024-2025
0572690P,77.2,2024-2025
0580036Z,99.4,2024-2025
0592941B,112.1,2024-2025
0593154H,112.3,2024-2025
0593182N,96.9,2024-2025
0593479L,100.6,2024-2025
0912000E,136.1,2023-2024
0630047J,101.8,2024-2025
9741261C,73,2023-2024
0631153L,97.7,2024-2025
9760094Y,57.9,2023-2024
0640161C,113.6,2024-2025
0010097A,132,2024-2025
0641702C,127.6,2024-2025
0010987T,86.7,2024-2025
0650036L,110.3,2024-2025
0020016G,96.6,2024-2025
0650084N,102.7,2024-2025
0020484R,96.6,2024-2025
0670076U,106.4,2024-2025
0670107C,123.7,2024-2025
0671604E,127.7,2024-2025
0060910G,88.7,2024-2025
0681268J,113.8,2024-2025
0070037C,104.8,2024-2025
0690672F,107.7,2024-2025
0080036W,80.5,2024-2025
0080826E,69.5,2024-2025
0080839U,85.1,2024-2025
0080995N,112.5,2024-2025
0090056M,94.8,2024-2025
0100007D,93.5,2024-2025
0110003U,95.8,2024-2025
0131265E,78.4,2024-2025
0132324F,115.5,2024-2025
0731042L,104.1,2024-2025
0133451F,125.7,2024-2025
0750478M,106.8,2024-2025
0150034F,98,2024-2025
0160029V,96,2024-2025
0171117X,106.3,2024-2025
0171339N,118.7,2024-2025
0190821P,115.1,2024-2025
0220185G,106,2024-2025
0221991V,101.3,2024-2025
0230009K,102.6,2024-2025
0230408U,99,2024-2025
0240037K,93.4,2024-2025
0240066S,100.8,2024-2025
0240158S,99.3,2024-2025
0250047R,98.4,2024-2025
0260004N,123.4,2024-2025
0261010G,89.6,2024-2025
0753939Z,87.7,2024-2025
0760101X,90.8,2024-2025
0761325C,104,2024-2025
0761691A,99.1,2024-2025
0761701L,87.9,2024-2025
0761717D,125.6,2024-2025
0762225F,101.6,2024-2025
0770030P,105.4,2024-2025
0771217E,140.8,2024-2025
0771912K,105.8,2024-2025
0301326D,103.4,2024-2025
0301721H,109.1,2024-2025
0312699R,120.3,2024-2025
0780572Y,87.2,2024-2025
0320651J,116.9,2024-2025
0330132P,104.7,2024-2025
0331419N,108.6,2024-2025
0331662C,142.9,2024-2025
0331890A,121.9,2024-2025
0332704K,107,2024-2025
0340891J,109.7,2024-2025
0342130F,99.5,2024-2025
0801439E,102.4,2024-2025
0351785A,111.7,2024-2025
0820048G,106.6,2024-2025
0820052L,123.2,2024-2025
0820678S,110.5,2024-2025
0352070K,143.5,2024-2025
0360030M,99.6,2024-2025
0360567W,116.1,2024-2025
0370010K,115.8,2024-2025
0370013N,99,2024-2025
0370739C,110.1,2024-2025
0370745J,124.3,2024-2025
0371191U,99.8,2024-2025
0380044S,116.8,2024-2025
0380050Y,82.7,2024-2025
0382103E,115.4,2024-2025
0383455Z,116.9,2024-2025
0390031X,103.8,2024-2025
0420011J,109.5,2024-2025
0421059Y,120.3,2024-2025
0421565Y,120.3,2024-2025
0421803G,86.5,2024-2025
0422293P,114.7,2024-2025
0430135N,101,2024-2025
0430663M,110,2024-2025
0440013A,96.2,2024-2025
0440190T,132.3,2024-2025
0441686U,114.9,2024-2025
0441928G,119.3,2024-2025
0911036G,74.6,2024-2025
0450783G,109.2,2024-2025
0911354C,143.7,2024-2025
0470026Y,103.3,2024-2025
0912086Y,125,2024-2025
0920999L,154.9,2024-2025
0921020J,152.7,2024-2025
0921242A,116.1,2024-2025
0491641T,120.4,2024-2025
0491705M,99.5,2024-2025
0500014U,98.5,2024-2025
0931149U,94.4,2024-2025
0500096H,107.9,2024-2025
0931612X,73.3,2024-2025
0510054G,96.4,2024-2025
0940042K,96.6,2024-2025
0520052Z,82.7,2024-2025
0530002P,107.4,2024-2025
0540008R,102.1,2024-2025
0540019C,90.1,2024-2025
0541452K,96.2,2024-2025
0541567K,107.6,2024-2025
0950758H,142.5,2024-2025
0951505V,147.4,2024-2025
0951506W,147.3,2024-2025
0951682M,113.1,2024-2025
0951726K,98.2,2024-2025
0951939S,117.4,2024-2025
6200040Z,96,2024-2025
9710023Y,90.6,2024-2025
9711231L,90.7,2024-2025
9720007A,71.7,2024-2025
0570328X,98.9,2024-2025
9720449F,101.9,2024-2025
0572579U,67.4,2024-2025
9730083C,89.5,2024-2025
0590087Z,97,2024-2025
0590103S,92.8,2024-2025
0590164H,84.1,2024-2025
0590248Z,91.8,2024-2025
0590271Z,83.2,2024-2025
0592751V,80.3,2024-2025
0593244F,82.8,2024-2025
0594398K,83.7,2024-2025
0750362L,129.3,2024-2025
0752913J,161.2,2024-2025
0752920S,161,2024-2025
0180646E,96,2023-2024
0180732Y,93.7,2023-2024
0210053U,98.9,2023-2024
0211477S,106.8,2023-2024
0220142K,115.5,2023-2024
0220151V,107.5,2023-2024
0220172T,109.3,2023-2024
0220176X,122.6,2023-2024
0221819H,121.6,2023-2024
0240065R,96.9,2023-2024
0251058P,94.6,2023-2024
0260009U,110.2,2023-2024
0271284Z,100.2,2023-2024
0280018T,105.6,2023-2024
0290151G,121.6,2023-2024
0291595B,104.4,2023-2024
0310092G,119.6,2023-2024
0312220V,123.3,2023-2024
0320021Z,115.2,2023-2024
0320651J,119.3,2023-2024
0330062N,104.9,2023-2024
0331492T,141.3,2023-2024
0331500B,129.9,2023-2024
0332082J,89.5,2023-2024
0340883A,114.4,2023-2024
0341276C,112.3,2023-2024
0350864Z,113,2023-2024
0360541T,69.2,2023-2024
0370764E,88.6,2023-2024
0371378X,117,2023-2024
0382581Z,123.3,2023-2024
0390916J,101.6,2023-2024
0391002C,107.1,2023-2024
0420058K,105.8,2023-2024
0421084A,101.2,2023-2024
0421490S,105.3,2023-2024
0440025N,114.6,2023-2024
0440235S,108.7,2023-2024
0460054J,108.9,2023-2024
0490037Z,89.2,2023-2024
0594865T,93.1,2023-2024
0600046Z,97.2,2023-2024
0601295G,107.8,2023-2024
0601847G,106.1,2023-2024
0620195A,96.1,2023-2024
0620199E,88.4,2023-2024
0622123W,102.7,2023-2024
0630011V,97,2023-2024
0640133X,136.5,2023-2024
0640606L,103.8,2023-2024
0650050B,99.7,2023-2024
0670056X,95.2,2023-2024
0671686U,117.6,2023-2024
0672133E,110.2,2023-2024
0680088B,112,2023-2024
0691664J,87.4,2023-2024
0692165D,124.6,2023-2024
0692703N,82.3,2023-2024
0700004Z,94.7,2023-2024
0711314T,120.6,2023-2024
0720989J,80.8,2023-2024
0752553T,126.4,2023-2024
0752957G,118.2,2023-2024
0753985Z,133.4,2023-2024
0762598L,110.6,2023-2024
0771233X,121.2,2023-2024
0771472G,109.5,2023-2024
0771659K,103.4,2023-2024
0771661M,88.8,2023-2024
0772154Y,117.1,2023-2024
0772331R,109.6,2023-2024
0780180X,80.6,2023-2024
0780255D,83.5,2023-2024
0781105C,149.5,2023-2024
0781955B,81.7,2023-2024
0783592F,118.8,2023-2024
0790003Z,89.5,2023-2024
0801210F,127.8,2023-2024
0820823Z,100.8,2023-2024
0831630W,99.5,2023-2024
0850145W,87.9,2023-2024
0850639H,104.8,2023-2024
0851220P,108.3,2023-2024
0851290R,104,2023-2024
0851662V,105.3,2023-2024
0860045G,91.6,2023-2024
0870006J,106.2,2023-2024
0870871Z,103.8,2023-2024
0870909R,129.8,2023-2024
0880005C,93.1,2023-2024
0880100F,104.6,2023-2024
0881148V,104.2,2023-2024
0891186F,104.1,2023-2024
0900017E,85.5,2023-2024
0910041A,105.9,2023-2024
0910624J,86.7,2023-2024
0910817U,140.7,2023-2024
0910968H,142.5,2023-2024
0910971L,85.8,2023-2024
0910979V,115.3,2023-2024
0911145A,114.5,2023-2024
0911253T,67,2023-2024
0911396Y,103.6,2023-2024
0911444A,76,2023-2024
0911601W,145,2023-2024
0921178F,111.1,2023-2024
0921240Y,129.6,2023-2024
0921242A,122.3,2023-2024
0921501G,126,2023-2024
0931145P,86.4,2023-2024
0931147S,78.9,2023-2024
0931148T,84.7,2023-2024
0931194T,79.9,2023-2024
0931199Y,82.3,2023-2024
0931230G,82.6,2023-2024
0932580Z,86.5,2023-2024
0940569H,131.5,2023-2024
0940793B,145,2023-2024
0940794C,76.7,2023-2024
0942119T,108.2,2023-2024
0950894F,119.3,2023-2024
0950941G,104.6,2023-2024
0951279Z,124.1,2023-2024
0951943W,128,2023-2024
0952088D,97.7,2023-2024
6200040Z,97.5,2023-2024
7200017F,96.3,2023-2024
7200027S,97.3,2023-2024
9711231L,93,2023-2024
9720083H,94.7,2023-2024
9730182K,85.5,2023-2024
9730329V,65.3,2023-2024
9740083X,73.1,2023-2024
9741048W,99.4,2023-2024
9741630D,111.3,2023-2024
9760180S,91.2,2023-2024
9760314M,68.5,2023-2024
0010079F,112,2024-2025
0020024R,92.2,2024-2025
0021661V,87.4,2024-2025
0021663X,88,2024-2025
0021689A,83,2024-2025
0030001K,100.9,2024-2025
0060753L,123.7,2024-2025
0060911H,101.5,2024-2025
0061666D,125.5,2024-2025
0062122Z,112.3,2024-2025
0080894D,66.2,2024-2025
0081097Z,93.5,2024-2025
0081103F,92,2024-2025
0090478W,108.4,2024-2025
0110021N,94.7,2024-2025
0110666P,100.9,2024-2025
0110724C,100,2024-2025
0120068J,96,2024-2025
0131318M,146.2,2024-2025
0132313U,70.7,2024-2025
0132572A,82.8,2024-2025
0132732Z,112.9,2024-2025
0132786H,112.4,2024-2025
0132833J,134,2024-2025
0132955S,144.4,2024-2025
0133381E,108.4,2024-2025
0140073D,95.2,2024-2025
0160116P,111.5,2024-2025
0190025Z,104.9,2024-2025
0190717B,103.9,2024-2025
0190740B,107.7,2024-2025
0210001M,100.1,2024-2025
0221539D,99,2024-2025
0240014K,103.1,2024-2025
0240924Z,105.3,2024-2025
0251055L,105.7,2024-2025
0270019Z,85.1,2024-2025
0270038V,107.2,2024-2025
0271238Z,105.4,2024-2025
0290308C,132,2024-2025
0300031W,100.9,2024-2025
0300091L,89,2024-2025
0311264F,94.7,2024-2025
0311846N,106.3,2024-2025
0312799Z,112.5,2024-2025
0330122D,100.6,2024-2025
0330167C,110.4,2024-2025
0331500B,129.9,2024-2025
0331752A,124.7,2024-2025
0331895F,85.8,2024-2025
0332487Z,135.2,2024-2025
0332488A,147,2024-2025
0332723F,106.6,2024-2025
0332746F,140.8,2024-2025
0340053Y,86.7,2024-2025
0341066Z,75.1,2024-2025
0341367B,104.7,2024-2025
0342050U,101.3,2024-2025
0350853M,112.2,2024-2025
0350887Z,107.2,2024-2025
0350889B,117.1,2024-2025
0351849V,114.2,2024-2025
0360721N,91.3,2024-2025
0370034L,97.4,2024-2025
0370792K,117.8,2024-2025
0371101W,100.4,2024-2025
0380007B,111.3,2024-2025
0380026X,111.8,2024-2025
0380055D,107.6,2024-2025
0380062L,116.4,2024-2025
0380278W,96.5,2024-2025
0381701T,117.5,2024-2025
0382579X,150.8,2024-2025
0383437E,108.5,2024-2025
0400042D,99.3,2024-2025
0400072L,109.8,2024-2025
0410678P,106.2,2024-2025
0410681T,116.2,2024-2025
0410716F,107.4,2024-2025
0420058K,103.1,2024-2025
0421032U,113.7,2024-2025
0421085B,100.4,2024-2025
0421086C,102.2,2024-2025
0421683B,89.7,2024-2025
0430019M,98.3,2024-2025
0431009N,114.4,2024-2025
0440221B,120.1,2024-2025
0440223D,111.1,2024-2025
0440229K,136.3,2024-2025
0450022E,95.6,2024-2025
0450055R,80.3,2024-2025
0450063Z,103.1,2024-2025
0450840U,78.4,2024-2025
0460001B,106,2024-2025
0490022H,83.8,2024-2025
0490034W,90.4,2024-2025
0490057W,110.5,2024-2025
0510052E,89.6,2024-2025
0530031W,93.3,2024-2025
0530779J,102.4,2024-2025
0540025J,103.8,2024-2025
0540052N,112.2,2024-2025
0550013R,88.6,2024-2025
0550890U,103.1,2024-2025
0560215E,94.1,2024-2025
0570074W,95,2024-2025
0571994H,111.3,2024-2025
0572170Z,89.3,2024-2025
0572931B,133.3,2024-2025
0590050J,72.8,2024-2025
0590082U,113.3,2024-2025
0590211J,116.7,2024-2025
0593131H,104.3,2024-2025
0593217B,100.1,2024-2025
0593246H,86.3,2024-2025
0593476H,112.8,2024-2025
0630056U,113.2,2024-2025
0631407M,108.1,2024-2025
0631481T,107.7,2024-2025
0631735U,128.4,2024-2025
0640062V,117.9,2024-2025
0640078M,124.4,2024-2025
0641653Z,130.7,2024-2025
0642010M,95.5,2024-2025
0650018S,103.2,2024-2025
0650880D,121.7,2024-2025
0660029Y,87.7,2024-2025
0660038H,97.9,2024-2025
0660634F,117.8,2024-2025
0670009W,115.1,2024-2025
0671594U,96.6,2024-2025
0671697F,89.5,2024-2025
0672135G,115.4,2024-2025
0672301M,139.9,2024-2025
0681961M,82.4,2024-2025
0690075G,97.5,2024-2025
0690604G,140.1,2024-2025
0691478G,93.3,2024-2025
0691480J,82,2024-2025
0691728D,108.5,2024-2025
0692343X,69.1,2024-2025
0692417C,89.2,2024-2025
0692582G,113.6,2024-2025
0692704P,106.6,2024-2025
0692898A,109,2024-2025
0692921A,141.7,2024-2025
0692937T,142.8,2024-2025
0710007X,117.3,2024-2025
0710073U,97.6,2024-2025
0711925G,102.7,2024-2025
0720051P,93.5,2024-2025
0720053S,89.3,2024-2025
0720070K,95.5,2024-2025
0720804H,103.6,2024-2025
0720811R,117.6,2024-2025
0740032H,102.6,2024-2025
0740112V,117.8,2024-2025
0740274W,97.4,2024-2025
0740910M,92.4,2024-2025
0741596H,127.4,2024-2025
0750429J,120.7,2024-2025
0750591K,117.5,2024-2025
0752252R,101.9,2024-2025
0753206C,123.2,2024-2025
0753387Z,104.3,2024-2025
0753854G,148.4,2024-2025
0753937X,95.1,2024-2025
0754355B,98.7,2024-2025
0755000C,102,2024-2025
0760050S,77.1,2024-2025
0761745J,86,2024-2025
0762129B,91.1,2024-2025
0762132E,71.2,2024-2025
0762176C,94.1,2024-2025
0762405B,121.4,2024-2025
0770051M,117.4,2024-2025
0010039M,98.9,2023-2024
0010076C,122.9,2023-2024
0010084L,113.1,2023-2024
0010823P,96.8,2023-2024
0011333U,102.3,2023-2024
0020037E,105.2,2023-2024
0021593W,96.5,2023-2024
0030048L,86.5,2023-2024
0030104X,112.7,2023-2024
0040019Z,102.9,2023-2024
0040587S,149.3,2023-2024
0050010J,108.4,2023-2024
0060086L,104.1,2023-2024
0061456A,139,2023-2024
0061986B,109.9,2023-2024
0062056C,144.8,2023-2024
0080909V,94.8,2023-2024
0081001V,92.9,2023-2024
0081103F,92.6,2023-2024
0100028B,92.6,2023-2024
0100033G,108.9,2023-2024
0110686L,94.2,2023-2024
0120016C,98.6,2023-2024
0120078V,106.6,2023-2024
0130136C,71.4,2023-2024
0131707K,100.1,2023-2024
0131789Z,92,2023-2024
0132407W,65.6,2023-2024
0132572A,84.4,2023-2024
0132833J,132.4,2023-2024
0132908R,115.4,2023-2024
0132947H,148.2,2023-2024
0133353Z,133,2023-2024
0133765X,89,2023-2024
0134342Z,150.2,2023-2024
0141135H,93.7,2023-2024
0141163N,131.4,2023-2024
0141270E,85.4,2023-2024
0141641H,108.2,2023-2024
0150016L,101.5,2023-2024
0150033E,107.3,2023-2024
0150639N,116.9,2023-2024
0160884Z,81.2,2023-2024
0170387D,102.8,2023-2024
0170390G,94.8,2023-2024
0331664E,119.8,2023-2024
0340008Z,98.2,2023-2024
0340024S,96.4,2023-2024
0341424N,111.7,2023-2024
0341656R,106.7,2023-2024
0350866B,116.9,2023-2024
0360543V,99,2023-2024
0360658V,93,2023-2024
0370765F,116.3,2023-2024
0371208M,108.4,2023-2024
0382111N,116.5,2023-2024
0382431L,126.9,2023-2024
0390784R,98.5,2023-2024
0390797E,102.5,2023-2024
0400003L,100.2,2023-2024
0420011J,108.5,2023-2024
0421686E,72.7,2023-2024
0440231M,117.8,2023-2024
0441928G,119.4,2023-2024
0442807M,101.3,2023-2024
0470061L,113.5,2023-2024
0490849G,110.6,2023-2024
0490878N,105.7,2023-2024
0500039W,106.9,2023-2024
0500059T,97.4,2023-2024
0501240B,102.2,2023-2024
0501482P,104.6,2023-2024
0501703E,116.1,2023-2024
0510026B,92.9,2023-2024
0511178D,124.5,2023-2024
0511180F,111.9,2023-2024
0511187N,105.7,2023-2024
0511256N,87.4,2023-2024
0511801F,135.2,2023-2024
0530770Z,102.3,2023-2024
0541330C,111.8,2023-2024
0541567K,109.9,2023-2024
0550848Y,101.5,2023-2024
0560128K,108.1,2023-2024
0560143B,104,2023-2024
0561352R,97.4,2023-2024
0561622J,109.5,2023-2024
0570127D,58.6,2023-2024
0572017H,83.8,2023-2024
0572023P,81,2023-2024
0572170Z,89.7,2023-2024
0572491Y,79.5,2023-2024
0580037A,97.7,2023-2024
0590058T,80,2023-2024
0592715F,105.6,2023-2024
0593125B,101.8,2023-2024
0593180L,101.8,2023-2024
0593218C,117,2023-2024
0593483R,87.9,2023-2024
0593490Y,105.4,2023-2024
0595277R,78.6,2023-2024
0595337F,80.3,2023-2024
0601145U,138.1,2023-2024
0622090K,90.1,2023-2024
0622091L,104.7,2023-2024
0624343J,116.3,2023-2024
0640074H,102.8,2023-2024
0700013J,103.7,2023-2024
0721225R,117.3,2023-2024
0721363R,103.2,2023-2024
0741096P,109.3,2023-2024
0750584C,111.9,2023-2024
0750611G,122.4,2023-2024
0752556W,117.2,2023-2024
0761330H,107.8,2023-2024
0761725M,105.8,2023-2024
0762107C,83.9,2023-2024
0752107H,125.2,2023-2024
0760137L,92.4,2023-2024
0762123V,96.2,2023-2024
0762290B,118.5,2023-2024
0771921V,129.9,2023-2024
0772651N,119.1,2023-2024
0781846H,139.1,2023-2024
0790059K,98.1,2023-2024
0790943W,104.4,2023-2024
0800017J,90.4,2023-2024
0800051W,86.4,2023-2024
0801786G,85.2,2023-2024
0810092K,125,2023-2024
0820048G,107.3,2023-2024
0830106P,143.8,2023-2024
0831197A,135.8,2023-2024
0831482K,116.6,2023-2024
0220162G,99.3,2024-2025
0240016M,97.5,2024-2025
0240047W,88.8,2024-2025
0240961P,97.6,2024-2025
0251372F,102.8,2024-2025
0260067G,117,2024-2025
0271123Z,111.1,2024-2025
0271173D,108,2024-2025
0271285A,105.9,2024-2025
0271286B,79,2024-2025
0280701K,112.4,2024-2025
0280702L,98.4,2024-2025
0290057E,117.2,2024-2025
0290301V,117,2024-2025
0300085E,130.5,2024-2025
0310023G,97.1,2024-2025
0311209W,120.3,2024-2025
0490856P,112.7,2024-2025
0490921K,97.6,2024-2025
0491707P,88.7,2024-2025
0500079P,101.1,2024-2025
0501702D,121.2,2024-2025
0511801F,136.3,2024-2025
0520967U,112.5,2024-2025
0530003R,96.3,2024-2025
0530030V,98.9,2024-2025
0530583W,94,2024-2025
0530791X,94.5,2024-2025
0540022F,104.6,2024-2025
0540115G,100.7,2024-2025
0541470E,101.5,2024-2025
0550012P,99.1,2024-2025
0560029C,114.6,2024-2025
0570127D,59.1,2024-2025
0572166V,82.8,2024-2025
0590115E,104.8,2024-2025
0593234V,113.2,2024-2025
0594397J,80.1,2024-2025
0594865T,95.3,2024-2025
0595169Y,78.2,2024-2025
0610017M,95.6,2024-2025
0610745D,86.6,2024-2025
0620036C,86.7,2024-2025
0622094P,87.9,2024-2025
0622121U,114.5,2024-2025
0622123W,103.8,2024-2025
0622131E,95.2,2024-2025
0622268D,83.9,2024-2025
0622791X,79.3,2024-2025
0622871J,86.1,2024-2025
0771365R,109.9,2024-2025
0771472G,110.4,2024-2025
0771513B,104.3,2024-2025
0772125S,91.2,2024-2025
0772190M,106.2,2024-2025
0772396L,114.4,2024-2025
0780185C,112.1,2024-2025
0780187E,83.8,2024-2025
0781695U,103.5,2024-2025
0781864C,128.7,2024-2025
0781986K,87.2,2024-2025
0801325F,104.6,2024-2025
0801511H,95.4,2024-2025
0801537L,86.8,2024-2025
0810020G,104.2,2024-2025
0810044H,108.9,2024-2025
0830075F,104.4,2024-2025
0830147J,109.8,2024-2025
0831198B,123.2,2024-2025
0840069U,128.3,2024-2025
0840926A,115.2,2024-2025
0850641K,98.5,2024-2025
0851145H,101.1,2024-2025
0851181X,112.2,2024-2025
0851193K,93.3,2024-2025
0851304F,98.2,2024-2025
0860002K,96.9,2024-2025
0860756E,130,2024-2025
0860772X,120.3,2024-2025
0860799B,83.5,2024-2025
0890790A,86,2024-2025
0910056S,81.9,2024-2025
0910062Y,113.8,2024-2025
0911335G,122.7,2024-2025
0911572P,125.3,2024-2025
0920077J,105.1,2024-2025
0920624D,127.4,2024-2025
0921178F,112.7,2024-2025
0921241Z,119.1,2024-2025
0921779J,137.8,2024-2025
0921915G,157,2024-2025
0930623X,106,2024-2025
0931194T,79.1,2024-2025
0931217T,99.6,2024-2025
0931376R,89,2024-2025
0931846B,145.3,2024-2025
0940516A,115.2,2024-2025
0940552P,143.5,2024-2025
0941023B,117.1,2024-2025
0941032L,85.4,2024-2025
0941224V,78.5,2024-2025
0941713B,155.4,2024-2025
0941715D,144.1,2024-2025
0950022H,93.1,2024-2025
0951138W,83.8,2024-2025
0951141Z,97.1,2024-2025
0951672B,108.2,2024-2025
0951991Y,121.8,2024-2025
0952088D,99,2024-2025
7200020J,95.1,2024-2025
9710033J,88.4,2024-2025
9710987W,127.6,2024-2025
9711086D,117.2,2024-2025
9720008B,99.7,2024-2025
9720349X,102,2024-2025
9720455M,114.6,2024-2025
9720682J,85.4,2024-2025
9730381B,73.7,2024-2025
9730497C,95.4,2024-2025
9740085Z,78.2,2024-2025
9740548C,80.3,2024-2025
9740835P,117.8,2024-2025
9741546M,116.8,2024-2025
9760274U,68.6,2024-2025
9760379H,91.8,2024-2025
0010036J,109.2,2023-2024
0011387C,113.3,2023-2024
0011388D,110.8,2023-2024
0020007X,70.9,2023-2024
0021595Y,91.3,2023-2024
0021989B,93.8,2023-2024
0030018D,99.5,2023-2024
0030050N,96.5,2023-2024
0030838V,84.7,2023-2024
0040535K,106.7,2023-2024
0050023Y,112.5,2023-2024
0070847H,101.6,2023-2024
0110003U,95.7,2023-2024
0120002M,103.5,2023-2024
0120077U,105.8,2023-2024
0130032P,113,2023-2024
0130158B,113.1,2023-2024
0131943S,96.9,2023-2024
0132114C,95.9,2023-2024
0132205B,113.1,2023-2024
0132322D,89.5,2023-2024
0132326H,94.4,2023-2024
0132411A,100.1,2023-2024
0133451F,123.3,2023-2024
0142271T,105.4,2023-2024
0160115N,94.5,2023-2024
0180002E,89.4,2023-2024
0671687V,113.4,2023-2024
0680056S,108.4,2023-2024
0690005F,102.6,2023-2024
0690587N,118.6,2023-2024
0770030P,105,2023-2024
0801368C,127.1,2023-2024
0831196Z,128.5,2023-2024
0941023B,119.7,2023-2024
0941038T,105.9,2023-2024
0950037Z,86.3,2023-2024
0950748X,117.2,2023-2024
0951401G,84.4,2023-2024
0951705M,119.6,2023-2024
0951909J,100.7,2023-2024
0952086B,112.4,2023-2024
9730020J,74.8,2023-2024
9730306V,86.1,2023-2024
9730370P,87.4,2023-2024
9740005M,102.3,2023-2024
9740076P,124.6,2023-2024
9740577J,75.8,2023-2024
0010037K,110,2024-2025
0010076C,124.1,2024-2025
0030005P,97.5,2024-2025
0030050N,95.8,2024-2025
0060720A,130.9,2024-2025
0061238N,99.5,2024-2025
0070042H,100.6,2024-2025
0080035V,107.9,2024-2025
0080046G,92.9,2024-2025
0132283L,94.9,2024-2025
0132914X,144,2024-2025
0132947H,147.1,2024-2025
0133353Z,132.9,2024-2025
0141313B,108,2024-2025
0142271T,106,2024-2025
0160027T,103.7,2024-2025
0170384A,126,2024-2025
0180586P,103.9,2024-2025
0221512Z,107,2024-2025
0240121B,102.6,2024-2025
0251375J,88.7,2024-2025
0271105E,111.9,2024-2025
0271106F,95.1,2024-2025
0280755U,113.8,2024-2025
0290260A,110.7,2024-2025
0291085X,105.3,2024-2025
0470776N,103.4,2024-2025
0490843A,119.6,2024-2025
0490862W,117.2,2024-2025
0491930G,115.9,2024-2025
0500011R,102,2024-2025
0501216A,105.9,2024-2025
0510026B,92.2,2024-2025
0530001N,98.8,2024-2025
0541328A,98.4,2024-2025
0541956H,109.2,2024-2025
0550759B,103.8,2024-2025
0560108N,111.9,2024-2025
0560132P,110.7,2024-2025
0561358X,94.8,2024-2025
0570069R,77.3,2024-2025
0570093S,93.9,2024-2025
0572164T,101.5,2024-2025
0572932C,123.5,2024-2025
0590057S,126,2024-2025
0590150T,96.4,2024-2025
0590151U,88.2,2024-2025
0592830F,86.9,2024-2025
0592955S,115.9,2024-2025
0593181M,86.5,2024-2025
0593662K,92.2,2024-2025
0594291U,120.2,2024-2025
0594524X,79.2,2024-2025
0595337F,78.7,2024-2025
0600027D,98.7,2024-2025
0601193W,104.9,2024-2025
0601424X,107.4,2024-2025
0610012G,103.8,2024-2025
0620039F,88.5,2024-2025
0620170Y,74.7,2024-2025
0762080Y,84.5,2024-2025
0762107C,85.5,2024-2025
0762173Z,74.1,2024-2025
0770002J,133.4,2024-2025
0770038Y,117.1,2024-2025
0772119K,115.3,2024-2025
0772126T,97.7,2024-2025
0772154Y,117.5,2024-2025
0772945H,116.1,2024-2025
0781618K,87.2,2024-2025
0781886B,128.1,2024-2025
0783295H,147.7,2024-2025
0783464S,116.6,2024-2025
0790943W,103.3,2024-2025
0800002T,95.9,2024-2025
0801220S,132.4,2024-2025
0802134K,83.2,2024-2025
0810041E,121.9,2024-2025
0811062P,126.2,2024-2025
0820047F,114.2,2024-2025
0830103L,126.2,2024-2025
0830182X,110.1,2024-2025
0830928H,99.5,2024-2025
0840079E,117.4,2024-2025
0840114T,87.5,2024-2025
0840664R,73.7,2024-2025
0840762X,78.1,2024-2025
0850067L,93.6,2024-2025
0851158X,110.2,2024-2025
0851293U,116.7,2024-2025
0860015Z,99.2,2024-2025
0870037T,97.6,2024-2025
0870048E,100.5,2024-2025
0870049F,95.8,2024-2025
0870734A,101.2,2024-2025
0870821V,101.2,2024-2025
0870871Z,104.2,2024-2025
0880034J,90,2024-2025
0880044V,96.1,2024-2025
0880068W,102.9,2024-2025
0880108P,94.9,2024-2025
0910017Z,125.5,2024-2025
0910971L,84.7,2024-2025
0911402E,83.7,2024-2025
0911570M,75.8,2024-2025
0912174U,110.4,2024-2025
0920880G,111.8,2024-2025
0921396T,122.5,2024-2025
0921498D,133.8,2024-2025
0921501G,127,2024-2025
0921907Y,159.3,2024-2025
0921940J,96.2,2024-2025
0922645A,121.1,2024-2025
0922751R,124.5,2024-2025
0930884F,89.6,2024-2025
0931181D,87.6,2024-2025
0931191P,99.6,2024-2025
0931218U,82,2024-2025
0931225B,78.6,2024-2025
0931709C,82.2,2024-2025
0932586F,100.2,2024-2025
0932772H,122.8,2024-2025
0940521F,89.2,2024-2025
0941296Y,85.7,2024-2025
0941596Z,122.5,2024-2025
0941782B,119.4,2024-2025
0941891V,106,2024-2025
0950711G,74.7,2024-2025
0950900M,70.7,2024-2025
0950936B,119.2,2024-2025
0951098C,76.9,2024-2025
0951705M,118.8,2024-2025
9710661S,70.2,2024-2025
9720019N,93.5,2024-2025
9730206L,80,2024-2025
9740578K,89.1,2024-2025
9760371Z,62.9,2024-2025
0180591V,108.5,2023-2024
0211452P,98.8,2023-2024
0320004F,117.6,2023-2024
0330163Y,86.9,2023-2024
0340869K,130.5,2023-2024
0350870F,115.7,2023-2024
0370026C,92,2023-2024
0371204H,113.8,2023-2024
0380007B,111.3,2023-2024
0382582A,106.7,2023-2024
0382706K,101.9,2023-2024
0390075V,100.4,2023-2024
0391035N,95.5,2023-2024
0400774Z,109.1,2023-2024
0420035K,93.7,2023-2024
0421741P,98.1,2023-2024
0440314C,101.2,2023-2024
0450118J,129.2,2023-2024
0460592U,102.6,2023-2024
0480011B,101.9,2023-2024
0490843A,118.7,2023-2024
0491028B,85.2,2023-2024
0491930G,116,2023-2024
0500035S,92.8,2023-2024
0541340N,108.9,2023-2024
0541466A,104.6,2023-2024
0550018W,92.5,2023-2024
0560110R,108.4,2023-2024
0560802T,122.6,2023-2024
0561330S,97.3,2023-2024
0561399S,104.4,2023-2024
0572015F,108.2,2023-2024
0572183N,93.1,2023-2024
0580002M,96.3,2023-2024
0580034X,105.7,2023-2024
0590006L,75.9,2023-2024
0593185S,73.2,2023-2024
0593479L,102.1,2023-2024
0594298B,99.9,2023-2024
0594300D,70.6,2023-2024
0594410Y,102.9,2023-2024
0594411Z,109.1,2023-2024
0594881K,86.5,2023-2024
0595173C,115.7,2023-2024
0595389M,125.7,2023-2024
0595597N,116.6,2023-2024
0620055Y,64.4,2023-2024
0630047J,100.3,2023-2024
0631161V,94.4,2023-2024
0631733S,108.3,2023-2024
0640004G,106.7,2023-2024
0650877A,99.9,2023-2024
0672301M,134.7,2023-2024
0691478G,92.7,2023-2024
0692696F,126,2023-2024
0693890D,124.2,2023-2024
0710534V,78.6,2023-2024
0720811R,117.1,2023-2024
0721042S,107.9,2023-2024
0740102J,112.9,2023-2024
0741665H,106.1,2023-2024
0750507U,97.9,2023-2024
0752874S,158.5,2023-2024
0754757N,155.6,2023-2024
0755747P,91.3,2023-2024
0760075U,84.6,2023-2024
0762405B,127.2,2023-2024
0772125S,91.9,2023-2024
0780179W,134.2,2023-2024
0781601S,145.9,2023-2024
0790089T,116.2,2023-2024
0810089G,104.6,2023-2024
0831657A,116.9,2023-2024
0840915N,115,2023-2024
0850107E,108.9,2023-2024
0870008L,102.1,2023-2024
0890977D,88.8,2023-2024
0891055N,119,2023-2024
0900275K,98,2023-2024
0921015D,149.4,2023-2024
0921180H,89.3,2023-2024
0921502H,139.9,2023-2024
0930593P,105.5,2023-2024
0931188L,80.1,2023-2024
0931376R,85.6,2023-2024
0940521F,89,2023-2024
0941091A,121.1,2023-2024
0941942A,128.7,2023-2024
6200055R,105.2,2023-2024
6200185G,119.4,2023-2024
9710707S,97,2023-2024
9740094J,77.3,2023-2024
9740469S,130.4,2023-2024
0010002X,94.9,2024-2025
0010025X,111.5,2024-2025
0010039M,98.3,2024-2025
0020038F,98.6,2024-2025
0020063H,82.1,2024-2025
0030039B,107.1,2024-2025
0050480V,107.7,2024-2025
0050519M,108.9,2024-2025
0061130W,98.6,2024-2025
0061670H,134.6,2024-2025
0070847H,101.1,2024-2025
0080068F,86.6,2024-2025
0080948M,92.9,2024-2025
0081096Y,85.9,2024-2025
0090490J,89.9,2024-2025
0100005B,92.5,2024-2025
0100033G,108.8,2024-2025
0100081J,84.3,2024-2025
0100745F,102,2024-2025
0100961R,131.2,2024-2025
0110725D,91.5,2024-2025
0120016C,99.1,2024-2025
0121258C,112.5,2024-2025
0131602W,94.1,2024-2025
0131723C,112.9,2024-2025
0131750G,92.5,2024-2025
0131943S,102.2,2024-2025
0132315W,85,2024-2025
0132915Y,145.6,2024-2025
0133335E,129.8,2024-2025
0141171X,104.7,2024-2025
0141762P,104.5,2024-2025
0150001V,102.7,2024-2025
0160882X,92.1,2024-2025
0171213B,94.3,2024-2025
0180019Y,105.2,2024-2025
0211477S,107.5,2024-2025
0220151V,111.7,2024-2025
0221039K,118.2,2024-2025
0240004Z,97,2024-2025
0240029B,110.2,2024-2025
0281055V,114.3,2024-2025
0290674A,103.3,2024-2025
0400096M,95.9,2024-2025
0421684C,76.4,2024-2025
0430002U,104,2024-2025
0430092S,98.2,2024-2025
0440283U,92.8,2024-2025
0440308W,100.2,2024-2025
0442595G,123.5,2024-2025
0450047G,124.5,2024-2025
0450937Z,99.7,2024-2025
0451173F,93.8,2024-2025
0460018V,100.3,2024-2025
0480001R,110.5,2024-2025
0490849G,111.2,2024-2025
0491826U,91.5,2024-2025
0500006K,107.8,2024-2025
0500150S,104.4,2024-2025
0510001Z,95.4,2024-2025
0511214T,84.6,2024-2025
0541306B,140.5,2024-2025
0541578X,81.1,2024-2025
0541995A,143.3,2024-2025
0560048Y,114.4,2024-2025
0560115W,113.3,2024-2025
0610042P,92.7,2024-2025
0620099W,85.2,2024-2025
0620196B,85.6,2024-2025
0622417R,77.7,2024-2025
0622424Y,74.5,2024-2025
0623570U,120.3,2024-2025
0631734T,119.4,2024-2025
0640128S,123,2024-2025
0640212H,121.4,2024-2025
0641656C,119.6,2024-2025
0660063K,124.9,2024-2025
0671600A,97.8,2024-2025
0672606U,112.6,2024-2025
0681660K,132.6,2024-2025
0690036P,75,2024-2025
0692578C,80.5,2024-2025
0700013J,101,2024-2025
0701192R,88.9,2024-2025
0710121W,96.8,2024-2025
0720038A,117.2,2024-2025
0720799C,103.4,2024-2025
0731044N,111,2024-2025
0740114X,134.4,2024-2025
0740929H,101.7,2024-2025
0741097R,87.3,2024-2025
0741187N,113.7,2024-2025
0751705W,100.4,2024-2025
0751790N,144.8,2024-2025
0752198G,91,2024-2025
0752912H,156.8,2024-2025
0752934G,154,2024-2025
0753992G,142.9,2024-2025
0760086F,95.2,2024-2025
0760118R,99.6,2024-2025
0761695E,95.9,2024-2025
0761950G,131,2024-2025
0761956N,99.2,2024-2025
0010097A,128.9,2023-2024
0010802S,70.9,2023-2024
0020090M,79,2023-2024
0021686X,86.5,2023-2024
0030047K,91.7,2023-2024
0031010G,100.7,2023-2024
0060795G,102.1,2023-2024
0061002G,92.9,2023-2024
0061119J,136.3,2023-2024
0061135B,111.2,2023-2024
0061723R,98.6,2023-2024
0061853G,120.5,2023-2024
0062122Z,107,2023-2024
0070846G,100.3,2023-2024
0070863A,107,2023-2024
0080079T,85.9,2023-2024
0080948M,92.2,2023-2024
0081098A,90.6,2023-2024
0081099B,83.7,2023-2024
0090007J,94,2023-2024
0090591U,118.9,2023-2024
0100058J,112.8,2023-2024
0100962S,132,2023-2024
0101031S,96.4,2023-2024
0110068P,87.8,2023-2024
0131261A,68.4,2023-2024
0131385K,139.1,2023-2024
0131611F,82.1,2023-2024
0131705H,91.2,2023-2024
0132323E,85.3,2023-2024
0132402R,120.3,2023-2024
0132732Z,111.7,2023-2024
0132834K,107.8,2023-2024
0132951M,122.6,2023-2024
0134431W,117.3,2023-2024
0140038R,98,2023-2024
0140070A,90.5,2023-2024
0140081M,111.7,2023-2024
0141642J,100.7,2023-2024
0141763R,111.1,2023-2024
0141767V,102.8,2023-2024
0190614P,112.4,2023-2024
0190695C,102.9,2023-2024
0211151M,139.7,2023-2024
0211358M,92.2,2023-2024
0211526V,117.5,2023-2024
0220006M,105,2023-2024
0220045E,107.3,2023-2024
0220134B,125.9,2023-2024
0220167M,117.8,2023-2024
0230408U,100.5,2023-2024
0240001W,100,2023-2024
0240087P,109.2,2023-2024
0250012C,122.2,2023-2024
0251054K,98.3,2023-2024
0251587P,126.3,2023-2024
0261010G,87.9,2023-2024
0270043A,92.8,2023-2024
0271398Y,89.5,2023-2024
0280751P,97.3,2023-2024
0290243G,117.4,2023-2024
0290310E,108,2023-2024
0291880L,124.8,2023-2024
0291881M,119.1,2023-2024
0292055B,132.4,2023-2024
0300043J,102.7,2023-2024
0300091L,89.7,2023-2024
0310012V,102.9,2023-2024
0311319R,91.4,2023-2024
0311582B,122.9,2023-2024
0312610U,122.5,2023-2024
0330129L,104.7,2023-2024
0331419N,109.6,2023-2024
0331754C,111.5,2023-2024
0332189A,92,2023-2024
0332488A,146.5,2023-2024
0340054Z,104.1,2023-2024
0350057X,113.7,2023-2024
0350759K,115.5,2023-2024
0350854N,122.9,2023-2024
0352183H,123.8,2023-2024
0352589Z,93.7,2023-2024
0381703V,119.5,2023-2024
0381704W,126.7,2023-2024
0382110M,89,2023-2024
0382114S,117.8,2023-2024
0400077S,95.9,2023-2024
0430043N,98.6,2023-2024
0440228J,132.2,2023-2024
0442119P,132.4,2023-2024
0450939B,75.5,2023-2024
0451068S,112.3,2023-2024
0470776N,104.7,2023-2024
0480678B,107.2,2023-2024
0490027N,107,2023-2024
0490845C,104.8,2023-2024
0500144K,95.5,2023-2024
0511084B,122.5,2023-2024
0630009T,106.2,2023-2024
0631238D,89.5,2023-2024
0640048E,101.6,2023-2024
0641780M,116.9,2023-2024
0660063K,119.6,2023-2024
0672302N,119,2023-2024
0673212C,153.6,2023-2024
0691650U,136.8,2023-2024
0694295U,83,2023-2024
0700056F,103.9,2023-2024
0711071D,107.1,2023-2024
0711448N,98.4,2023-2024
0740083N,128.3,2023-2024
0740124H,129.9,2023-2024
0740929H,101.9,2023-2024
0750444A,122.9,2023-2024
0750575T,92.9,2023-2024
0752533W,129,2023-2024
0752923V,144.7,2023-2024
0755030K,73.8,2023-2024
0756020L,111,2023-2024
0761956N,97.2,2023-2024
0771760V,92.2,2023-2024
0780264N,82.3,2023-2024
0780715D,147.7,2023-2024
0783295H,146.4,2023-2024
0801225X,107.9,2023-2024
0801437C,122.2,2023-2024
0830076G,105.1,2023-2024
0831514V,110.1,2023-2024
0841118J,110.7,2023-2024
0860019D,106.3,2023-2024
0860032T,111.3,2023-2024
0860759H,135.3,2023-2024
0860762L,103.4,2023-2024
0860799B,82.3,2023-2024
0910969J,133.9,2023-2024
0911036G,75.1,2023-2024
0920081N,115.7,2023-2024
0011071J,108.3,2024-2025
0011257L,125.2,2024-2025
0020076X,80.7,2024-2025
0030980Z,108.7,2024-2025
0060085K,86.9,2024-2025
0061460E,131.9,2024-2025
0141596J,117.1,2024-2025
0160050T,115.4,2024-2025
0160894K,111,2024-2025
0211357L,86,2024-2025
0220063Z,116.4,2024-2025
0220082V,108.9,2024-2025
0221698B,89.3,2024-2025
0222030M,107.9,2024-2025
0240997D,103.1,2024-2025
0250049T,110.3,2024-2025
0251127P,83.4,2024-2025
0251209D,71.7,2024-2025
0251376K,116.7,2024-2025
0271336F,103.8,2024-2025
0280865N,80.6,2024-2025
0291640A,114.1,2024-2025
0291877H,115.1,2024-2025
0300043J,102.7,2024-2025
0311630D,62.6,2024-2025
0320056M,144.9,2024-2025
0330091V,96.3,2024-2025
0330106L,96.2,2024-2025
0331753B,84.4,2024-2025
0332490C,148.2,2024-2025
0350759K,114.2,2024-2025
0350885X,102,2024-2025
0352260S,127.4,2024-2025
0370993D,116.8,2024-2025
0380047V,106.8,2024-2025
0390010Z,102.5,2024-2025
0400025K,99.9,2024-2025
0420022W,100.3,2024-2025
0430013F,102.8,2024-2025
0442029S,127.7,2024-2025
0450023F,113.6,2024-2025
0451074Y,116.2,2024-2025
0593127D,108,2024-2025
0593171B,119.8,2024-2025
0594287P,111,2024-2025
0594389A,64.5,2024-2025
0595170Z,98.8,2024-2025
0595383F,102.6,2024-2025
0601297J,90.7,2024-2025
0610740Y,96.8,2024-2025
0610970Y,94.2,2024-2025
0620031X,90.2,2024-2025
0622272H,86.5,2024-2025
0630031S,99.1,2024-2025
0631085M,130.6,2024-2025
0692693C,122.9,2024-2025
0700010F,92.8,2024-2025
0710038F,107.6,2024-2025
0720046J,104.7,2024-2025
0671601B,110.9,2023-2024
0221621T,102.6,2023-2024
0230017U,108.9,2023-2024
0681284B,67.9,2023-2024
0240997D,103,2023-2024
0690016T,95.3,2023-2024
0260001K,106.9,2023-2024
0690534F,147.7,2023-2024
0260117L,84.6,2023-2024
0691484N,104.2,2023-2024
0271096V,100.6,2023-2024
0693137K,127.8,2023-2024
0280024Z,89.5,2023-2024
0700904C,90.7,2023-2024
0290064M,110.9,2023-2024
0710039G,100,2023-2024
0291635V,105.2,2023-2024
0720043F,89.7,2023-2024
0311325X,88.7,2023-2024
0311850T,127.7,2023-2024
0311915N,115.2,2023-2024
0311963R,133.1,2023-2024
0430917N,90.7,2023-2024
0801212H,140.3,2023-2024
0801222U,107.5,2023-2024
0801616X,78.3,2023-2024
0811062P,124.2,2023-2024
0830108S,129.8,2023-2024
0460565P,107.7,2023-2024
0830953K,86.1,2023-2024
0470720C,97.2,2023-2024
0831218Y,98.3,2023-2024
0480002S,102.7,2023-2024
0840051Z,78.8,2023-2024
0491764B,94.8,2023-2024
0851304F,96.2,2023-2024
0501201J,99.5,2023-2024
0860046H,96.4,2023-2024
0593171B,119.3,2023-2024
9730348R,65.6,2023-2024
9740548C,80.7,2023-2024
9740784J,88.9,2023-2024
0594642A,86.3,2023-2024
0050409T,113.5,2024-2025
0595391P,120.3,2023-2024
0596059R,100.8,2023-2024
0061240R,89.7,2024-2025
0601142R,136.5,2023-2024
0601766U,122.3,2023-2024
0601937E,110.4,2023-2024
0061461F,146.9,2024-2025
0061986B,109.4,2024-2025
0070012A,105.1,2024-2025
0070848J,104.6,2024-2025
0630016A,115.8,2023-2024
0090574A,103.4,2024-2025
0110044N,122.4,2024-2025
0640064X,103.6,2023-2024
0110788X,90.9,2024-2025
0660012E,67.8,2023-2024
0120070L,112.9,2024-2025
0660480N,93.6,2023-2024
0130032P,114.8,2024-2025
0660925X,98.5,2023-2024
0132491M,72.1,2024-2025
0670106B,106.3,2023-2024
0133492A,106.9,2024-2025
0672658A,115.5,2023-2024
0140041U,111,2024-2025
0141216W,125.5,2024-2025
0141268C,82.7,2024-2025
0160030W,105.2,2024-2025
0160039F,90,2024-2025
0160075V,122.5,2024-2025
0160115N,90,2024-2025
0160895L,94.9,2024-2025
0170016A,98,2024-2025
0180643B,112.1,2024-2025
0190014M,101.4,2024-2025
0190016P,100.5,2024-2025
0211140A,115.7,2024-2025
0220046F,97.7,2024-2025
0220149T,96.3,2024-2025
0220184F,91.9,2024-2025
0221744B,124.8,2024-2025
0221748F,108.5,2024-2025
0230023A,102,2024-2025
0230488F,110.4,2024-2025
0240086N,107.2,2024-2025
0240117X,97.2,2024-2025
0240927C,105.6,2024-2025
0241041B,93.9,2024-2025
0241076P,103.6,2024-2025
0690022Z,106.8,2023-2024
0690075G,94.5,2023-2024
0690590S,96.9,2023-2024
0691483M,82.6,2023-2024
0691663H,121.9,2023-2024
0692346A,120.2,2023-2024
0692419E,99.6,2023-2024
0692420F,94.7,2023-2024
0692923C,133.7,2023-2024
0693834T,84.8,2023-2024
0700063N,106.6,2023-2024
0710106E,120.8,2023-2024
0720040C,117.1,2023-2024
0720068H,86,2023-2024
0720984D,136.4,2023-2024
0730982W,115.6,2023-2024
0740095B,118.7,2023-2024
0740106N,118.8,2023-2024
0741488R,114.8,2023-2024
0750552T,119.5,2023-2024
0751563S,109.2,2023-2024
0752537A,105.7,2023-2024
0752540D,106.4,2023-2024
0752543G,132.2,2023-2024
0752896R,150.1,2023-2024
0752917N,160.7,2023-2024
0753939Z,85.1,2023-2024
0754005W,125.5,2023-2024
0761697G,88.9,2023-2024
0761950G,129.7,2023-2024
0762816Y,117.5,2023-2024
0770928R,132.4,2023-2024
0771362M,94.3,2023-2024
0771515D,99.5,2023-2024
0771567K,93.4,2023-2024
0260011W,108.1,2024-2025
0772227C,108.9,2023-2024
0271172C,107.9,2024-2025
0780577D,81.3,2023-2024
0781954A,123.1,2023-2024
0280657M,81.4,2024-2025
0280664V,122.4,2024-2025
0790709S,115.9,2023-2024
0290244H,105.1,2024-2025
0791017B,109.1,2023-2024
0800023R,89.7,2023-2024
0300093N,119.2,2024-2025
0300946R,120.8,2024-2025
0301208A,83,2024-2025
0310085Z,112.2,2024-2025
0311236A,124.9,2024-2025
0311330C,116.9,2024-2025
0311584D,119.8,2024-2025
0312284P,121.7,2024-2025
0312743N,128.8,2024-2025
0320006H,104.1,2024-2025
0320029H,101.4,2024-2025
0330064R,88.4,2024-2025
0330065S,114.4,2024-2025
0331461J,138.5,2024-2025
0331490R,131.4,2024-2025
0331620G,125.1,2024-2025
0331623K,126.4,2024-2025
0333133B,112.6,2024-2025
0333529G,117.6,2024-2025
0340996Y,69.5,2024-2025
0342051V,119.9,2024-2025
0350052S,90.4,2024-2025
0350866B,118.1,2024-2025
0351799R,88.8,2024-2025
0351969A,110.1,2024-2025
0352071L,82.8,2024-2025
0352958A,113.2,2024-2025
0370732V,134.5,2024-2025
0370746K,117.7,2024-2025
0370887N,129.9,2024-2025
0371122U,103.1,2024-2025
0371325P,127.3,2024-2025
0371330V,137.3,2024-2025
0380357G,90.4,2024-2025
0381812N,99.3,2024-2025
0382147C,95.7,2024-2025
0390800H,107.5,2024-2025
0420024Y,111.4,2024-2025
0420060M,107.8,2024-2025
0421172W,102.1,2024-2025
0430093T,107.5,2024-2025
0440025N,113.4,2024-2025
0440193W,126.8,2024-2025
0440196Z,105.3,2024-2025
0440206K,129.1,2024-2025
0440219Z,104.4,2024-2025
0440241Y,121.8,2024-2025
0440311Z,82.6,2024-2025
0440536U,93.6,2024-2025
0441728P,99.4,2024-2025
0820753Y,104.9,2023-2024
0460530B,100.2,2024-2025
0831056X,113.6,2023-2024
0480032Z,117.1,2024-2025
0840018N,72,2023-2024
0491703K,71.2,2024-2025
0850014D,94.3,2023-2024
0510028D,98.6,2024-2025
0851698J,94.8,2023-2024
0511177C,104.7,2024-2025
0870036S,116,2023-2024
0530826K,100.3,2024-2025
0870734A,103.5,2023-2024
0550006H,91.1,2024-2025
0881102V,89.9,2023-2024
0560022V,103.3,2024-2025
0890024T,87.8,2023-2024
0570143W,97.8,2024-2025
0910773W,108.8,2023-2024
0572180K,70.6,2024-2025
0911824N,132.9,2023-2024
0573754W,117.2,2024-2025
0580018E,96.7,2024-2025
0590190L,66.9,2024-2025
0592714E,70,2024-2025
0592959W,114.9,2024-2025
0921498D,133.9,2023-2024
0593228N,112,2024-2025
0922565N,129.3,2023-2024
0593240B,92.4,2024-2025
0593474F,110.8,2024-2025
0593490Y,107.2,2024-2025
0594303G,78.9,2024-2025
0931382X,123.2,2023-2024
0931428X,75,2023-2024
0932302X,141.8,2023-2024
0932454M,101.4,2023-2024
0932695Z,97.1,2023-2024
0932725G,89.5,2023-2024
0941710Y,121.6,2023-2024
0941891V,103.1,2023-2024
0942532S,84.4,2023-2024
0950022H,90.9,2023-2024
0950760K,134.1,2023-2024
0950823D,127.9,2023-2024
0951356H,81.9,2023-2024
0951726K,101,2023-2024
0951800R,89.8,2023-2024
9710406P,84.3,2023-2024
9720025V,109.8,2023-2024
9720470D,101.3,2023-2024
9720565G,92.2,2023-2024
9730132F,120.2,2023-2024
9730219A,76,2023-2024
9730479H,118.5,2023-2024
9740006N,94.6,2023-2024
9740022F,81.1,2023-2024
9740046G,88.1,2023-2024
9740080U,74.1,2023-2024
9740091F,75.1,2023-2024
9740703W,77.5,2023-2024
9740909V,93,2023-2024
9741654E,101.8,2023-2024
9760167C,76.5,2023-2024
9760183V,92.1,2023-2024
0010005A,112.3,2024-2025
0010082J,126.3,2024-2025
0595388L,84.1,2024-2025
0011142L,106.2,2024-2025
0011275F,103.9,2024-2025
0600030G,94.1,2024-2025
0601408E,104.8,2024-2025
0030091H,97.1,2024-2025
0620025R,87,2024-2025
0620195A,95.4,2024-2025
0070010Y,102.4,2024-2025
0110010B,108.1,2024-2025
0110026U,97.9,2024-2025
0623573X,129.9,2024-2025
0630064C,98.9,2024-2025
0120078V,107.4,2024-2025
0640037T,107.5,2024-2025
0121255Z,109.5,2024-2025
0660037G,91.1,2024-2025
0660051X,73.4,2024-2025
0132007L,75.2,2024-2025
0132207D,67.9,2024-2025
0132322D,88.1,2024-2025
0671909L,95.6,2024-2025
0132411A,101.4,2024-2025
0133114P,120.9,2024-2025
0133445Z,99.3,2024-2025
0672254L,103.6,2024-2025
0680021D,85.3,2024-2025
0140069Z,116.7,2024-2025
0141214U,101.3,2024-2025
0681322T,89.6,2024-2025
0150020R,102.4,2024-2025
0150647X,114.3,2024-2025
0160106D,102.9,2024-2025
0160863B,103.6,2024-2025
0160944P,96.4,2024-2025
0721225R,116.4,2024-2025
0180721L,111.8,2024-2025
0730036T,107.5,2024-2025
0220047G,112.7,2024-2025
0731041K,113.1,2024-2025
0230012N,100.7,2024-2025
0240030C,93.6,2024-2025
0240073Z,99.7,2024-2025
0740124H,131.8,2024-2025
0741341F,100.1,2024-2025
0251324D,92.4,2024-2025
0260009U,113.7,2024-2025
0260033V,104.7,2024-2025
0750387N,139.2,2024-2025
0801213J,118.5,2024-2025
0271448C,118.6,2024-2025
0271885C,105.6,2024-2025
0280671C,120.9,2024-2025
0830023Z,109.2,2024-2025
0290100B,91.3,2024-2025
0291089B,85.3,2024-2025
0291866W,118.6,2024-2025
0300013B,91.2,2024-2025
0300089J,110.7,2024-2025
0301723K,115.8,2024-2025
0301747L,103.8,2024-2025
0851274Y,122.4,2024-2025
0310025J,107.5,2024-2025
0860046H,97.7,2024-2025
0311171E,140.8,2024-2025
0311176K,149.2,2024-2025
0311265G,76.3,2024-2025
0880114W,99.9,2024-2025
0311688S,119.7,2024-2025
0891055N,120.4,2024-2025
0312071H,121.1,2024-2025
0900335A,132.1,2024-2025
0313080E,86.9,2024-2025
0320011N,89.4,2024-2025
0330103H,89.7,2024-2025
0330108N,105,2024-2025
0331464M,90.1,2024-2025
0331667H,97.8,2024-2025
0331757F,99.9,2024-2025
0331888Y,93.1,2024-2025
0332187Y,120.9,2024-2025
0332195G,107.5,2024-2025
0332705L,110,2024-2025
0340031Z,81.1,2024-2025
0340998A,106.4,2024-2025
0341537L,120.7,2024-2025
0342012C,124.8,2024-2025
0342078Z,111.7,2024-2025
0342488V,94.7,2024-2025
0350762N,100.1,2024-2025
0350863Y,101.6,2024-2025
0350881T,117.3,2024-2025
0350969N,96.1,2024-2025
0352247C,106.6,2024-2025
0353036K,126.8,2024-2025
0360568X,113.7,2024-2025
0360658V,92.7,2024-2025
0370022Y,112.1,2024-2025
0370730T,132.3,2024-2025
0370799T,113.2,2024-2025
0371248F,105.8,2024-2025
0381658W,135.7,2024-2025
0382042N,114,2024-2025
0382506T,104.6,2024-2025
0382865H,124.3,2024-2025
0400071K,129,2024-2025
0401070W,107.2,2024-2025
0410768M,101.8,2024-2025
0420916T,76.4,2024-2025
0421016B,88.4,2024-2025
0421174Y,109,2024-2025
0421452A,86.3,2024-2025
0421852K,85.3,2024-2025
0430025U,101,2024-2025
0440061C,104.9,2024-2025
0440287Y,111.2,2024-2025
0440348P,91.8,2024-2025
0441612N,98.6,2024-2025
0441933M,144.7,2024-2025
0441935P,125.4,2024-2025
0442835T,104.5,2024-2025
0450017Z,101.8,2024-2025
0450118J,136,2024-2025
0451148D,85.2,2024-2025
0920884L,133.2,2024-2025
0470048X,93.8,2024-2025
0921547G,100.1,2024-2025
0921911C,155.6,2024-2025
0471038Y,110.1,2024-2025
0922523T,137.7,2024-2025
0491927D,130.4,2024-2025
0930912L,120.3,2024-2025
0931712F,114.9,2024-2025
0500140F,118.8,2024-2025
0932043R,116.8,2024-2025
0932334G,83.2,2024-2025
0941090Z,125.4,2024-2025
0941348E,108,2024-2025
0510060N,117.8,2024-2025
0950895G,84.3,2024-2025
0511187N,103.7,2024-2025
0530054W,105.1,2024-2025
0541211Y,105,2024-2025
9710040S,98.6,2024-2025
0541565H,86.4,2024-2025
9730173A,69.4,2024-2025
0550046B,123.7,2024-2025
9740018B,78.4,2024-2025
9740841W,70.8,2024-2025
9741649Z,127.6,2024-2025
0572363J,103.2,2024-2025
0580746W,103.3,2024-2025
0592905M,76.9,2024-2025
0593218C,119.8,2024-2025
0610696A,101.1,2024-2025
0611095J,108.8,2024-2025
0620154F,88.4,2024-2025
0622793Z,83.3,2024-2025
0630074N,112.4,2024-2025
0631523N,97.9,2024-2025
0640023C,100,2024-2025
0640609P,83.5,2024-2025
0642179W,120,2024-2025
0671915T,107.2,2024-2025
0680131Y,133.2,2024-2025
0681127F,71.6,2024-2025
0681395X,68,2024-2025
0690599B,115,2024-2025
0692423J,113.5,2024-2025
0710044M,107.5,2024-2025
0721657K,108.2,2024-2025
0740020V,110.3,2024-2025
0751793S,85.4,2024-2025
0754528P,116.6,2024-2025
0755840R,130,2024-2025
0762126Y,93.4,2024-2025
0770010T,98.7,2024-2025
0770053P,100.9,2024-2025
0771511Z,109.9,2024-2025
0771519H,113.4,2024-2025
0772248A,111.9,2024-2025
0780419G,108.2,2024-2025
0782087V,145.9,2024-2025
0790965V,114.4,2024-2025
0801341Y,84.3,2024-2025
0811061N,124.8,2024-2025
0830179U,101.5,2024-2025
0840714V,102.4,2024-2025
0850092N,116.8,2024-2025
0011275F,102.1,2023-2024
0020011B,99.9,2023-2024
0020030X,77.3,2023-2024
0020054Y,64.6,2023-2024
0021534G,99.7,2023-2024
0021663X,87.8,2023-2024
0021823W,84.7,2023-2024
0030030S,75.3,2023-2024
0050409T,110.3,2023-2024
0060045S,75.4,2023-2024
0060745C,127.3,2023-2024
0070011Z,113.2,2023-2024
0080016Z,93.5,2023-2024
0111015U,103.8,2023-2024
0133621R,104.2,2023-2024
0140042V,116.9,2023-2024
0141766U,109.2,2023-2024
0150729L,102.8,2023-2024
0170076R,92.6,2023-2024
0170118L,110,2023-2024
0170970M,120.6,2023-2024
0190014M,99.4,2023-2024
0210033X,116.5,2023-2024
0210057Y,106.4,2023-2024
0220032R,98.9,2023-2024
0220047G,112.8,2023-2024
0221039K,117.9,2023-2024
0221748F,107.7,2023-2024
0240037K,94,2023-2024
0250009Z,102.6,2023-2024
0260004N,121.5,2023-2024
0271098X,94.6,2023-2024
0271285A,103.4,2023-2024
0281060A,96.8,2023-2024
0290252S,94.4,2023-2024
0300025P,61.4,2023-2024
0300088H,114.6,2023-2024
0301096D,98.2,2023-2024
0311176K,148.7,2023-2024
0311232W,104.1,2023-2024
0311265G,77.6,2023-2024
0311632F,105,2023-2024
0311687R,111.4,2023-2024
0311968W,111.6,2023-2024
0320011N,88.4,2023-2024
0330125G,96,2023-2024
0330167C,110.8,2023-2024
0331523B,140.7,2023-2024
0331663D,120.6,2023-2024
0332187Y,120.1,2023-2024
0340021N,96.7,2023-2024
0340885C,123.2,2023-2024
0340893L,125.4,2023-2024
0340899T,141.2,2023-2024
0350781J,131.7,2023-2024
0350889B,121.3,2023-2024
0351796M,104,2023-2024
0360544W,93,2023-2024
0380055D,110.1,2023-2024
0381779C,110.8,2023-2024
0382426F,103.4,2023-2024
0383437E,104.8,2023-2024
0390071R,107.4,2023-2024
0400014Y,91.6,2023-2024
0420012K,109,2023-2024
0420060M,104.6,2023-2024
0421176A,65.1,2023-2024
0440188R,120.8,2023-2024
0441545R,106.9,2023-2024
0451333E,124.7,2023-2024
0480003T,107.2,2023-2024
0480024R,116.4,2023-2024
0501799J,109.7,2023-2024
0510048A,119.5,2023-2024
0511191T,89.2,2023-2024
0530055X,97.7,2023-2024
0530792Y,103.8,2023-2024
0570093S,95.3,2023-2024
0596529B,88.8,2023-2024
0596873A,131.6,2023-2024
0600028E,105.8,2023-2024
0601146V,122.7,2023-2024
0601469W,81.8,2023-2024
0610970Y,94.1,2023-2024
0622100W,117.2,2023-2024
0622799F,81.9,2023-2024
0622863A,98.2,2023-2024
0630046H,95,2023-2024
0640143H,132.2,2023-2024
0670105A,70.2,2023-2024
0672076T,103.6,2023-2024
0680064A,99.3,2023-2024
0681190Z,110.7,2023-2024
0690584K,133.7,2023-2024
0692338S,141.1,2023-2024
0692521R,106.9,2023-2024
0710063H,96.8,2023-2024
0711490J,99.9,2023-2024
0720081X,78,2023-2024
0720906U,98.2,2023-2024
0730009N,114.8,2023-2024
0740157U,97.1,2023-2024
0741341F,102.3,2023-2024
0753345D,96.6,2023-2024
0753936W,100,2023-2024
0761699J,97.8,2023-2024
0761952J,112.9,2023-2024
0771217E,139.2,2023-2024
0771911J,119.8,2023-2024
0780709X,132.7,2023-2024
0790030D,101.4,2023-2024
0811063R,120.1,2023-2024
0830922B,104.7,2023-2024
0850097U,94.8,2023-2024
0850149A,93.3,2023-2024
0870032M,109.5,2023-2024
0870042Y,101.4,2023-2024
0900237U,107.5,2023-2024
0911024U,83.5,2023-2024
9730237V,80,2023-2024
9740599H,71.9,2023-2024
9740734E,71.4,2023-2024
0010041P,115.3,2024-2025
0011333U,99.4,2024-2025
0030758H,100.8,2024-2025
0061119J,137.1,2024-2025
0070017F,109.3,2024-2025
0340972X,84.7,2024-2025
0350734H,83.3,2024-2025
0351796M,98.8,2024-2025
0360719L,93.9,2024-2025
0570055A,99.7,2024-2025
0572184P,91.1,2024-2025
0572487U,78.3,2024-2025
0590088A,75.9,2024-2025
0590107W,97.8,2024-2025
0592960X,135.5,2024-2025
0593483R,89.4,2024-2025
0594298B,100.6,2024-2025
0594640Y,83.6,2024-2025
0622100W,117.2,2024-2025
0622135J,104.8,2024-2025
0622420U,77.1,2024-2025
0631773K,96.5,2024-2025
0671962U,117.9,2024-2025
0672128Z,89.1,2024-2025
0673212C,152.6,2024-2025
0681265F,105.9,2024-2025
0010042R,101.2,2023-2024
0020009Z,95.7,2023-2024
0020066L,104.6,2023-2024
0021685W,102.3,2023-2024
0021724N,103.2,2023-2024
0030014Z,91.7,2023-2024
0030890B,92.3,2023-2024
0040524Y,114.7,2023-2024
0060085K,87.6,2023-2024
0061068D,93.9,2023-2024
0061279H,81.3,2023-2024
0070006U,88.3,2023-2024
0071169H,102.6,2023-2024
0080068F,84.9,2023-2024
0110052X,107.2,2023-2024
0110870L,103,2023-2024
0121500R,115.4,2023-2024
0130084W,102.5,2023-2024
0131259Y,120.4,2023-2024
0131750G,92.2,2023-2024
0132207D,68.3,2023-2024
0132412B,92.8,2023-2024
0132914X,144.4,2023-2024
0140008H,96.2,2023-2024
0140050D,98.2,2023-2024
0140086T,94.1,2023-2024
0160113L,65.1,2023-2024
0170144P,116.5,2023-2024
0170384A,124.8,2023-2024
0171022U,109.3,2023-2024
0171129K,108.8,2023-2024
0190632J,102.4,2023-2024
0211079J,98.2,2023-2024
0211136W,104.4,2023-2024
0211140A,116.6,2023-2024
0220009R,81.6,2023-2024
0230004E,104.3,2023-2024
0240117X,96.6,2023-2024
0240650B,104.1,2023-2024
0240927C,103.4,2023-2024
0250056A,78.9,2023-2024
0251055L,106.3,2023-2024
0251057N,117,2023-2024
0251064W,96.6,2023-2024
0251129S,108.9,2023-2024
0251373G,93.8,2023-2024
0260005P,112.6,2023-2024
0260096N,111,2023-2024
0270022C,89.7,2023-2024
0270041Y,95.7,2023-2024
0281043G,114,2023-2024
0290031B,110.6,2023-2024
0290674A,101.7,2023-2024
0291592Y,115.2,2023-2024
0291872C,108.2,2023-2024
0291874E,120.9,2023-2024
0300013B,90.4,2023-2024
0301671D,119.4,2023-2024
0310019C,94.6,2023-2024
0310031R,99.6,2023-2024
0310037X,93,2023-2024
0311328A,112.2,2023-2024
0320017V,104.4,2023-2024
0331531K,104,2023-2024
0331620G,126,2023-2024
0331753B,82.3,2023-2024
0332190B,117.4,2023-2024
0332248P,94.1,2023-2024
0332437V,119.1,2023-2024
0332704K,106.8,2023-2024
0333132A,102.5,2023-2024
0340876T,138.1,2023-2024
0340880X,120.1,2023-2024
0340973Y,105.7,2023-2024
0341764H,130.9,2023-2024
0350762N,99.4,2023-2024
0360498W,93.2,2023-2024
0371248F,107.1,2023-2024
0380067S,115.9,2023-2024
0382103E,116.1,2023-2024
0382583B,127.5,2023-2024
0383370G,90.3,2023-2024
0383475W,121.1,2023-2024
0390009Y,109.4,2023-2024
0390031X,103.3,2023-2024
0400011V,102.6,2023-2024
0400779E,105.7,2023-2024
0410019Y,96,2023-2024
0410651K,93.5,2023-2024
0410681T,116.1,2023-2024
0430032B,107.9,2023-2024
0440018F,92.2,2023-2024
0440190T,131.5,2023-2024
0441727N,87.3,2023-2024
0450055R,82,2023-2024
0451332D,103.4,2023-2024
0451334F,130,2023-2024
0451719Z,113,2023-2024
0460022Z,93.7,2023-2024
0460594W,99.3,2023-2024
0460734Y,106.1,2023-2024
0480016G,86.7,2023-2024
0490871F,101.2,2023-2024
0491262F,93,2023-2024
0491674D,107.7,2023-2024
0491675E,74.1,2023-2024
0491922Y,139.3,2023-2024
0491928E,112.1,2023-2024
0500042Z,96.5,2023-2024
0500078N,96,2023-2024
0511108C,75.5,2023-2024
0511251H,69.9,2023-2024
0511961E,100,2023-2024
0520968V,109.2,2023-2024
0530025P,84.8,2023-2024
0530061D,107.3,2023-2024
0530063F,107.5,2023-2024
0530064G,105.1,2023-2024
0541332E,87,2023-2024
0541469D,70.4,2023-2024
0550023B,96.7,2023-2024
0550759B,103.1,2023-2024
0550890U,100,2023-2024
0560006C,117.9,2023-2024
0560018R,109,2023-2024
0560115W,114.6,2023-2024
0560152L,100.5,2023-2024
0560168D,109.1,2023-2024
0560172H,104.6,2023-2024
0580038B,108.6,2023-2024
0581009G,88.1,2023-2024
0590103S,91.8,2023-2024
0592900G,133,2023-2024
0593177H,85.3,2023-2024
0593487V,89,2023-2024
0593678C,88.2,2023-2024
0594523W,103.3,2023-2024
0594872A,105.2,2023-2024
0596694F,86.9,2023-2024
0600007G,72.4,2023-2024
0601157G,113.6,2023-2024
0601180G,92,2023-2024
0601192V,117.7,2023-2024
0601718S,92.5,2023-2024
0601970R,99.4,2023-2024
0610740Y,98.5,2023-2024
0611091E,113.7,2023-2024
0620079Z,79.2,2023-2024
0620097U,92.6,2023-2024
0620099W,86,2023-2024
0620130E,93.4,2023-2024
0620158K,82.5,2023-2024
0622086F,89.5,2023-2024
0622132F,104.7,2023-2024
0622575M,97.2,2023-2024
0622791X,78.9,2023-2024
0622795B,94.4,2023-2024
0623574Y,114.8,2023-2024
0631080G,105.8,2023-2024
0631085M,130.7,2023-2024
0631412T,98,2023-2024
0631731P,135.9,2023-2024
0640023C,101,2023-2024
0640039V,98.8,2023-2024
0640608N,84.1,2023-2024
0641414P,124.4,2023-2024
0650015N,93.6,2023-2024
0650088T,103.6,2023-2024
0660601V,101.9,2023-2024
0670068K,101.7,2023-2024
0671508A,78.9,2023-2024
0671961T,115.2,2023-2024
0671984T,101.3,2023-2024
0680110A,68,2023-2024
0681660K,131.1,2023-2024
0690249W,80.8,2023-2024
0691799F,79.7,2023-2024
0692160Y,90,2023-2024
0692920Z,152,2023-2024
0692936S,135.3,2023-2024
0692944A,134.2,2023-2024
0694227V,128.7,2023-2024
0700016M,91.6,2023-2024
0710007X,116.4,2023-2024
0720847E,108.8,2023-2024
0721044U,100.9,2023-2024
0721224P,89.3,2023-2024
0730008M,99.4,2023-2024
0730028J,115.8,2023-2024
0730769P,98.7,2023-2024
0730902J,109.1,2023-2024
0731044N,112.1,2023-2024
0740119C,120.8,2023-2024
0741596H,124.8,2023-2024
0750407K,157.3,2023-2024
0750525N,120.2,2023-2024
0752538B,133.4,2023-2024
0752821J,156.2,2023-2024
0752829T,125.4,2023-2024
0752954D,149,2023-2024
0753896C,148.2,2023-2024
0753992G,135,2023-2024
0755192L,130.7,2023-2024
0755433Y,83.8,2023-2024
0755840R,131.3,2023-2024
0760069M,92,2023-2024
0760100W,74.3,2023-2024
0761720G,151.5,2023-2024
0761739C,70.5,2023-2024
0762093M,87.2,2023-2024
0762679Z,87.7,2023-2024
0770010T,101.2,2023-2024
0771172F,75.9,2023-2024
0771471F,96.3,2023-2024
0771926A,134.7,2023-2024
0772293Z,110.2,2023-2024
0780707V,103,2023-2024
0781298M,113.3,2023-2024
0781886B,129.8,2023-2024
0781985J,118.9,2023-2024
0790074B,102.2,2023-2024
0791042D,100.6,2023-2024
0801369D,88.4,2023-2024
0801371F,91.4,2023-2024
0801443J,79.3,2023-2024
0801490K,93.7,2023-2024
0810993P,105.2,2023-2024
0830039S,99.7,2023-2024
0830178T,109.5,2023-2024
0830834F,83.1,2023-2024
0831424X,118.6,2023-2024
0831537V,100,2023-2024
0840697B,92.5,2023-2024
0850122W,108,2023-2024
0860020E,96.8,2023-2024
0860049L,107.4,2023-2024
0860764N,121.7,2023-2024
0870007K,97.8,2023-2024
0870729V,73.1,2023-2024
0870791M,85.4,2023-2024
0890015H,101.4,2023-2024
0890789Z,98.5,2023-2024
0891093E,101.3,2023-2024
0910980W,124.2,2023-2024
0911032C,104.5,2023-2024
0911257X,113.2,2023-2024
0911402E,82.8,2023-2024
0911948Y,109.6,2023-2024
0920882J,93.6,2023-2024
0921020J,147.9,2023-2024
0921393P,129.7,2023-2024
0921550K,118.5,2023-2024
0921911C,145.6,2023-2024
0921918K,145.3,2023-2024
0922662U,113.7,2023-2024
0922731U,147.5,2023-2024
0930100D,103.6,2023-2024
0931184G,77.9,2023-2024
0931200Z,83.6,2023-2024
0931216S,72.5,2023-2024
0931231H,93.2,2023-2024
0931710D,86,2023-2024
0932273R,79.2,2023-2024
0941601E,88.1,2023-2024
0942188T,136.4,2023-2024
0950026M,82.3,2023-2024
0950793W,133.2,2023-2024
0951354F,100,2023-2024
0951921X,85.1,2023-2024
0952079U,112.8,2023-2024
7200020J,94.3,2023-2024
9710016R,99.8,2023-2024
9710026B,85.3,2023-2024
9710030F,99.3,2023-2024
9710033J,89.1,2023-2024
9710988X,118.5,2023-2024
9720020P,102.5,2023-2024
9720855X,119.1,2023-2024
9730110G,84.5,2023-2024
9730248G,70.5,2023-2024
9760042S,85.2,2023-2024
9760244L,63.1,2023-2024
9760308F,64.2,2023-2024
0010088R,142.6,2024-2025
0011067E,97.4,2024-2025
0021492L,65.5,2024-2025
0021686X,89.2,2024-2025
0030979Y,121.7,2024-2025
0040013T,90.2,2024-2025
0040587S,149.2,2024-2025
0060838D,75.3,2024-2025
0061003H,86.7,2024-2025
0061068D,97.8,2024-2025
0061278G,87.7,2024-2025
0070092M,121.8,2024-2025
0071156U,84,2024-2025
0080079T,87.6,2024-2025
0080088C,119.8,2024-2025
0090023B,103.9,2024-2025
0100056G,118.1,2024-2025
0100962S,133.2,2024-2025
0110667R,95.7,2024-2025
0111015U,103.3,2024-2025
0111034P,103.9,2024-2025
0120077U,104.6,2024-2025
0130166K,112.5,2024-2025
0131705H,88.7,2024-2025
0132907P,123.4,2024-2025
0132923G,138.8,2024-2025
0132956T,90.4,2024-2025
0132958V,130.6,2024-2025
0133790Z,116.4,2024-2025
0140050D,97.9,2024-2025
0141219Z,98.5,2024-2025
0141553M,88,2024-2025
0141597K,95.8,2024-2025
0160001P,91.5,2024-2025
0160884Z,84.2,2024-2025
0161075G,95,2024-2025
0161106R,106.5,2024-2025
0170099R,134.9,2024-2025
0170390G,94.7,2024-2025
0180570X,107.2,2024-2025
0180673J,85.2,2024-2025
0180732Y,95.7,2024-2025
0190614P,111.1,2024-2025
0211162Z,100,2024-2025
0211227V,103.1,2024-2025
0220029M,98.5,2024-2025
0220144M,104.6,2024-2025
0221038J,106.2,2024-2025
0221540E,89.9,2024-2025
0240077D,117.4,2024-2025
0240650B,104.3,2024-2025
0250009Z,103.6,2024-2025
0250035C,87.9,2024-2025
0251394E,109,2024-2025
0251587P,125,2024-2025
0260002L,106,2024-2025
0260045H,106.7,2024-2025
0271094T,101.2,2024-2025
0271398Y,90.8,2024-2025
0271449D,124.1,2024-2025
0280040S,96.1,2024-2025
0280656L,79.7,2024-2025
0280867R,93.7,2024-2025
0281043G,114.3,2024-2025
0290045S,112,2024-2025
0290151G,123.1,2024-2025
0291595B,102.4,2024-2025
0292452H,112.3,2024-2025
0300098U,112,2024-2025
0300947S,76.3,2024-2025
0301283G,108.4,2024-2025
0310086A,71.9,2024-2025
0311168B,119.2,2024-2025
0311238C,100.6,2024-2025
0311631E,128.9,2024-2025
0311722D,126.6,2024-2025
0311915N,115,2024-2025
0311962P,153.1,2024-2025
0320035P,105.8,2024-2025
0330113U,90.6,2024-2025
0331669K,117.6,2024-2025
0331758G,131.6,2024-2025
0332934K,104,2024-2025
0340034C,95.3,2024-2025
0340054Z,104.8,2024-2025
0340117T,103.6,2024-2025
0340885C,122.4,2024-2025
0342036D,128.1,2024-2025
0350760L,95,2024-2025
0350780H,142.8,2024-2025
0350848G,94.8,2024-2025
0351795L,109,2024-2025
0352589Z,91.2,2024-2025
0360525A,94.5,2024-2025
0360573C,104.9,2024-2025
0370007G,98.3,2024-2025
0371329U,134.2,2024-2025
0381810L,86.4,2024-2025
0382504R,90.4,2024-2025
0382583B,128.4,2024-2025
0382782T,125.7,2024-2025
0383243U,147.3,2024-2025
0383345E,115,2024-2025
0383475W,124,2024-2025
0400092H,106.3,2024-2025
0401048X,116.9,2024-2025
0401091U,118.2,2024-2025
0410593X,108.1,2024-2025
0410596A,92.6,2024-2025
0421063C,121.2,2024-2025
0421068H,103.4,2024-2025
0421735H,111.7,2024-2025
0421741P,102.6,2024-2025
0421798B,95.4,2024-2025
0430017K,106.6,2024-2025
0430074X,115,2024-2025
0430854V,96.7,2024-2025
0440008V,115.5,2024-2025
0441608J,76.5,2024-2025
0441613P,71.3,2024-2025
0460621A,119.1,2024-2025
0470105J,104.8,2024-2025
0490956Y,96.6,2024-2025
0491261E,105.3,2024-2025
0492004M,127.3,2024-2025
0500001E,110.7,2024-2025
0500035S,92.6,2024-2025
0500095G,90.9,2024-2025
0500139E,103.4,2024-2025
0501301T,93,2024-2025
0501703E,120.2,2024-2025
0511327R,88.3,2024-2025
0520018M,91.2,2024-2025
0520025V,91.1,2024-2025
0520049W,74.4,2024-2025
0530066J,99.7,2024-2025
0530770Z,103.3,2024-2025
0541333F,99.2,2024-2025
0541990V,110.2,2024-2025
0541999E,111.9,2024-2025
0542449U,107.5,2024-2025
0542468P,102.8,2024-2025
0560020T,91,2024-2025
0560061M,103.9,2024-2025
0560063P,95.7,2024-2025
0560166B,103.9,2024-2025
0561544Z,134.7,2024-2025
0570038G,107.8,2024-2025
0572358D,98.1,2024-2025
0572930A,121.3,2024-2025
0580019F,96.4,2024-2025
0580028R,92.8,2024-2025
0580038B,104.5,2024-2025
0580682B,88.9,2024-2025
0590200X,82.6,2024-2025
0593140T,104.3,2024-2025
0593680E,67.8,2024-2025
0594523W,102.7,2024-2025
0594648G,95.6,2024-2025
0595385H,144.5,2024-2025
0595596M,88.5,2024-2025
0601180G,91.7,2024-2025
0601449Z,86.7,2024-2025
0610033E,94.3,2024-2025
0610699D,99.6,2024-2025
0610800N,96.8,2024-2025
0611092F,112.4,2024-2025
0620123X,91.1,2024-2025
0620158K,84.9,2024-2025
0620180J,83.5,2024-2025
0622085E,93.6,2024-2025
0622108E,119,2024-2025
0622125Y,135,2024-2025
0622129C,123.9,2024-2025
0622264Z,89.7,2024-2025
0622797D,98.5,2024-2025
0623014P,99,2024-2025
0630009T,106.9,2024-2025
0631688T,109,2024-2025
0640008L,107.2,2024-2025
0671741D,100.5,2024-2025
0672074R,110.4,2024-2025
0680020C,98.7,2024-2025
0680071H,99.1,2024-2025
0681932F,107.1,2024-2025
0690076H,85.2,2024-2025
0690080M,114.2,2024-2025
0692521R,104.5,2024-2025
0692703N,84.1,2024-2025
0692933N,139,2024-2025
0700786Z,85.7,2024-2025
0720001K,90.3,2024-2025
0721281B,105.7,2024-2025
0740035L,113.4,2024-2025
0752695X,95.7,2024-2025
0752870M,159.4,2024-2025
0752882A,157.3,2024-2025
0752900V,157.5,2024-2025
0752919R,137.5,2024-2025
0753369E,126.9,2024-2025
0753908R,148.8,2024-2025
0755778Y,99.2,2024-2025
0760004S,97.7,2024-2025
0761724L,131.4,2024-2025
0761954L,85.4,2024-2025
0762091K,116.4,2024-2025
0762127Z,78.3,2024-2025
0762178E,124.3,2024-2025
0762199C,95.5,2024-2025
0762226G,90.5,2024-2025
0762764S,105.7,2024-2025
0770009S,119.1,2024-2025
0771475K,101.1,2024-2025
0771618R,93,2024-2025
0771925Z,144.6,2024-2025
0771992X,109.2,2024-2025
0781954A,124.4,2024-2025
0783300N,119.1,2024-2025
0783378Y,107.4,2024-2025
0801512J,89.5,2024-2025
0810038B,102.9,2024-2025
0831116M,107.1,2024-2025
0840011F,100.1,2024-2025
0840014J,113.8,2024-2025
0840029A,100.6,2024-2025
0841118J,109.4,2024-2025
0860027M,99.5,2024-2025
0870014T,100.9,2024-2025
0870816P,117.4,2024-2025
0880014M,96.1,2024-2025
0890014G,100.1,2024-2025
0900006T,85.3,2024-2025
0910042B,95.2,2024-2025
0910817U,139,2024-2025
0910830H,140.4,2024-2025
0911601W,139.1,2024-2025
0911899V,90.8,2024-2025
0911948Y,109.9,2024-2025
0920883K,118.3,2024-2025
0921157H,95.5,2024-2025
0921901S,155.7,2024-2025
0922630J,122.9,2024-2025
0931206F,70.8,2024-2025
0931377S,71.7,2024-2025
0931381W,98.8,2024-2025
0931434D,77.9,2024-2025
0931439J,111.6,2024-2025
0932310F,79.4,2024-2025
0940551N,94.4,2024-2025
0941029H,89.2,2024-2025
0941599C,134.6,2024-2025
0941600D,130.8,2024-2025
0950894F,120.8,2024-2025
0950930V,121.9,2024-2025
0950945L,106.4,2024-2025
0951508Y,139.8,2024-2025
0951636M,104.6,2024-2025
0951817J,122.7,2024-2025
6200080T,112.3,2024-2025
7200086F,89,2024-2025
9710064T,115.9,2024-2025
9720472F,80.4,2024-2025
9730247F,68.6,2024-2025
9730348R,67,2024-2025
9740572D,78.2,2024-2025
9741346V,91.3,2024-2025
9760245M,61.4,2024-2025
9760369X,64.6,2024-2025
0190671B,99.2,2023-2024
0210024M,100.9,2023-2024
0672131C,115,2023-2024
0220046F,98.4,2023-2024
0680014W,102,2023-2024
0221877W,124.1,2023-2024
0681370V,94.8,2023-2024
0241136E,114.7,2023-2024
0690117C,113,2023-2024
0251857H,117.6,2023-2024
0690672F,106.1,2023-2024
0270032N,99.8,2023-2024
0692164C,92.1,2023-2024
0271450E,117.3,2023-2024
0693286X,131.6,2023-2024
0271676A,137,2023-2024
0694497N,85.2,2023-2024
0700029B,109.8,2023-2024
0700065R,100.4,2023-2024
0290083H,105.8,2023-2024
0720023J,92.2,2023-2024
0291103S,108.8,2023-2024
0720062B,99,2023-2024
0291824A,100.4,2023-2024
0721086P,101.8,2023-2024
0300001N,99,2023-2024
0300949U,108.5,2023-2024
0301213F,107.7,2023-2024
0801375K,96.6,2023-2024
0440243A,103,2023-2024
0440308W,100.7,2023-2024
0440423W,104.5,2023-2024
0441610L,98.9,2023-2024
0820066B,93,2023-2024
0441935P,126.5,2023-2024
0830168G,100.5,2023-2024
0831116M,106.2,2023-2024
0831188R,129.6,2023-2024
0831306U,118.7,2023-2024
0831645M,107.5,2023-2024
0840068T,110.7,2023-2024
0451735S,120.6,2023-2024
0850065J,104.2,2023-2024
0470026Y,102.3,2023-2024
0850113L,103.7,2023-2024
0480001R,109.5,2023-2024
0480017H,100.7,2023-2024
0480034B,103.3,2023-2024
0860027M,97.3,2023-2024
0860753B,116.6,2023-2024
0860763M,98.5,2023-2024
0880017R,105.9,2023-2024
0880065T,91.8,2023-2024
0880108P,99,2023-2024
0881146T,107.1,2023-2024
0881371M,100.2,2023-2024
0881386D,99.3,2023-2024
0910717K,104.1,2023-2024
0910776Z,88.6,2023-2024
0911022S,103.8,2023-2024
0911025V,81.2,2023-2024
0911341N,114.3,2023-2024
0911745C,128.7,2023-2024
0920077J,105.2,2023-2024
0920852B,99.9,2023-2024
0922247T,133.5,2023-2024
0922630J,125.4,2023-2024
0930865K,77,2023-2024
0930906E,115,2023-2024
0930969Y,129.1,2023-2024
0931149U,95.7,2023-2024
0931187K,81,2023-2024
0931223Z,78.4,2023-2024
0932261C,85.5,2023-2024
0940003T,83.8,2023-2024
0941022A,104.2,2023-2024
0941037S,97.1,2023-2024
0941102M,96.4,2023-2024
0941478W,86.5,2023-2024
0941713B,155.7,2023-2024
0951197K,106.9,2023-2024
0951799P,128.1,2023-2024
9710041T,81.6,2023-2024
9710644Y,92.4,2023-2024
0520051Y,87.4,2023-2024
0530003R,97.5,2023-2024
0530051T,113.6,2023-2024
0540013W,109,2023-2024
0541328A,99.1,2023-2024
0541565H,88.1,2023-2024
0560129L,111.8,2023-2024
0572496D,104.6,2023-2024
0580066G,111,2023-2024
0580651T,91.8,2023-2024
0590115E,102.2,2023-2024
0590179Z,106.6,2023-2024
0590200X,83,2023-2024
0592905M,84.5,2023-2024
0592917A,150.1,2023-2024
0593123Z,106.8,2023-2024
0593476H,111.4,2023-2024
0593681F,87.8,2023-2024
9711086D,116.8,2023-2024
0594876E,92.5,2023-2024
0595383F,102.1,2023-2024
0600018U,81.9,2023-2024
9740620F,77.2,2023-2024
0601834T,108.9,2023-2024
0622082B,102.1,2023-2024
0010084L,111,2024-2025
0010938P,99,2024-2025
0630065D,100,2023-2024
0020469Z,112.8,2024-2025
0030014Z,91.9,2024-2025
0640119G,107.2,2023-2024
0640161C,114.4,2023-2024
0640228A,104.4,2023-2024
0641405E,114.7,2023-2024
0061006L,124.3,2024-2025
0061737F,115.4,2024-2025
0650738Z,104.8,2023-2024
0070018G,102.7,2024-2025
0670035Z,99.7,2023-2024
0670065G,86.7,2023-2024
0672072N,82.7,2023-2024
0673006D,101,2023-2024
0121297V,100.5,2024-2025
0131367R,112,2024-2025
0131603X,112.1,2024-2025
0131746C,100.1,2024-2025
0132214L,72.6,2024-2025
0132911U,145.7,2024-2025
0132921E,128.6,2024-2025
0133544G,116.3,2024-2025
0140086T,92.6,2024-2025
0141765T,105.1,2024-2025
0150014J,98.5,2024-2025
0160040G,104.1,2024-2025
0160969S,103.6,2024-2025
0170072L,100.8,2024-2025
0180646E,93.6,2024-2025
0180745M,94.7,2024-2025
0190671B,99.9,2024-2025
0210025N,91.1,2024-2025
0210037B,105.4,2024-2025
0210057Y,105.4,2024-2025
0211137X,109.3,2024-2025
0212119P,123.2,2024-2025
0220015X,108.7,2024-2025
0220154Y,105.3,2024-2025
0221621T,101.6,2024-2025
0221751J,121,2024-2025
0240011G,96.8,2024-2025
0240043S,98.8,2024-2025
0250016G,100.3,2024-2025
0680144M,119.7,2023-2024
0682017Y,116.3,2023-2024
0691497C,83.1,2023-2024
0692335N,101.4,2023-2024
0692937T,143.3,2023-2024
0692945B,129.5,2023-2024
0693287Y,108.3,2023-2024
0700010F,90.8,2023-2024
0700060K,97.1,2023-2024
0710067M,104.7,2023-2024
0710121W,95.4,2023-2024
0711252A,97.1,2023-2024
0720988H,90.9,2023-2024
0721089T,92.9,2023-2024
0730764J,131.4,2023-2024
0730796U,107.5,2023-2024
0740036M,126.7,2023-2024
0750608D,122.4,2023-2024
0752319N,109.3,2023-2024
0752539C,124.7,2023-2024
0752899U,157.4,2023-2024
0753978S,147.3,2023-2024
0754003U,131.5,2023-2024
0755052J,127.3,2023-2024
0761691A,100.7,2023-2024
0761696F,90.3,2023-2024
0762173Z,71.5,2023-2024
0770024H,96,2023-2024
0770032S,101.2,2023-2024
0251589S,123.9,2024-2025
0251949H,98.7,2024-2025
0771513B,104.7,2023-2024
0271399Z,95.5,2024-2025
0771925Z,144.2,2023-2024
0290064M,111.4,2024-2025
0772226B,124.9,2023-2024
0290247L,98,2024-2025
0772868Z,103.8,2023-2024
0291824A,101.2,2024-2025
0780254C,123.7,2023-2024
0300059B,71.6,2024-2025
0780571X,102.4,2023-2024
0301357M,129.6,2024-2025
0780758A,108.3,2023-2024
0310035V,109.7,2024-2025
0781695U,105.1,2023-2024
0311570N,138.5,2024-2025
0783301P,146.4,2023-2024
0313167Z,88.5,2024-2025
0800020M,106.8,2023-2024
0331462K,121,2024-2025
0801213J,114.9,2023-2024
0331531K,102.2,2024-2025
0810124V,104.5,2023-2024
0332191C,100.6,2024-2025
0333108Z,112.7,2024-2025
0333274E,104.3,2024-2025
0333581N,110.9,2024-2025
0340021N,94.3,2024-2025
0340024S,96.9,2024-2025
0340109J,75.1,2024-2025
0340899T,138.3,2024-2025
0341364Y,79.5,2024-2025
0350017D,100.2,2024-2025
0350836U,126.2,2024-2025
0350839X,129.5,2024-2025
0370738B,102.9,2024-2025
0370769K,88.2,2024-2025
0371124W,105.9,2024-2025
0371189S,120.2,2024-2025
0381694K,140.5,2024-2025
0381704W,126.3,2024-2025
0383370G,91.5,2024-2025
0390081B,97,2024-2025
0390784R,99.5,2024-2025
0390916J,102.7,2024-2025
0390997X,103.4,2024-2025
0400874H,110.8,2024-2025
0410677N,122.6,2024-2025
0410773T,113.9,2024-2025
0420035K,92.8,2024-2025
0421044G,96.3,2024-2025
0421680Y,93.8,2024-2025
0440224E,108.5,2024-2025
0440243A,104.3,2024-2025
0440316E,105.8,2024-2025
0830103L,127.6,2023-2024
0442542Z,110.2,2024-2025
0442807M,100.4,2024-2025
0840020R,100.2,2023-2024
0450038X,106,2024-2025
0470102F,79.6,2024-2025
0470777P,86.5,2024-2025
0490863X,108.7,2024-2025
0490866A,112.9,2024-2025
0490867B,108.6,2024-2025
0910977T,107.6,2023-2024
0911029Z,108.3,2023-2024
0911255V,114.6,2023-2024
0911729K,76.7,2023-2024
0920884L,132.9,2023-2024
0921235T,116.9,2023-2024
0921623P,87.9,2023-2024
0922579D,146.2,2023-2024
0930611J,94.6,2023-2024
0500122L,100.5,2024-2025
0931212M,81.1,2023-2024
0940100Y,103.8,2023-2024
0511802G,69.1,2024-2025
0941034N,83.9,2023-2024
0520051Y,87.1,2024-2025
0950025L,89.3,2023-2024
0950796Z,108.9,2023-2024
0951052C,115.1,2023-2024
0951139X,91.8,2023-2024
0951801S,106.1,2023-2024
0951939S,117.1,2023-2024
7200013B,92.1,2023-2024
9710036M,117,2023-2024
9710482X,84.3,2023-2024
9730289B,102.5,2023-2024
0594642A,87,2024-2025
0171034G,111.7,2024-2025
0596172N,92.8,2024-2025
0600050D,115.5,2024-2025
0601190T,74.8,2024-2025
0610040M,98.5,2024-2025
0610918S,108.2,2024-2025
0620136L,90.6,2024-2025
0270022C,89.5,2024-2025
0762125X,111.3,2024-2025
0280924C,86.1,2024-2025
0762289A,94.9,2024-2025
0770003K,101.1,2024-2025
0300032X,110.7,2024-2025
0771174H,93.8,2024-2025
0771236A,131.7,2024-2025
0771567K,94.2,2024-2025
0332491D,139.7,2024-2025
0771918S,143,2024-2025
0340883A,114.6,2024-2025
0341363X,121,2024-2025
0342080B,120.8,2024-2025
0350970P,97.8,2024-2025
0780575B,136.8,2024-2025
0351909K,96.4,2024-2025
0352691K,115,2024-2025
0352860U,111.9,2024-2025
0352972R,102.6,2024-2025
0360511K,103.1,2024-2025
0360543V,97.4,2024-2025
0370766G,72.4,2024-2025
0371126Y,125.7,2024-2025
0781977A,73.9,2024-2025
0381689E,118.9,2024-2025
0381907S,98.7,2024-2025
0382036G,112,2024-2025
0382204P,134.5,2024-2025
0383253E,100.7,2024-2025
0390083D,96.8,2024-2025
0800029X,87.5,2024-2025
0410016V,98.9,2024-2025
0410621C,83,2024-2025
0410715E,111.5,2024-2025
0420062P,101.9,2024-2025
0421014Z,103.6,2024-2025
0421457F,103.2,2024-2025
0820066B,91,2024-2025
0421679X,89.4,2024-2025
0911397Z,84.8,2024-2025
0490854M,106.9,2024-2025
0491028B,84.9,2024-2025
0921621M,84.1,2024-2025
0922256C,143.7,2024-2025
0520737U,86.5,2024-2025
0530005T,94.5,2024-2025
0931211L,94.7,2024-2025
0940582X,104.6,2024-2025
0940625U,103.7,2024-2025
0540112D,100,2024-2025
0941040V,87,2024-2025
0550016U,87.6,2024-2025
0941411Y,101.3,2024-2025
0560149H,124.1,2024-2025
0950045H,73.5,2024-2025
0570012D,93.9,2024-2025
0951799P,128.8,2024-2025
0572355A,89.6,2024-2025
0951916S,124,2024-2025
0593152F,83.7,2024-2025
9710686U,80.7,2024-2025
0593674Y,88.4,2024-2025
9720411P,118.3,2024-2025
9720448E,91.5,2024-2025
9720897T,125.6,2024-2025
9730192W,72.1,2024-2025
9730329V,66.5,2024-2025
9740069G,90.7,2024-2025
9760162X,60.5,2024-2025
9760167C,78.8,2024-2025
9760244L,62.6,2024-2025
0596694F,86.6,2024-2025
0600028E,102.9,2024-2025
0601157G,115.3,2024-2025
0601293E,98.2,2024-2025
0601872J,132.2,2024-2025
0610003X,104.7,2024-2025
0610709P,101.1,2024-2025
0620024P,92.8,2024-2025
0620051U,77,2024-2025
0622139N,108.7,2024-2025
0622299M,104.9,2024-2025
0631733S,109.7,2024-2025
0641393S,104.5,2024-2025
0660022R,97.5,2024-2025
0670035Z,99.7,2024-2025
0680084X,69.5,2024-2025
0690002C,122,2024-2025
0691483M,77.8,2024-2025
0692923C,134.9,2024-2025
0694406P,92.1,2024-2025
0710069P,101.4,2024-2025
0710106E,120.8,2024-2025
0710110J,127.8,2024-2025
0710128D,113.3,2024-2025
0710154G,126.5,2024-2025
0710155H,108.4,2024-2025
0711071D,107.8,2024-2025
0711448N,96.5,2024-2025
0720007S,95.3,2024-2025
0720902P,78.7,2024-2025
0720984D,133.4,2024-2025
0730008M,102.5,2024-2025
0740023Y,106.2,2024-2025
0741096P,106.2,2024-2025
0741279N,136.3,2024-2025
0741283T,132.8,2024-2025
0752186U,133.6,2024-2025
0752548M,128.4,2024-2025
0752894N,156.5,2024-2025
0752898T,157.2,2024-2025
0752906B,149,2024-2025
0752918P,159.2,2024-2025
0753938Y,89.8,2024-2025
0754004V,145.3,2024-2025
0760021K,111.8,2024-2025
0761727P,118.6,2024-2025
0761730T,111.8,2024-2025
0761739C,72,2024-2025
0762288Z,110.3,2024-2025
0771841H,89.9,2024-2025
0772429X,112.4,2024-2025
0772868Z,106.4,2024-2025
0780580G,137.4,2024-2025
0783339F,144.5,2024-2025
0783340G,121.6,2024-2025
0790065S,100.7,2024-2025
0020024R,90.6,2023-2024
0020055Z,88.6,2023-2024
0050019U,110.6,2023-2024
0060911H,100.3,2023-2024
0061342B,97.5,2023-2024
0070042H,99.8,2023-2024
0080089D,102.4,2023-2024
0080994M,126.9,2023-2024
0100008E,104.9,2023-2024
0110672W,78.4,2023-2024
0211391Y,107.9,2023-2024
0211557D,103.7,2023-2024
0221513A,92.2,2023-2024
0221568K,96.8,2023-2024
0221750H,129,2023-2024
0230011M,91.9,2023-2024
0230023A,101.4,2023-2024
0240066S,99.4,2023-2024
0250005V,106.6,2023-2024
0250055Z,98.2,2023-2024
0251069B,94.1,2023-2024
0260030S,99,2023-2024
0260099S,102.5,2023-2024
0271317K,107.8,2023-2024
0290039K,106.3,2023-2024
0300042H,103.1,2023-2024
0301012M,79.2,2023-2024
0301282F,85.6,2023-2024
0301357M,125.7,2023-2024
0312140H,125,2023-2024
0320031K,103.9,2023-2024
0330008E,112.5,2023-2024
0331528G,107.5,2023-2024
0332489B,128.8,2023-2024
0332492E,136.1,2023-2024
0333134C,123.7,2023-2024
0333484H,101,2023-2024
0342012C,124.6,2023-2024
0360001F,96.9,2023-2024
0360023E,97.9,2023-2024
0360525A,94.9,2023-2024
0381694K,141.4,2023-2024
0400034V,99.3,2023-2024
0421684C,74.8,2023-2024
0421803G,87,2023-2024
0440028S,99.5,2023-2024
0440292D,109.3,2023-2024
0441548U,115.8,2023-2024
0442418P,125.9,2023-2024
0460020X,104.2,2023-2024
0470073Z,99.5,2023-2024
0490857R,113.7,2023-2024
0500001E,111.8,2023-2024
0500083U,97.4,2023-2024
0501205N,81.4,2023-2024
0510052E,88.9,2023-2024
0511258R,98.2,2023-2024
0511711H,105.2,2023-2024
0520022S,100.8,2023-2024
0530015D,108.4,2023-2024
0541579Y,104.3,2023-2024
0550840P,93.5,2023-2024
0560022V,103.2,2023-2024
0560127J,117,2023-2024
0560142A,103,2023-2024
0560173J,118.3,2023-2024
0562028A,79.9,2023-2024
0572088K,80.8,2023-2024
0580599L,99,2023-2024
0592930P,120.4,2023-2024
0593179K,87.9,2023-2024
0593217B,99.6,2023-2024
0593251N,97,2023-2024
0593486U,75.1,2023-2024
0593666P,106.1,2023-2024
0593672W,94.9,2023-2024
0594389A,65.7,2023-2024
0594402P,73.5,2023-2024
0594415D,94.1,2023-2024
0596172N,99.9,2023-2024
0601407D,102.6,2023-2024
0601607W,102.4,2023-2024
0610017M,95.5,2023-2024
0690001B,102.6,2023-2024
0690551Z,116.1,2023-2024
0691730F,75,2023-2024
0692865P,118.4,2023-2024
0693491V,128.2,2023-2024
0694092Y,114,2023-2024
0710053X,102.1,2023-2024
0711323C,79.5,2023-2024
0720902P,79,2023-2024
0730020A,112.8,2023-2024
0730810J,117.2,2023-2024
0740001Z,103.9,2023-2024
0740048A,124.1,2023-2024
0740931K,108.8,2023-2024
0752187V,121.7,2023-2024
0752911G,138.3,2023-2024
0753206C,122.2,2023-2024
0753381T,123.6,2023-2024
0760010Y,119.3,2023-2024
0760118R,97.7,2023-2024
0761694D,102,2023-2024
0761781Y,81,2023-2024
0762129B,90.9,2023-2024
0771236A,128.3,2023-2024
0772191N,104.6,2023-2024
0780032L,91.8,2023-2024
0780656P,114.2,2023-2024
0783340G,117.9,2023-2024
0810026N,102.2,2023-2024
0840028Z,111.3,2023-2024
0850073T,108.3,2023-2024
9720012F,99.1,2023-2024
9740598G,75.4,2023-2024
9740654T,90.3,2023-2024
0010092V,110.2,2024-2025
0020046P,104.5,2024-2025
0021491K,99.2,2024-2025
0030046J,96.2,2024-2025
0061175V,109.1,2024-2025
0271231S,124.8,2024-2025
0290031B,112.4,2024-2025
0290153J,94.9,2024-2025
0291883P,116.3,2024-2025
0300099V,100.3,2024-2025
0311148E,126,2024-2025
0332190B,116.8,2024-2025
0332768E,120.7,2024-2025
0342297M,144.9,2024-2025
0350027P,104.7,2024-2025
0350864Z,115.2,2024-2025
0370765F,113.6,2024-2025
0371327S,123.7,2024-2025
0541440X,123.6,2024-2025
0541569M,98.8,2024-2025
0560009F,113.3,2024-2025
0561474Y,93.7,2024-2025
0572082D,111,2024-2025
0572814Z,95.2,2024-2025
0590131X,82.6,2024-2025
0592889V,135.2,2024-2025
0610045T,90.7,2024-2025
0611091E,112.8,2024-2025
0622262X,83.9,2024-2025
0622789V,81.8,2024-2025
0641561Z,87.5,2024-2025
0650031F,89.9,2024-2025
0660007Z,101.2,2024-2025
0660018L,76,2024-2025
0672459J,68.9,2024-2025
0690099H,76.5,2024-2025
0690280E,83,2024-2025
0690581G,98.3,2024-2025
0692925E,117.9,2024-2025
0694227V,127.4,2024-2025
0700061L,103.9,2024-2025
0700787A,99.4,2024-2025
0710005V,95.4,2024-2025
0710115P,115.3,2024-2025
0710537Y,82.8,2024-2025
0711314T,122.3,2024-2025
0720023J,94.3,2024-2025
0720043F,93.6,2024-2025
0171184V,128.6,2023-2024
0331890A,121.4,2023-2024
0340048T,135.2,2023-2024
0341030K,127.7,2023-2024
0341577E,118.9,2023-2024
0341825Z,105.8,2023-2024
0350775C,112.9,2023-2024
0350885X,99.3,2023-2024
0350896J,103.3,2023-2024
0352071L,82.9,2023-2024
0360546Y,97,2023-2024
0370887N,128.4,2023-2024
0381696M,141.9,2023-2024
0382265F,105,2023-2024
0382430K,110.4,2023-2024
0382705J,106.8,2023-2024
0390883Y,89.1,2023-2024
0420978K,130.1,2023-2024
0440153C,127.3,2023-2024
0440239W,116.6,2023-2024
0451660K,117.8,2023-2024
0480006W,110.6,2023-2024
0490858S,110,2023-2024
0511085C,87.2,2023-2024
0530041G,92.3,2023-2024
0530826K,101.4,2023-2024
0540019C,84.6,2023-2024
0560061M,104.4,2023-2024
0560223N,99.7,2023-2024
0572021M,96.6,2023-2024
0572354Z,120.7,2023-2024
0573269U,78.7,2023-2024
0580023K,108,2023-2024
0590055P,92.2,2023-2024
0590157A,81.3,2023-2024
0593134L,134.1,2023-2024
0593196D,103.6,2023-2024
0593484S,82.6,2023-2024
0594308M,84.3,2023-2024
0594386X,104.5,2023-2024
0594405T,85.9,2023-2024
0595394T,131.9,2023-2024
0595595L,96.9,2023-2024
0595993U,146.1,2023-2024
0596801X,96.3,2023-2024
0600022Y,73.4,2023-2024
0601366J,114,2023-2024
0601882V,111.9,2023-2024
0622109F,109.8,2023-2024
0622261W,79,2023-2024
0623322Z,92.4,2023-2024
0630006P,100.4,2023-2024
0641392R,101.2,2023-2024
0650022W,107.1,2023-2024
0650031F,91.4,2023-2024
0671689X,121.5,2023-2024
0672193V,123.9,2023-2024
0762199C,94.9,2023-2024
0771342R,107,2023-2024
0780185C,114.9,2023-2024
0801264P,63.9,2023-2024
0801439E,103.1,2023-2024
0830180V,71.9,2023-2024
0830832D,87.9,2023-2024
0850082C,113.1,2023-2024
0850123X,108.8,2023-2024
0870022B,94.9,2023-2024
0870037T,97.8,2023-2024
0870071E,109.8,2023-2024
0881397R,101.9,2023-2024
0890822K,87.1,2023-2024
0910714G,92.8,2023-2024
0911865H,86.6,2023-2024
0921190U,103.2,2023-2024
0921631Y,89.4,2023-2024
0921675W,81.6,2023-2024
0921780K,143.3,2023-2024
0921785R,146.9,2023-2024
0922595W,91.4,2023-2024
0930043S,93.8,2023-2024
0930917S,135.2,2023-2024
0930966V,137.3,2023-2024
0931206F,71,2023-2024
0931228E,98,2023-2024
0931229F,80.4,2023-2024
0931379U,75.5,2023-2024
0931707A,91.1,2023-2024
0932726H,88.7,2023-2024
0941017V,119.5,2023-2024
0941026E,89.7,2023-2024
0941709X,120.8,2023-2024
0950045H,74.3,2023-2024
0950885W,79.1,2023-2024
0950893E,98.5,2023-2024
0950930V,122.3,2023-2024
0951194G,102.9,2023-2024
7200028T,96,2023-2024
9710032H,96.2,2023-2024
9710643X,97.3,2023-2024
9710710V,86.1,2023-2024
9720021R,100.6,2023-2024
9720072W,118.7,2023-2024
9740069G,90.3,2023-2024
9740070H,85.6,2023-2024
9760009F,54.9,2023-2024
0010083K,124.3,2024-2025
0030002L,98,2024-2025
0030018D,100.7,2024-2025
0050013M,112.2,2024-2025
0050025A,101.5,2024-2025
0060679F,128.6,2024-2025
0061796V,113.3,2024-2025
0071320X,115.8,2024-2025
0081001V,92.6,2024-2025
0090001C,107.6,2024-2025
0101031S,96.8,2024-2025
0120021H,107.4,2024-2025
0130007M,81,2024-2025
0130084W,103.3,2024-2025
0131266F,102.2,2024-2025
0131366P,115.1,2024-2025
0131611F,82.4,2024-2025
0131711P,124.1,2024-2025
0131881Z,102.1,2024-2025
0132318Z,105,2024-2025
0132408X,67.8,2024-2025
0133992U,113.2,2024-2025
0134342Z,150.4,2024-2025
0141168U,108.8,2024-2025
0150027Y,98.9,2024-2025
0150729L,102.9,2024-2025
0180002E,91,2024-2025
0210034Y,94.2,2024-2025
0211524T,102.3,2024-2025
0300001N,101.5,2024-2025
0312612W,115.8,2024-2025
0330105K,92.5,2024-2025
0330146E,99,2024-2025
0332569N,111.8,2024-2025
0341592W,83.1,2024-2025
0341705U,123.7,2024-2025
0342224H,109.7,2024-2025
0370023Z,103.4,2024-2025
0370767H,103.1,2024-2025
0382266G,108.1,2024-2025
0382621T,106.7,2024-2025
0480013D,103.9,2024-2025
0490845C,104.2,2024-2025
0541776M,123.8,2024-2025
0541819J,106.8,2024-2025
0550022A,99.5,2024-2025
0561330S,88.3,2024-2025
0561352R,97.5,2024-2025
0593103C,101.5,2024-2025
0593663L,72.2,2024-2025
0594402P,74.2,2024-2025
0594833H,112.8,2024-2025
0601718S,88.1,2024-2025
0610739X,96.4,2024-2025
0620199E,88.3,2024-2025
0622095R,78.6,2024-2025
0622119S,100.4,2024-2025
0622269E,84.7,2024-2025
0622428C,85.1,2024-2025
0631448G,103.4,2024-2025
0631580A,113.1,2024-2025
0640228A,101.7,2024-2025
0671907J,75.3,2024-2025
0691664J,87.3,2024-2025
0692338S,138.5,2024-2025
0692700K,97.6,2024-2025
0720058X,95.7,2024-2025
0770928R,133.5,2024-2025
0480607Z,110.1,2024-2025
0631126G,92.1,2023-2024
0631448G,104.2,2023-2024
0641411L,111.7,2023-2024
0650003A,113.9,2023-2024
0660016J,79.8,2023-2024
0681539D,104.1,2023-2024
0752913J,161.5,2023-2024
0754008Z,139.8,2023-2024
0770048J,94.4,2023-2024
0820824A,98.3,2023-2024
0830069Z,83.3,2023-2024
0840714V,103,2023-2024
0851293U,117.8,2023-2024
0860047J,112.8,2023-2024
0860984C,90.7,2023-2024
0890028X,100,2023-2024
0910860R,116,2023-2024
0911185U,113.1,2023-2024
0911746D,145.8,2023-2024
0911940P,115.1,2023-2024
0920626F,125.4,2023-2024
0920880G,112.9,2023-2024
0922020W,113.8,2023-2024
0931190N,74.3,2023-2024
0931196V,87.7,2023-2024
0931217T,99.6,2023-2024
0931433C,77.8,2023-2024
0931485J,80.7,2023-2024
0932038K,90,2023-2024
0940022N,98.3,2023-2024
0941029H,88.2,2023-2024
0941714C,146.2,2023-2024
0941715D,137.9,2023-2024
0941783C,104.9,2023-2024
0950682A,115.9,2023-2024
0950932X,118.8,2023-2024
0951400F,114.3,2023-2024
0951822P,115,2023-2024
0951920W,77.4,2023-2024
0951964U,94.9,2023-2024
0952045G,113.4,2023-2024
7200012A,79.5,2023-2024
7200612C,114.6,2023-2024
9710015P,87.5,2023-2024
9710022X,86.6,2023-2024
9710938T,88.4,2023-2024
9711087E,78.6,2023-2024
9711181G,94.6,2023-2024
9720446C,80,2023-2024
9730173A,69.7,2023-2024
9760008E,71.6,2023-2024
0010046V,102.4,2024-2025
0010802S,72.7,2024-2025
0011011U,124.7,2024-2025
0011070H,102.2,2024-2025
0020039G,83.7,2024-2025
0021593W,97.3,2024-2025
0030119N,91.4,2024-2025
0040001E,100.3,2024-2025
0050562J,119,2024-2025
0060086L,105,2024-2025
0071169H,101.3,2024-2025
0071281E,107.7,2024-2025
0470775M,89.1,2024-2025
0490061A,101.1,2024-2025
0490858S,111.5,2024-2025
0500053L,91.7,2024-2025
0501217B,104,2024-2025
0510016R,96,2024-2025
0530827L,106.8,2024-2025
0541474J,115.3,2024-2025
0541515D,83.1,2024-2025
0550011N,89.3,2024-2025
0560018R,108.6,2024-2025
0560033G,107.5,2024-2025
0560802T,122.7,2024-2025
0561401U,117.5,2024-2025
0572174D,95,2024-2025
0573244S,99.3,2024-2025
0590046E,81.5,2024-2025
0590224Y,104.9,2024-2025
0592715F,113.9,2024-2025
0592733A,83.6,2024-2025
0593159N,106.8,2024-2025
0595393S,131.2,2024-2025
0610056E,93.4,2024-2025
0622947S,96,2024-2025
0623115Z,93.3,2024-2025
0631412T,96.5,2024-2025
0631762Y,90.8,2024-2025
0650877A,101.4,2024-2025
0660016J,78.8,2024-2025
0671961T,116.6,2024-2025
0681394W,87.2,2024-2025
0690001B,102,2024-2025
0690601D,118.9,2024-2025
0692336P,79.4,2024-2025
0210001M,100,2023-2024
0210014B,92,2023-2024
0310022F,107,2023-2024
0311236A,123,2023-2024
0311720B,114.1,2023-2024
0320019X,120.4,2023-2024
0331462K,117.5,2023-2024
0332244K,130.6,2023-2024
0340891J,109.6,2023-2024
0350773A,132.4,2023-2024
0350874K,114.3,2023-2024
0350969N,94.7,2023-2024
0352069J,143,2023-2024
0360033R,92,2023-2024
0371391L,98.2,2023-2024
0390962J,106.3,2023-2024
0400039A,112,2023-2024
0400042D,101.2,2023-2024
0410015U,92.7,2023-2024
0430086K,109,2023-2024
0441657M,113.3,2023-2024
0450017Z,100.1,2023-2024
0450041A,88.2,2023-2024
0450936Y,77.8,2023-2024
0460046A,104.5,2023-2024
0480004U,100.3,2023-2024
0500047E,94,2023-2024
0501239A,101.7,2023-2024
0511327R,87.9,2023-2024
0520049W,72.8,2023-2024
0530078X,98.1,2023-2024
0540011U,90.1,2023-2024
0541336J,100.3,2023-2024
0541339M,145.6,2023-2024
0550804A,97.9,2023-2024
0560009F,113.3,2023-2024
0560037L,103.6,2023-2024
0560044U,100.7,2023-2024
0561379V,113.9,2023-2024
0561410D,101.2,2023-2024
0570012D,91.9,2023-2024
0572082D,112,2023-2024
0572166V,83.4,2023-2024
0572477H,107.4,2023-2024
0572587C,84.6,2023-2024
0572812X,96.8,2023-2024
0580040D,93.2,2023-2024
0580542Z,86.4,2023-2024
0590109Y,70.6,2023-2024
0590238N,79.7,2023-2024
0590271Z,81.3,2023-2024
0593667R,63.7,2023-2024
0594287P,112.5,2023-2024
0601799E,105.3,2023-2024
0620073T,102.5,2023-2024
0622422W,85.7,2023-2024
0622946R,89.9,2023-2024
0641232S,98.3,2023-2024
0650740B,94.4,2023-2024
0650838H,100.9,2023-2024
0690060R,84,2023-2024
0690280E,83,2023-2024
0692704P,106.2,2023-2024
0692941X,151.4,2023-2024
0694296V,80.8,2023-2024
0710070R,103.8,2023-2024
0711135Y,90.9,2023-2024
0720001K,91.5,2023-2024
0720815V,94.6,2023-2024
0730002F,109.8,2023-2024
0731441V,125.8,2023-2024
0740109S,123.2,2023-2024
0741227G,101.7,2023-2024
0741283T,133.3,2023-2024
0752251P,123.4,2023-2024
0752694W,88.4,2023-2024
0771365R,109.7,2023-2024
0772953S,130.5,2023-2024
0790052C,102.1,2023-2024
0831552L,108.4,2023-2024
0840758T,85.3,2023-2024
0850108F,99.6,2023-2024
0850148Z,113.4,2023-2024
0891043A,109.9,2023-2024
0912086Y,126.7,2023-2024
0912196T,76,2023-2024
0080896F,102,2024-2025
0080909V,94.5,2024-2025
0100028B,95,2024-2025
0110672W,78.2,2024-2025
0120084B,109.3,2024-2025
0121213D,97.6,2024-2025
0130156Z,122,2024-2025
0131364M,134.8,2024-2025
0131703F,63.5,2024-2025
0131712R,111.3,2024-2025
0132205B,114,2024-2025
0132208E,82.7,2024-2025
0132212J,75.7,2024-2025
0132217P,94.6,2024-2025
0132908R,117.9,2024-2025
0133278T,103.3,2024-2025
0133287C,123.2,2024-2025
0133621R,103.9,2024-2025
0133986M,98.7,2024-2025
0134431W,117.3,2024-2025
0140008H,97.9,2024-2025
0140024A,109.3,2024-2025
0141273H,96.1,2024-2025
0160016F,91.5,2024-2025
0160077X,112.5,2024-2025
0170055T,99.8,2024-2025
0180013S,87.5,2024-2025
0211523S,98.1,2024-2025
0220073K,106.7,2024-2025
0220081U,102.5,2024-2025
0230028F,102.2,2024-2025
0251065X,106.5,2024-2025
0251348E,104.8,2024-2025
0271447B,140.7,2024-2025
0280753S,87.6,2024-2025
0290039K,105.4,2024-2025
0290068S,108.1,2024-2025
0290253T,110.5,2024-2025
0291661Y,101.1,2024-2025
0291713E,119.2,2024-2025
0292204N,125.4,2024-2025
0300050S,107.1,2024-2025
0310005M,111.7,2024-2025
0310021E,129.8,2024-2025
0311162V,124.3,2024-2025
0312885T,137.7,2024-2025
0320059R,106.2,2024-2025
0331523B,142.7,2024-2025
0332085M,107.1,2024-2025
0340025T,99.3,2024-2025
0340973Y,102.8,2024-2025
0341030K,126.5,2024-2025
0341421K,117.9,2024-2025
0341424N,112,2024-2025
0350051R,113.1,2024-2025
0350878P,108.7,2024-2025
0350891D,118.3,2024-2025
0352274G,122.2,2024-2025
0370768J,97,2024-2025
0371204H,117,2024-2025
0383056R,89.3,2024-2025
0390906Y,111.5,2024-2025
0410015U,93.5,2024-2025
0421487N,100.9,2024-2025
0421572F,100.5,2024-2025
0440065G,114,2024-2025
0440538W,109.4,2024-2025
0442023K,116,2024-2025
0442418P,125.4,2024-2025
0450789N,83.3,2024-2025
0451608D,102.9,2024-2025
0460593V,101.6,2024-2025
0631411S,100.4,2024-2025
0640214K,101.4,2024-2025
0660017K,88.4,2024-2025
0681123B,97.9,2024-2025
0690597Z,128.5,2024-2025
0690615U,119.8,2024-2025
0691798E,93.3,2024-2025
0692420F,94.7,2024-2025
0694357L,145.1,2024-2025
0711777W,116.7,2024-2025
0721042S,110.9,2024-2025
0721483W,105.5,2024-2025
0730022C,110.7,2024-2025
0730796U,112.8,2024-2025
0740039R,106.7,2024-2025
0740117A,131.2,2024-2025
0741699V,119,2024-2025
0751706X,117.6,2024-2025
0752248L,130.4,2024-2025
0752538B,129.3,2024-2025
0752696Y,103.6,2024-2025
0752829T,126.9,2024-2025
0752957G,118.4,2024-2025
0755779Z,107.2,2024-2025
0761703N,79.8,2024-2025
0761776T,94,2024-2025
0761949F,86.1,2024-2025
0762177D,106.3,2024-2025
0762738N,89.5,2024-2025
0770048J,93.7,2024-2025
0771177L,110.5,2024-2025
0771361L,119,2024-2025
0771619S,110.4,2024-2025
0772090D,102.4,2024-2025
0772330P,114.4,2024-2025
0772953S,135.1,2024-2025
0780036R,106.5,2024-2025
0780183A,111.8,2024-2025
0780714C,128.5,2024-2025
0781683F,131.8,2024-2025
0781817B,118.9,2024-2025
0781885A,107.7,2024-2025
0783215W,104.6,2024-2025
0783251K,108.9,2024-2025
0783287Z,151.4,2024-2025
0783547G,152.7,2024-2025
0783592F,112.9,2024-2025
0790016N,107.5,2024-2025
0800017J,90.9,2024-2025
0810008U,99.5,2024-2025
0810061B,81.5,2024-2025
0820014V,99,2024-2025
0830012M,112,2024-2025
0830823U,84.6,2024-2025
0831056X,113.4,2024-2025
0840007B,72.2,2024-2025
0840064N,93.7,2024-2025
0840915N,114.8,2024-2025
0851132U,95,2024-2025
0860053R,97.5,2024-2025
0861038L,110.7,2024-2025
0870820U,106.3,2024-2025
0880105L,114.1,2024-2025
0891057R,97.3,2024-2025
0900017E,89,2024-2025
0900277M,106.7,2024-2025
0910041A,104.6,2024-2025
0911145A,117.3,2024-2025
0911185U,112.8,2024-2025
0911252S,112.8,2024-2025
0921393P,128.1,2024-2025
0921494Z,98.6,2024-2025
0921783N,139.7,2024-2025
0921905W,150.7,2024-2025
0921909A,154.5,2024-2025
0922731U,150.9,2024-2025
0930616P,71.1,2024-2025
0931005M,84.8,2024-2025
0931204D,76,2024-2025
0931379U,77.8,2024-2025
0931978V,90.3,2024-2025
0932652C,118.2,2024-2025
0941042X,89,2024-2025
0941971G,100.9,2024-2025
0950887Y,88.9,2024-2025
0950891C,107.9,2024-2025
0951190C,105.8,2024-2025
6200084X,106.1,2024-2025
7200012A,61.9,2024-2025
9710016R,98.3,2024-2025
9710032H,96.3,2024-2025
9710988X,120.4,2024-2025
9730132F,120,2024-2025
9740703W,76.9,2024-2025
9741047V,82.3,2024-2025
9741048W,98.1,2024-2025
9741366S,70,2024-2025
0011300H,115,2023-2024
0011301J,120.2,2023-2024
0011325K,93.9,2023-2024
0020004U,87,2023-2024
0021659T,97.8,2023-2024
0030019E,95.5,2023-2024
0030062B,103.9,2023-2024
0030070K,127.5,2023-2024
0040420K,104,2023-2024
0070849K,105.7,2023-2024
0080105W,78.3,2023-2024
0090025D,102.8,2023-2024
0100081J,84.5,2023-2024
0110026U,97.3,2023-2024
0110666P,101.2,2023-2024
0120081Y,103.3,2023-2024
0131608C,102.4,2023-2024
0131609D,104,2023-2024
0131932E,104.9,2023-2024
0132950L,104.1,2023-2024
0133278T,103.5,2023-2024
0133335E,129.9,2023-2024
0133397X,140.1,2023-2024
0150018N,97.4,2023-2024
0150020R,100,2023-2024
0161106R,106.4,2023-2024
0170110C,103,2023-2024
0170389F,95.8,2023-2024
0190002Z,100.8,2023-2024
0190779U,104.8,2023-2024
0220184F,96.5,2023-2024
0221509W,93.1,2023-2024
0221623V,107.6,2023-2024
0221747E,103.6,2023-2024
0230014R,102.8,2023-2024
0240045U,97.8,2023-2024
0251080N,66,2023-2024
0251375J,88.1,2023-2024
0251524W,97,2023-2024
0260945L,119.3,2023-2024
0271105E,111.6,2023-2024
0271123Z,108.5,2023-2024
0280669A,114,2023-2024
0280887M,95.6,2023-2024
0280993C,132,2023-2024
0290065N,109.9,2023-2024
0290260A,113.3,2023-2024
0290297R,122.4,2023-2024
0291089B,86.9,2023-2024
0291104T,97.8,2023-2024
0291877H,113.8,2023-2024
0301246S,104.1,2023-2024
0301283G,107.7,2023-2024
0301284H,99.9,2023-2024
0301728R,106.8,2023-2024
0310001H,104.6,2023-2024
0311688S,123.8,2023-2024
0311846N,105.5,2023-2024
0312071H,119.5,2023-2024
0313079D,98.2,2023-2024
0330081J,107.6,2023-2024
0330100E,102.1,2023-2024
0331435F,119.3,2023-2024
0331618E,109.9,2023-2024
0331759H,114.4,2023-2024
0333133B,110.4,2023-2024
0340115R,110.8,2023-2024
0342297M,143.2,2023-2024
0342326U,103.4,2023-2024
0342488V,95.3,2023-2024
0350039C,117.1,2023-2024
0350734H,82.9,2023-2024
0360496U,94.6,2023-2024
0370006F,94,2023-2024
0371403Z,123.4,2023-2024
0380025W,132.4,2023-2024
0381907S,100.2,2023-2024
0383300F,123.1,2023-2024
0400072L,108.8,2023-2024
0400727Y,95.5,2023-2024
0410715E,112.9,2023-2024
0410768M,101.6,2023-2024
0421043F,101.7,2023-2024
0421172W,101.7,2023-2024
0421680Y,93.7,2023-2024
0421683B,89.1,2023-2024
0430001T,105,2023-2024
0430026V,100.9,2023-2024
0430027W,106.3,2023-2024
0430898T,103.9,2023-2024
0440193W,123.2,2023-2024
0440221B,120.9,2023-2024
0440289A,111.3,2023-2024
0440311Z,81.4,2023-2024
0441822S,130.2,2023-2024
0441929H,109.4,2023-2024
0442011X,127.1,2023-2024
0442625P,111.6,2023-2024
0450047G,124,2023-2024
0450479B,112.5,2023-2024
0450787L,95.5,2023-2024
0451070U,78.5,2023-2024
0451245J,86.9,2023-2024
0460008J,105.4,2023-2024
0470024W,93.6,2023-2024
0490854M,106.7,2023-2024
0490921K,96.9,2023-2024
0500012S,90.9,2023-2024
0500069D,98.5,2023-2024
0500148P,98.4,2023-2024
0501242D,92.4,2023-2024
0501704F,108.4,2023-2024
0520040L,98.1,2023-2024
0520733P,107.3,2023-2024
0520814C,92.2,2023-2024
0520967U,109.9,2023-2024
0530082B,107.8,2023-2024
0530803K,96.9,2023-2024
0540025J,102.6,2023-2024
0540111C,84.4,2023-2024
0541325X,110,2023-2024
0541572R,100.2,2023-2024
0541776M,126.2,2023-2024
0550013R,90.2,2023-2024
0560002Y,105.7,2023-2024
0561376S,99,2023-2024
0561931V,112.3,2023-2024
0570097W,99.3,2023-2024
0572488V,90.5,2023-2024
0572490X,96,2023-2024
0572640K,99.5,2023-2024
0572809U,107.5,2023-2024
0572922S,103.5,2023-2024
0590050J,71.9,2023-2024
0590068D,87.3,2023-2024
0590183D,67.4,2023-2024
0592889V,136.3,2023-2024
0593132J,97.1,2023-2024
0593147A,113.8,2023-2024
0593488W,89.5,2023-2024
0593992U,109.2,2023-2024
0594290T,83.5,2023-2024
0594398K,83.8,2023-2024
0594505B,119,2023-2024
0595387K,127.4,2023-2024
0601177D,75.2,2023-2024
0610045T,89,2023-2024
0620016F,109.3,2023-2024
0622084D,100.4,2023-2024
0622129C,123.7,2023-2024
0622789V,81.9,2023-2024
0630072L,113.7,2023-2024
0631199L,65.6,2023-2024
0640008L,106,2023-2024
0640151S,113.5,2023-2024
0641412M,117.1,2023-2024
0641413N,122.7,2023-2024
0641509T,110.2,2023-2024
0641560Y,107.5,2023-2024
0660049V,91.9,2023-2024
0660634F,117.5,2023-2024
0671596W,102.5,2023-2024
0671963V,103.9,2023-2024
0672129A,97.3,2023-2024
0672132D,115.7,2023-2024
0680021D,84.3,2023-2024
0681318N,96.8,2023-2024
0681713T,107.2,2023-2024
0682018Z,99.4,2023-2024
0690618X,110.4,2023-2024
0691736M,118,2023-2024
0692932M,149.1,2023-2024
0693479G,147.4,2023-2024
0694406P,89.4,2023-2024
0700006B,97.2,2023-2024
0701192R,90.2,2023-2024
0710125A,118.6,2023-2024
0710128D,114.9,2023-2024
0720798B,118,2023-2024
0720835S,127.3,2023-2024
0730001E,105.9,2023-2024
0730765K,119.4,2023-2024
0730903K,103.9,2023-2024
0731224J,99.5,2023-2024
0740025A,123.2,2023-2024
0740105M,139.9,2023-2024
0740110T,122.7,2023-2024
0740263J,108.9,2023-2024
0741097R,86.3,2023-2024
0750484U,97.1,2023-2024
0752387M,128.6,2023-2024
0753908R,147,2023-2024
0760049R,98.1,2023-2024
0761949F,81.7,2023-2024
0762085D,95.1,2023-2024
0762126Y,90.8,2023-2024
0762177D,106.7,2023-2024
0771331D,86.6,2023-2024
0771420A,74.3,2023-2024
0771422C,94,2023-2024
0771511Z,110.5,2023-2024
0771918S,135.9,2023-2024
0771991W,98,2023-2024
0780714C,129.1,2023-2024
0781098V,102,2023-2024
0783378Y,107.1,2023-2024
0783838Y,143.9,2023-2024
0790016N,107.5,2023-2024
0791002K,89.9,2023-2024
0800002T,94.9,2023-2024
0801489J,89.9,2023-2024
0801723N,112.3,2023-2024
0810025M,95.4,2023-2024
0810027P,92.5,2023-2024
0830926F,101,2023-2024
0831053U,87.7,2023-2024
0831186N,131.1,2023-2024
0840058G,124,2023-2024
0840114T,89.3,2023-2024
0840116V,94.8,2023-2024
0850039F,98.6,2023-2024
0851195M,100.4,2023-2024
0860031S,99.6,2023-2024
0860792U,110.7,2023-2024
0861447F,128.1,2023-2024
0870023C,104.8,2023-2024
0870684W,110.9,2023-2024
0870817R,100.4,2023-2024
0880045W,92.8,2023-2024
0880155R,105.6,2023-2024
0880156S,101.6,2023-2024
0881447V,91.3,2023-2024
0900009W,101.2,2023-2024
0910718L,94.5,2023-2024
0910777A,94.1,2023-2024
0911403F,103.2,2023-2024
0911404G,115.2,2023-2024
0911447D,114,2023-2024
0921007V,150.6,2023-2024
0921507N,145.4,2023-2024
0922523T,138.8,2023-2024
0930620U,95.3,2023-2024
0930920V,100.7,2023-2024
0931210K,123,2023-2024
0931497X,87.6,2023-2024
0931709C,79.6,2023-2024
0931844Z,103.3,2023-2024
0931978V,96.1,2023-2024
0940789X,119.1,2023-2024
0940791Z,83.4,2023-2024
0950711G,75.2,2023-2024
0950898K,117.7,2023-2024
0950939E,71.8,2023-2024
0951196J,77.2,2023-2024
0951506W,145.9,2023-2024
7200025P,100.3,2023-2024
9711205H,124.4,2023-2024
9720007A,72.2,2023-2024
9720043P,109.4,2023-2024
9720412R,80.7,2023-2024
9730380A,71.7,2023-2024
9730536V,120.1,2023-2024
9740011U,90.1,2023-2024
9740012V,90,2023-2024
9740027L,83.6,2023-2024
9740081V,100.5,2023-2024
9740096L,76.2,2023-2024
9740618D,77.7,2023-2024
9741236A,87.6,2023-2024
0020471B,120.1,2024-2025
0020473D,121.8,2024-2025
0021691C,90.5,2024-2025
0040004H,101.1,2024-2025
0050043V,119.2,2024-2025
0060045S,77.9,2024-2025
0060076A,92.7,2024-2025
0060676C,121.3,2024-2025
0060745C,131.1,2024-2025
0061342B,97.3,2024-2025
0061376N,126.7,2024-2025
0061825B,114.7,2024-2025
0070059B,108.1,2024-2025
0070846G,96.5,2024-2025
0100038M,73.3,2024-2025
0110037F,90.7,2024-2025
0110676A,95.6,2024-2025
0120092K,111.1,2024-2025
0131329Z,101,2024-2025
0131370U,79.4,2024-2025
0131371V,133.8,2024-2025
0131608C,98.3,2024-2025
0131701D,96.2,2024-2025
0133397X,142.6,2024-2025
0140051E,117.2,2024-2025
0140077H,103.5,2024-2025
0141684E,110.4,2024-2025
0160012B,101.1,2024-2025
0160031X,93.9,2024-2025
0160032Y,102.3,2024-2025
0161050E,128.4,2024-2025
0171057G,106.8,2024-2025
0171122C,114,2024-2025
0180568V,105.2,2024-2025
0180769N,91.2,2024-2025
0190009G,92.5,2024-2025
0190026A,112.3,2024-2025
0190635M,71.5,2024-2025
0211527W,100.4,2024-2025
0220061X,86.6,2024-2025
0220150U,100.8,2024-2025
0220153X,103.2,2024-2025
0220167M,115.8,2024-2025
0221568K,96.8,2024-2025
0221819H,119.3,2024-2025
0221931E,111.4,2024-2025
0221999D,107,2024-2025
0250018J,97.9,2024-2025
0251061T,103.4,2024-2025
0251677M,101.2,2024-2025
0260030S,101.2,2024-2025
0261576X,111.1,2024-2025
0271098X,94.7,2024-2025
0271317K,108.9,2024-2025
0280006E,98.9,2024-2025
0280669A,110,2024-2025
0280741D,97.3,2024-2025
0281095N,117.3,2024-2025
0290053A,98.8,2024-2025
0290088N,92.1,2024-2025
0291655S,119,2024-2025
0291881M,119.6,2024-2025
0292006Y,94.7,2024-2025
0301282F,86.5,2024-2025
0301746K,102,2024-2025
0310029N,115.4,2024-2025
0310083X,96.9,2024-2025
0311144A,142.1,2024-2025
0311266H,132.4,2024-2025
0311332E,106,2024-2025
0311634H,122.4,2024-2025
0311850T,128.2,2024-2025
0312478A,117.4,2024-2025
0313010D,131.6,2024-2025
0320608M,104.8,2024-2025
0330062N,104.8,2024-2025
0331532L,105.2,2024-2025
0331885V,86.3,2024-2025
0332246M,113.7,2024-2025
0332340P,107.9,2024-2025
0332493F,150.1,2024-2025
0340063J,104.9,2024-2025
0340111L,105.5,2024-2025
0340119V,100,2024-2025
0340836Z,68,2024-2025
0340872N,124.7,2024-2025
0340876T,139.1,2024-2025
0340908C,134.3,2024-2025
0341065Y,75.5,2024-2025
0341321B,80.8,2024-2025
0341726S,90.7,2024-2025
0351850W,95.5,2024-2025
0351882F,99,2024-2025
0352030S,113.2,2024-2025
0360001F,98.3,2024-2025
0370015R,102.3,2024-2025
0371397T,125.8,2024-2025
0380038K,116.9,2024-2025
0381778B,124.2,2024-2025
0381905P,112.7,2024-2025
0382195E,124.3,2024-2025
0382431L,129.6,2024-2025
0390074U,105.9,2024-2025
0390785S,96.1,2024-2025
0400077S,96,2024-2025
0421607U,116.8,2024-2025
0430052Y,116.2,2024-2025
0430072V,97.5,2024-2025
0440182J,112.8,2024-2025
0440423W,106.4,2024-2025
0440539X,92.1,2024-2025
0441545R,108.6,2024-2025
0442011X,127.3,2024-2025
0450787L,96.2,2024-2025
0451035F,106,2024-2025
0460027E,101.4,2024-2025
0470049Y,88.6,2024-2025
0470104H,88.7,2024-2025
0490957Z,107.6,2024-2025
0500071F,96.4,2024-2025
0501218C,90.6,2024-2025
0501240B,100.7,2024-2025
0510056J,96.7,2024-2025
0511189R,102.5,2024-2025
0511531M,96.2,2024-2025
0540064B,97.5,2024-2025
0541331D,95.9,2024-2025
0541568L,110.7,2024-2025
0560127J,118.2,2024-2025
0561329R,109.2,2024-2025
0561383Z,92.3,2024-2025
0561545A,118.9,2024-2025
0570128E,120.5,2024-2025
0572171A,95.9,2024-2025
0590157A,83.1,2024-2025
0593179K,86.7,2024-2025
0593681F,87.2,2024-2025
0595176F,88.9,2024-2025
0595401A,123.9,2024-2025
0595595L,96.4,2024-2025
0595993U,160.6,2024-2025
0596177U,109.5,2024-2025
0601142R,138.2,2024-2025
0620119T,79.1,2024-2025
0620156H,98.7,2024-2025
0622090K,93.5,2024-2025
0622581U,85.3,2024-2025
0622799F,81.2,2024-2025
0630060Y,91.6,2024-2025
0631100D,113.1,2024-2025
0641392R,104,2024-2025
0641660G,136.3,2024-2025
0660068R,106.1,2024-2025
0660521H,105.5,2024-2025
0660848N,103.2,2024-2025
0670106B,106.5,2024-2025
0671595V,94,2024-2025
0671691Z,72.4,2024-2025
0671739B,98.2,2024-2025
0680009R,73.2,2024-2025
0681541F,100.2,2024-2025
0690015S,113.4,2024-2025
0690249W,80.2,2024-2025
0690611P,140.2,2024-2025
0691649T,117.6,2024-2025
0692335N,101.2,2024-2025
0692339T,107.6,2024-2025
0692576A,108.3,2024-2025
0710021M,101.6,2024-2025
0710056A,75.7,2024-2025
0710534V,80.6,2024-2025
0720069J,88.8,2024-2025
0720836T,117.8,2024-2025
0720903R,100,2024-2025
0721364S,94.5,2024-2025
0730765K,120.7,2024-2025
0740021W,108.3,2024-2025
0740106N,121.9,2024-2025
0750507U,101.6,2024-2025
0750525N,119.3,2024-2025
0752107H,122.6,2024-2025
0752529S,141.8,2024-2025
0752545J,127.4,2024-2025
0752549N,141.2,2024-2025
0760100W,77.5,2024-2025
0762170W,95.9,2024-2025
0763368Y,131.9,2024-2025
0771659K,102.7,2024-2025
0771917R,131.6,2024-2025
0772191N,106.4,2024-2025
0772481D,89.4,2024-2025
0772482E,111.7,2024-2025
0780254C,123.6,2024-2025
0781107E,131.1,2024-2025
0781570H,147.5,2024-2025
0781818C,115.2,2024-2025
0783358B,104,2024-2025
0783816Z,146.7,2024-2025
0790061M,90.9,2024-2025
0790710T,118.3,2024-2025
0800041K,85.6,2024-2025
0801211G,126.5,2024-2025
0801228A,101.2,2024-2025
0801371F,90.5,2024-2025
0810026N,103.6,2024-2025
0820022D,89.9,2024-2025
0820922G,108.2,2024-2025
0830028E,101.9,2024-2025
0830111V,133.4,2024-2025
0830148K,82.4,2024-2025
0830831C,109.6,2024-2025
0830996G,106.6,2024-2025
0831218Y,97.2,2024-2025
0831482K,118.1,2024-2025
0840028Z,110.9,2024-2025
0840585E,99.1,2024-2025
0850065J,104.5,2024-2025
0851704R,121.8,2024-2025
0860759H,134.5,2024-2025
0880002Z,92.8,2024-2025
0881097P,105.7,2024-2025
0890013F,102.6,2024-2025
0890035E,102.8,2024-2025
0900032W,118.8,2024-2025
0910714G,93,2024-2025
0910776Z,89.5,2024-2025
0911025V,78.9,2024-2025
0911447D,114.8,2024-2025
0912487J,111.9,2024-2025
0920882J,94.7,2024-2025
0921168V,93.9,2024-2025
0921244C,135.9,2024-2025
0921781L,136.6,2024-2025
0921902T,158.8,2024-2025
0930586G,97.7,2024-2025
0930893R,78.4,2024-2025
0930917S,135,2024-2025
0931143M,92.5,2024-2025
0931145P,86.3,2024-2025
0931196V,84,2024-2025
0931228E,97.6,2024-2025
0932273R,81.7,2024-2025
0940787V,84.2,2024-2025
0941093C,141.3,2024-2025
0941099J,94.9,2024-2025
0941229A,97.8,2024-2025
0950760K,138.4,2024-2025
0950926R,95.5,2024-2025
0950939E,71.5,2024-2025
0950943J,70.9,2024-2025
0951195H,93.2,2024-2025
0951230W,82.8,2024-2025
0951507X,143.2,2024-2025
0951754R,117.1,2024-2025
0951909J,100.1,2024-2025
0951992Z,127,2024-2025
0951993A,68.4,2024-2025
9710015P,89.4,2024-2025
9710025A,92.9,2024-2025
9710035L,106.4,2024-2025
9711087E,77.8,2024-2025
9720016K,88.5,2024-2025
9730337D,71.2,2024-2025
9740042C,102.7,2024-2025
9740084Y,100,2024-2025
0010008D,95.2,2023-2024
0010035H,77.7,2023-2024
0010080G,114.1,2023-2024
0010975E,106.9,2023-2024
0011011U,124.2,2023-2024
0011066D,95.3,2023-2024
0020029W,104.8,2023-2024
0021691C,91,2023-2024
0030022H,102.4,2023-2024
0080826E,70.7,2023-2024
0080949N,86,2023-2024
0080995N,113.7,2023-2024
0090038T,103.1,2023-2024
0100011H,98.7,2023-2024
0100785Z,99.2,2023-2024
0100807Y,85.3,2023-2024
0130110Z,108.7,2023-2024
0131369T,116,2023-2024
0132310R,108.7,2023-2024
0132408X,66.2,2023-2024
0132786H,111.4,2023-2024
0132789L,133.8,2023-2024
0150029A,99.4,2023-2024
0160015E,92,2023-2024
0160076W,103.1,2023-2024
0161048C,124.4,2023-2024
0170011V,103,2023-2024
0170386C,97.1,2023-2024
0180777X,102.7,2023-2024
0190026A,111.7,2023-2024
0190030E,105.4,2023-2024
0211184Y,97.7,2023-2024
0211389W,116.3,2023-2024
0220061X,87.3,2023-2024
0220197V,100.5,2023-2024
0221538C,94.9,2023-2024
0221540E,90.2,2023-2024
0230028F,103.6,2023-2024
0240961P,96.3,2023-2024
0241075N,127,2023-2024
0241076P,105.5,2023-2024
0250015F,105.7,2023-2024
0250016G,94.7,2023-2024
0250049T,111.7,2023-2024
0251348E,105.7,2023-2024
0270001E,96.5,2023-2024
0271288D,102.5,2023-2024
0280002A,94.4,2023-2024
0280755U,112.1,2023-2024
0280865N,79.9,2023-2024
0280866P,99.1,2023-2024
0290056D,96.5,2023-2024
0290256W,111.6,2023-2024
0291085X,101.3,2023-2024
0291638Y,104,2023-2024
0300929X,99.2,2023-2024
0301098F,78.8,2023-2024
0301827Y,101.7,2023-2024
0310029N,113.6,2023-2024
0311972A,147.8,2023-2024
0312423R,103,2023-2024
0312698P,129.4,2023-2024
0312762J,138.7,2023-2024
0320014S,118.9,2023-2024
0320650H,122.2,2023-2024
0330058J,106.7,2023-2024
0330093X,100.7,2023-2024
0330103H,88.7,2023-2024
0330113U,91.7,2023-2024
0330138W,96.7,2023-2024
0331519X,144.3,2023-2024
0331667H,99.3,2023-2024
0332806W,131.3,2023-2024
0341032M,92,2023-2024
0341277D,95.2,2023-2024
0341592W,82.4,2023-2024
0341705U,121.9,2023-2024
0350052S,92.6,2023-2024
0350913C,86.7,2023-2024
0351851X,85.5,2023-2024
0360044C,85.6,2023-2024
0360510J,99.6,2023-2024
0360568X,113.1,2023-2024
0360573C,104.3,2023-2024
0370792K,115.6,2023-2024
0380062L,116.1,2023-2024
0380357G,89.5,2023-2024
0381664C,136.7,2023-2024
0382506T,104,2023-2024
0382579X,150.2,2023-2024
0383253E,101.4,2023-2024
0390785S,96.6,2023-2024
0390907Z,87,2023-2024
0390961H,97.5,2023-2024
0400012W,108.2,2023-2024
0400038Z,103.4,2023-2024
0400043E,107,2023-2024
0401048X,114.2,2023-2024
0410688A,123.3,2023-2024
0420038N,104.1,2023-2024
0430034D,102.1,2023-2024
0430090P,92.8,2023-2024
0430093T,101.9,2023-2024
0430902X,112.3,2023-2024
0440107C,92.8,2023-2024
0440236T,114.4,2023-2024
0440422V,139.3,2023-2024
0440539X,92.8,2023-2024
0442029S,128.7,2023-2024
0442595G,123.6,2023-2024
0451449F,102.3,2023-2024
0460530B,99.4,2023-2024
0470775M,84.2,2023-2024
0490023J,95.7,2023-2024
0490046J,107.3,2023-2024
0491648A,88,2023-2024
0500014U,100.7,2023-2024
0500095G,88.1,2023-2024
0501458N,92.6,2023-2024
0511254L,77.2,2023-2024
0511432E,107.6,2023-2024
0010022U,98.4,2023-2024
0010086N,110.7,2023-2024
0011429Y,98.3,2023-2024
0020067M,90.3,2023-2024
0021490J,90.5,2023-2024
0021535H,99.8,2023-2024
0030860U,99.3,2023-2024
0030981A,116.7,2023-2024
0050022X,102,2023-2024
0060008B,95.7,2023-2024
0060083H,108.8,2023-2024
0060841G,88.5,2023-2024
0061134A,100.9,2023-2024
0061668F,89.7,2023-2024
0070035A,104.2,2023-2024
0070848J,103.1,2023-2024
0080017A,88.5,2023-2024
0080084Y,116.4,2023-2024
0080896F,101,2023-2024
0100664T,107.6,2023-2024
0110049U,115.7,2023-2024
0110674Y,96.6,2023-2024
0120032V,113.4,2023-2024
0120055V,103.1,2023-2024
0120101V,106.6,2023-2024
0520822L,89.9,2023-2024
0530066J,95,2023-2024
0540008R,103.8,2023-2024
0541329B,87.9,2023-2024
0541994Z,124,2023-2024
0550011N,89.3,2023-2024
0550020Y,89.6,2023-2024
0550920B,99.6,2023-2024
0560133R,99.5,2023-2024
0561378U,104.5,2023-2024
0561965G,104.8,2023-2024
0570026U,91.9,2023-2024
0570143W,100.1,2023-2024
0572171A,95.3,2023-2024
0572187T,91.8,2023-2024
0572355A,88,2023-2024
0572689N,99.6,2023-2024
0572925V,134.8,2023-2024
0572930A,120.3,2023-2024
0590031N,76.2,2023-2024
0590082U,115.3,2023-2024
0592714E,69.8,2023-2024
0593140T,104.7,2023-2024
0593160P,106.7,2023-2024
0593239A,97.5,2023-2024
0593244F,82,2023-2024
0595168X,69.3,2023-2024
0595401A,124.6,2023-2024
0595630Z,105.2,2023-2024
0595758N,101.1,2023-2024
0595782P,75,2023-2024
0600012M,109.4,2023-2024
0601293E,99.4,2023-2024
0601449Z,86.9,2023-2024
0610010E,101,2023-2024
0610696A,103.1,2023-2024
0610709P,98.9,2023-2024
0620031X,88.9,2023-2024
0620136L,90.1,2023-2024
0620219B,75.9,2023-2024
0622797D,99.2,2023-2024
0622907Y,76.2,2023-2024
0631109N,96.7,2023-2024
0631153L,96.3,2023-2024
0640609P,84.3,2023-2024
0641393S,102.1,2023-2024
0650019T,98.8,2023-2024
0660007Z,102.7,2023-2024
0660648W,101.7,2023-2024
0660872P,125,2023-2024
0670003P,105.9,2023-2024
0121176N,102.8,2023-2024
0121259D,105.5,2023-2024
0131364M,136.6,2023-2024
0131382G,130.1,2023-2024
0131931D,108.2,2023-2024
0132007L,87.8,2023-2024
0133881Y,98.6,2023-2024
0140024A,107.3,2023-2024
0140073D,89.2,2023-2024
0140079K,99.7,2023-2024
0141810S,133.2,2023-2024
0150013H,101.5,2023-2024
0170002K,99.1,2023-2024
0170063B,99,2023-2024
0170099R,134.6,2023-2024
0170388E,100.9,2023-2024
0171159T,91.9,2023-2024
0180023C,97.5,2023-2024
0180769N,90.2,2023-2024
0190723H,109.6,2023-2024
0671740C,103,2023-2024
0671825V,68.8,2023-2024
0672078V,111.2,2023-2024
0680022E,113.5,2023-2024
0220003J,93.7,2023-2024
0220054P,103.1,2023-2024
0220162G,96.2,2023-2024
0221537B,99.6,2023-2024
0681394W,85.7,2023-2024
0251395F,66.7,2023-2024
0690626F,109.8,2023-2024
0260029R,82.5,2023-2024
0692578C,81.7,2023-2024
0290032C,103.1,2023-2024
0730762G,122.5,2023-2024
0290247L,101.8,2023-2024
0741757H,101.8,2023-2024
0291594A,122.8,2023-2024
0291639Z,110.8,2023-2024
0752895P,142.5,2023-2024
0300050S,106.1,2023-2024
0755241P,103.8,2023-2024
0301245R,106,2023-2024
0761777U,86.6,2023-2024
0761951H,97.8,2023-2024
0311150G,137.3,2023-2024
0771618R,90.5,2023-2024
0311686P,107.4,2023-2024
0772413E,103.4,2023-2024
0772944G,112.7,2023-2024
0780036R,107.6,2023-2024
0780050F,121.5,2023-2024
0780256E,127.2,2023-2024
0780260J,128.1,2023-2024
0781108F,75.8,2023-2024
0783252L,130.3,2023-2024
0800025T,115.4,2023-2024
0312478A,119.6,2023-2024
0312799Z,112,2023-2024
0330145D,102.6,2023-2024
0331461J,140.2,2023-2024
0341893Y,90.5,2023-2024
0342052W,108.1,2023-2024
0342186S,105.2,2023-2024
0350877N,98,2023-2024
0360022D,95.3,2023-2024
0370799T,113.2,2023-2024
0380021S,99,2023-2024
0380045T,101.5,2023-2024
0381685A,100.7,2023-2024
0381903M,71.1,2023-2024
0382429J,129.5,2023-2024
0390072S,97.7,2023-2024
0400740M,99.9,2023-2024
0410008L,100.7,2023-2024
0410035R,96.6,2023-2024
0410621C,81.3,2023-2024
0410860M,104.7,2023-2024
0421457F,101.6,2023-2024
0421570D,78.1,2023-2024
0440196Z,106.3,2023-2024
0440348P,91,2023-2024
0441941W,122.5,2023-2024
0450784H,92.7,2023-2024
0451365P,111.7,2023-2024
0470067T,105.4,2023-2024
0490022H,85.5,2023-2024
0490039B,91.8,2023-2024
0490042E,79.4,2023-2024
0490844B,117.4,2023-2024
0490873H,108.1,2023-2024
0491024X,105.1,2023-2024
0500046D,102.1,2023-2024
0501218C,87.8,2023-2024
0502008L,112.2,2023-2024
0800050V,87.5,2023-2024
0810002M,102.4,2023-2024
0810126X,89.7,2023-2024
0830075F,103.9,2023-2024
0830162A,114.2,2023-2024
0840852V,119.4,2023-2024
0841027K,117.4,2023-2024
0850106D,108.7,2023-2024
0860017B,94.2,2023-2024
0870048E,96.8,2023-2024
0870960W,84.6,2023-2024
0880114W,99.3,2023-2024
0890790A,85.2,2023-2024
0900295G,102.5,2023-2024
0910025H,98.9,2023-2024
0911754M,112.7,2023-2024
0921168V,93.1,2023-2024
0921353W,103.3,2023-2024
0921545E,84.8,2023-2024
0921547G,99.1,2023-2024
0921868F,112.2,2023-2024
0930586G,99.1,2023-2024
0930858C,98.2,2023-2024
0931191P,101.1,2023-2024
0931213N,84.3,2023-2024
0931220W,84.8,2023-2024
0932272P,77.4,2023-2024
0932310F,79.8,2023-2024
0940792A,80.2,2023-2024
0940809U,134.6,2023-2024
0940810V,141.5,2023-2024
0941103N,89.2,2023-2024
0941782B,119.1,2023-2024
0941971G,100.4,2023-2024
0950895G,89.3,2023-2024
0950933Y,102.7,2023-2024
0951527U,113.5,2023-2024
7200086F,90.3,2023-2024
9710073C,90.7,2023-2024
0511216V,102.4,2023-2024
0511472Y,96.9,2023-2024
0520018M,93.8,2023-2024
0520708M,93,2023-2024
0530793Z,93.8,2023-2024
0541327Z,74.7,2023-2024
0541515D,85.2,2023-2024
0560050A,113.7,2023-2024
0560214D,95.6,2023-2024
0572026T,109.6,2023-2024
0572172B,94.7,2023-2024
0572358D,98.3,2023-2024
0580019F,98.2,2023-2024
0580061B,115.2,2023-2024
0580620J,101.4,2023-2024
0590206D,93,2023-2024
0592896C,131.1,2023-2024
0593233U,95.3,2023-2024
0593235W,90.9,2023-2024
0593240B,91.6,2023-2024
0593482P,83.5,2023-2024
0594527A,100.1,2023-2024
0594866U,131.1,2023-2024
0610714V,101.1,2023-2024
0610745D,88.2,2023-2024
0610918S,111.1,2023-2024
0622128B,112.9,2023-2024
0622136K,104.8,2023-2024
0622272H,85.3,2023-2024
0622418S,75.1,2023-2024
0622431F,81.6,2023-2024
0622434J,88.5,2023-2024
0622576N,66.4,2023-2024
0622947S,94.6,2023-2024
0631100D,114.6,2023-2024
0631111R,114.9,2023-2024
0640036S,117.3,2023-2024
0640069C,98.1,2023-2024
0640607M,116.4,2023-2024
0671697F,90.3,2023-2024
0671960S,102.9,2023-2024
0672128Z,86.4,2023-2024
0672303P,123.6,2023-2024
0672306T,149.8,2023-2024
9720016K,93.6,2023-2024
9720035F,111.7,2023-2024
9720349X,98.4,2023-2024
9720776L,121.2,2023-2024
9730145V,77.3,2023-2024
9730192W,73.9,2023-2024
9740018B,77,2023-2024
9740044E,79.7,2023-2024
9741049X,73.3,2023-2024
0010975E,112,2024-2025
0011151W,140.3,2024-2025
0011301J,116.8,2024-2025
0020090M,79.2,2024-2025
0030004N,104.3,2024-2025
0040044B,94.4,2024-2025
0061131X,69.7,2024-2025
0061795U,116,2024-2025
0090012P,106.6,2024-2025
0100051B,107.7,2024-2025
0110721Z,108.1,2024-2025
0120082Z,105.1,2024-2025
0121430P,120.4,2024-2025
0121500R,117.1,2024-2025
0131260Z,71.4,2024-2025
0131756N,86.4,2024-2025
0132909S,140.9,2024-2025
0133765X,79.6,2024-2025
0141159J,133.9,2024-2025
0141226G,117.6,2024-2025
0141662F,100.1,2024-2025
0141767V,98.6,2024-2025
0150053B,105.8,2024-2025
0160120U,89.5,2024-2025
0170056U,102.5,2024-2025
0170081W,91.4,2024-2025
0171129K,108.2,2024-2025
0180028H,102.2,2024-2025
0180736C,95.8,2024-2025
0190065T,108.3,2024-2025
0190779U,102.2,2024-2025
0211079J,94.7,2024-2025
0211756V,105.4,2024-2025
0220003J,93.4,2024-2025
0220166L,104.6,2024-2025
0221750H,129.8,2024-2025
0240087P,109.1,2024-2025
0241007P,102.5,2024-2025
0681265F,106.5,2023-2024
0681365P,106.4,2023-2024
0681368T,93.9,2023-2024
0690131T,112.1,2023-2024
0691480J,82.9,2023-2024
0691496B,118.8,2023-2024
0691798E,89.7,2023-2024
0692340U,80.6,2023-2024
0692505Y,141,2023-2024
0692520P,89.6,2023-2024
0692924D,135.6,2023-2024
0693243A,136.2,2023-2024
0700005A,99.7,2023-2024
0720058X,95,2023-2024
0731113N,112,2023-2024
0740002A,120.7,2023-2024
0752249M,128,2023-2024
0752250N,137.3,2023-2024
0752524L,134.4,2023-2024
0752550P,135.7,2023-2024
0753387Z,107.8,2023-2024
0753996L,141.1,2023-2024
0251058P,98.4,2024-2025
0760105B,94.4,2023-2024
0260098R,117.4,2024-2025
0761778V,98.5,2023-2024
0762084C,100.4,2023-2024
0271284Z,98.8,2024-2025
0280674F,111.4,2024-2025
0762459K,83,2023-2024
0280993C,139.8,2024-2025
0281038B,112.4,2024-2025
0771337K,84.5,2023-2024
0771615M,102.3,2023-2024
0772573D,103.3,2023-2024
0290297R,126.4,2024-2025
0290307B,105.2,2024-2025
0781589D,158.4,2023-2024
0291928N,125.2,2024-2025
0781600R,150.7,2023-2024
0301827Y,100.2,2024-2025
0790061M,90.1,2023-2024
0790703K,115.1,2023-2024
0791134D,122.4,2023-2024
0800003U,97.3,2023-2024
0801218P,108.7,2023-2024
0331529H,144.1,2024-2025
0810127Y,89,2023-2024
0332806W,131.5,2024-2025
0340051W,85.3,2024-2025
0340110K,133.9,2024-2025
0340897R,115.1,2024-2025
0341368C,123.1,2024-2025
0341387Y,106.3,2024-2025
0350057X,112.3,2024-2025
0350855P,127.9,2024-2025
0350875L,104.1,2024-2025
0350892E,113.2,2024-2025
0350896J,104.8,2024-2025
0381685A,99.5,2024-2025
0381779C,110.9,2024-2025
0382039K,117.5,2024-2025
0383141H,115.4,2024-2025
0383494S,92.2,2024-2025
0383542U,109.2,2024-2025
0390004T,104,2024-2025
0390028U,91.4,2024-2025
0390798F,101.3,2024-2025
0400011V,103.4,2024-2025
0400039A,109.5,2024-2025
0410005H,111.8,2024-2025
0410686Y,106.4,2024-2025
0420038N,106.4,2024-2025
0421082Y,104.2,2024-2025
0820683X,106.2,2023-2024
0830002B,98.6,2023-2024
0430027W,109.3,2024-2025
0831198B,122.1,2023-2024
0840760V,86.7,2023-2024
0840926A,117.5,2023-2024
0850066K,95.9,2023-2024
0850090L,113.1,2023-2024
0850092N,112.7,2023-2024
0851146J,92.4,2023-2024
0851158X,108.9,2023-2024
0851295W,125.4,2023-2024
0870009M,101.5,2023-2024
0870865T,129.5,2023-2024
0880096B,107.2,2023-2024
0881103W,92.7,2023-2024
0890014G,102.3,2023-2024
0891054M,122,2023-2024
0911127F,91.8,2023-2024
0911335G,124.3,2023-2024
0912109Y,121.4,2023-2024
0921012A,136.2,2023-2024
0921018G,158.6,2023-2024
0490023J,94.2,2024-2025
0921554P,140.8,2023-2024
0921589C,81.4,2023-2024
0501242D,91.4,2024-2025
0501701C,121.2,2024-2025
0931490P,72.3,2023-2024
0931711E,85.7,2023-2024
0502008L,112.1,2024-2025
0511144S,112.9,2024-2025
0931883S,84,2023-2024
0520026W,108.3,2024-2025
0932860D,151.6,2023-2024
0520733P,109.3,2024-2025
0940101Z,121.2,2023-2024
0940788W,130.8,2023-2024
0541501N,94.9,2024-2025
0560010G,94.2,2024-2025
0941603G,88.8,2023-2024
0560050A,113.3,2024-2025
0942187S,120.2,2023-2024
0950788R,131.1,2023-2024
0561403W,104.2,2024-2025
0951817J,118.6,2023-2024
0951919V,114.5,2023-2024
0952080V,129.7,2023-2024
0572587C,84.8,2024-2025
9710029E,93.8,2023-2024
0590058T,81,2024-2025
0590179Z,104.8,2024-2025
9720449F,100.6,2023-2024
0593155J,120.3,2024-2025
9740546A,92.4,2023-2024
9740574F,70.7,2023-2024
9740651P,77.6,2023-2024
9741323V,82.6,2023-2024
0622792Y,93.1,2024-2025
0630007R,117.4,2024-2025
0630010U,103.5,2024-2025
0010796K,113.5,2024-2025
0630045G,106.2,2024-2025
0631083K,108.6,2024-2025
0640005H,105.7,2024-2025
0640151S,112.5,2024-2025
0021721K,96.3,2024-2025
0650017R,107,2024-2025
0021989B,99.2,2024-2025
0671598Y,102.1,2024-2025
0030021G,91.4,2024-2025
0030042E,110.2,2024-2025
0040524Y,111.8,2024-2025
0060072W,107.2,2024-2025
0691669P,87.5,2024-2025
0691793Z,81,2024-2025
0081104G,94,2024-2025
0692696F,125.1,2024-2025
0692924D,137.1,2024-2025
0120019F,100.4,2024-2025
0711146K,94.6,2024-2025
0120622L,90.1,2024-2025
0711348E,92.8,2024-2025
0130163G,98.8,2024-2025
0721261E,117.6,2024-2025
0131884C,71.4,2024-2025
0730853F,111.4,2024-2025
0133115R,139.6,2024-2025
0731224J,100,2024-2025
0141642J,99.3,2024-2025
0741514U,104.4,2024-2025
0170970M,120.9,2024-2025
0190004B,104.6,2024-2025
0190023X,107.1,2024-2025
0210024M,100.6,2024-2025
0210030U,96.4,2024-2025
0211081L,126.4,2024-2025
0211096C,89.8,2024-2025
0220104U,117,2024-2025
0221509W,91.1,2024-2025
0221518F,103.8,2024-2025
0221537B,99,2024-2025
0230010L,101.7,2024-2025
0230014R,100.6,2024-2025
0240996C,93.4,2024-2025
0260005P,111.7,2024-2025
0260096N,110.7,2024-2025
0261030D,112.3,2024-2025
0750575T,96.3,2024-2025
0750607C,116.3,2024-2025
0751707Y,101,2024-2025
0752526N,145.3,2024-2025
0753046D,101.6,2024-2025
0753518S,108.1,2024-2025
0753985Z,134.5,2024-2025
0755095F,113.7,2024-2025
0761699J,99.7,2024-2025
0761783A,69.2,2024-2025
0762093M,90.6,2024-2025
0762133F,90.6,2024-2025
0762287Y,90,2024-2025
0762598L,109.1,2024-2025
0762861X,90.1,2024-2025
0771233X,121.7,2024-2025
0771339M,81.9,2024-2025
0271289E,86.5,2024-2025
0271533V,101.7,2024-2025
0290243G,118.5,2024-2025
0772946J,105.9,2024-2025
0300042H,103.7,2024-2025
0300101X,133.2,2024-2025
0780577D,82.9,2024-2025
0310031R,99.8,2024-2025
0781916J,96.5,2024-2025
0311964S,150.1,2024-2025
0783463R,92.5,2024-2025
0313168A,121.9,2024-2025
0801208D,126,2024-2025
0330017P,109.2,2024-2025
0801369D,87.4,2024-2025
0332244K,130.5,2024-2025
0801489J,91.7,2024-2025
0333484H,101.2,2024-2025
0811030E,103.7,2024-2025
0341870Y,112.7,2024-2025
0811067V,110.1,2024-2025
0350773A,133.6,2024-2025
0820824A,98.7,2024-2025
0351852Y,111.3,2024-2025
0831053U,87.7,2024-2025
0831196Z,129.4,2024-2025
0370051E,99.4,2024-2025
0840583C,89.5,2024-2025
0840853W,121.9,2024-2025
0841019B,113.3,2024-2025
0380072X,107.2,2024-2025
0860045G,93.3,2024-2025
0381696M,141.6,2024-2025
0870072F,87.6,2024-2025
0382100B,142.2,2024-2025
0880098D,121.4,2024-2025
0881386D,97.8,2024-2025
0910016Y,106.7,2024-2025
0410013S,95.7,2024-2025
0410566T,97.7,2024-2025
0410714D,89.5,2024-2025
0410792N,109,2024-2025
0421041D,103.8,2024-2025
0421797A,114.9,2024-2025
0430086K,111.5,2024-2025
0430899U,112.2,2024-2025
0430903Y,114.3,2024-2025
0440184L,122.5,2024-2025
0441548U,114.8,2024-2025
0442417N,121.4,2024-2025
0443021V,101.7,2024-2025
0451544J,86.4,2024-2025
0460008J,106,2024-2025
0910718L,93.9,2024-2025
0470774L,90.4,2024-2025
0911747E,124.4,2024-2025
0911750H,137.9,2024-2025
0491825T,111.7,2024-2025
0912257J,99.4,2024-2025
0920877D,127.1,2024-2025
0921015D,151,2024-2025
0520822L,89.8,2024-2025
0530803K,98.6,2024-2025
0931764M,127.4,2024-2025
0931883S,84.8,2024-2025
0932262D,81,2024-2025
0550703R,98,2024-2025
0940583Y,116.1,2024-2025
0941021Z,86.7,2024-2025
0941037S,97.1,2024-2025
0941092B,80.2,2024-2025
0941601E,89.9,2024-2025
0560154N,104.2,2024-2025
0942119T,112.8,2024-2025
0950739M,90.4,2024-2025
0570091P,104.7,2024-2025
0570317K,85.6,2024-2025
0572009Z,90.4,2024-2025
0952140K,99.2,2024-2025
0952282P,93.3,2024-2025
6200041A,98.6,2024-2025
0572809U,105.7,2024-2025
0572923T,120,2024-2025
0573268T,72.1,2024-2025
0590109Y,71.4,2024-2025
0590142J,114.3,2024-2025
9730380A,71.6,2024-2025
0592907P,78.3,2024-2025
9741190A,84.4,2024-2025
0593157L,108.4,2024-2025
0594290T,83.4,2024-2025
0594538M,86.7,2024-2025
0594872A,104.7,2024-2025
0595712N,90.4,2024-2025
0601145U,138.9,2024-2025
0601524F,76.1,2024-2025
0610016L,101,2024-2025
0610710R,102.9,2024-2025
0620165T,96.9,2024-2025
0622239X,85.1,2024-2025
0622422W,87.2,2024-2025
0631482U,92.8,2024-2025
0640048E,103.1,2024-2025
0640133X,139.6,2024-2025
0673079H,134.1,2024-2025
0680019B,103.2,2024-2025
0690070B,104,2024-2025
0691670R,101,2024-2025
0692155T,97.6,2024-2025
0692929J,136.1,2024-2025
0694191F,135,2024-2025
0711052H,103.7,2024-2025
0711135Y,90.9,2024-2025
0711293V,101.7,2024-2025
0720015A,98,2024-2025
0721093X,96.4,2024-2025
0730007L,115.3,2024-2025
0740116Z,129.9,2024-2025
0741165P,83.3,2024-2025
0752192A,120.3,2024-2025
0762202F,96.6,2024-2025
0762565A,130.7,2024-2025
0772246Y,99.8,2024-2025
0772589W,110.7,2024-2025
0772867Y,126.8,2024-2025
0780184B,143.5,2024-2025
0190780V,121.4,2023-2024
0211096C,86.3,2023-2024
0211225T,70.3,2023-2024
0680101R,112,2023-2024
0240924Z,105.6,2023-2024
0690578D,123.9,2023-2024
0251556F,109.3,2023-2024
0691673U,91.1,2023-2024
0270025F,92,2023-2024
0710064J,100,2023-2024
0711777W,117.2,2023-2024
0290053A,101.4,2023-2024
0740038P,100.5,2023-2024
0740071A,95.2,2023-2024
0291591X,111.6,2023-2024
0752545J,130.2,2023-2024
0752551R,115.4,2023-2024
0752693V,129.2,2023-2024
0300032X,108.7,2023-2024
0752902X,152.2,2023-2024
0300101X,134,2023-2024
0761704P,90.5,2023-2024
0301325C,102.1,2023-2024
0310035V,106.9,2023-2024
0762091K,115.3,2023-2024
0762738N,90.3,2023-2024
0771363N,104.3,2023-2024
0311330C,123,2023-2024
0771657H,100.6,2023-2024
0312092F,130.3,2023-2024
0250056A,80.1,2024-2025
0251057N,117.1,2024-2025
0755095F,111.6,2023-2024
0251063V,120.9,2024-2025
0251556F,107.7,2024-2025
0761703N,75.2,2023-2024
0260978X,93,2024-2025
0271060F,115.6,2024-2025
0271119V,94.3,2024-2025
0762087F,92,2023-2024
0762227H,107.1,2023-2024
0280866P,96.8,2024-2025
0771222K,128.6,2023-2024
0290021R,113.3,2024-2025
0290131K,101.6,2024-2025
0780033M,139.9,2023-2024
0780579F,117.5,2023-2024
0291879K,119.1,2024-2025
0781591F,152.5,2023-2024
0301325C,102.4,2024-2025
0781915H,118.8,2023-2024
0310092G,121.6,2024-2025
0311237B,118,2024-2025
0311573S,132.1,2024-2025
0311967V,141.6,2024-2025
0312220V,124.5,2024-2025
0312423R,103.5,2024-2025
0312697N,112.5,2024-2025
0320027F,95.9,2024-2025
0320562M,108.7,2024-2025
0331524C,120.3,2024-2025
0810044H,108.6,2023-2024
0810051R,110.4,2023-2024
0331621H,83.8,2024-2025
0811197L,95.7,2023-2024
0421171V,113.1,2024-2025
0830163B,89,2023-2024
0440028S,102.2,2024-2025
0440210P,117.9,2024-2025
0441822S,132.3,2024-2025
0442759K,109.4,2024-2025
0450784H,89.1,2024-2025
0450790P,89.5,2024-2025
0451316L,121.9,2024-2025
0460573Y,103.3,2024-2025
0470031D,104.9,2024-2025
0470073Z,96.5,2024-2025
0470811B,115.9,2024-2025
0921219A,111.8,2023-2024
0491024X,107.7,2024-2025
0921915G,157.4,2023-2024
0930903B,97.5,2023-2024
0931151W,99.5,2023-2024
0931439J,112.9,2023-2024
0501799J,111.2,2024-2025
0931765N,78.5,2023-2024
0520023T,95,2024-2025
0932652C,116.9,2023-2024
0520040L,96.8,2024-2025
0940090M,112,2023-2024
0520968V,108,2024-2025
0530584X,85.6,2024-2025
0940807S,126.1,2023-2024
0941025D,86.1,2023-2024
0941221S,114.5,2023-2024
0560032F,86.4,2024-2025
0941781A,97.1,2023-2024
0560142A,103.6,2024-2025
0561384A,107.9,2024-2025
0951672B,107.7,2023-2024
0561940E,120.1,2024-2025
0572026T,109.4,2024-2025
0952087C,101.5,2023-2024
0580023K,109.3,2024-2025
9710826W,90.9,2023-2024
9720019N,92.1,2023-2024
0593149C,97,2024-2025
9730130D,81.4,2023-2024
9730247F,67.3,2023-2024
0593241C,105.5,2024-2025
0593658F,95.6,2024-2025
0594309N,72,2024-2025
0594362W,65.8,2024-2025
0594405T,84.9,2024-2025
0594527A,100.9,2024-2025
0594879H,86.5,2024-2025
0601178E,79.6,2024-2025
0601191U,92.9,2024-2025
0601292D,97.2,2024-2025
0601487R,98.2,2024-2025
0610958K,92.3,2024-2025
0620016F,110,2024-2025
0620026S,94.9,2024-2025
0620088J,88.1,2024-2025
0620197C,94.3,2024-2025
0622083C,114.7,2024-2025
0622087G,79.6,2024-2025
0622112J,100.5,2024-2025
0622134H,124,2024-2025
0622431F,77.6,2024-2025
0622575M,97.5,2024-2025
0622578R,93.4,2024-2025
9760179R,79,2023-2024
0010066S,116.2,2024-2025
0630038Z,111.3,2024-2025
0010823P,96.6,2024-2025
0020072T,77,2024-2025
0641411L,111.9,2024-2025
0021823W,85.2,2024-2025
0650738Z,106.2,2024-2025
0022131F,101.2,2024-2025
0671825V,69.2,2024-2025
0672136H,93.3,2024-2025
0680006M,100.7,2024-2025
0681190Z,112.2,2024-2025
0690624D,133.2,2024-2025
0061738G,113.3,2024-2025
0071168G,96.5,2024-2025
0692695E,100,2024-2025
0100011H,100,2024-2025
0100665U,97.2,2024-2025
0100806X,101.4,2024-2025
0100947A,85.8,2024-2025
0110859Z,95.2,2024-2025
0700895T,100.9,2024-2025
0120091J,102.3,2024-2025
0711323C,83.4,2024-2025
0121256A,111.9,2024-2025
0720906U,99.2,2024-2025
0131700C,108.4,2024-2025
0730045C,109.9,2024-2025
0131922U,83.7,2024-2025
0730904L,94.2,2024-2025
0141315D,81.8,2024-2025
0740041T,105.5,2024-2025
0170113F,117.9,2024-2025
0271065L,119,2024-2025
0771620T,105.5,2024-2025
0771657H,100.6,2024-2025
0290286D,113.1,2024-2025
0780210E,125.2,2024-2025
0780507C,122.7,2024-2025
0301211D,93.2,2024-2025
0780579F,118.6,2024-2025
0780847X,125.2,2024-2025
0781098V,101,2024-2025
0311338L,113.2,2024-2025
0781955B,84,2024-2025
0312868Z,110.2,2024-2025
0790089T,115.7,2024-2025
0320010M,94.1,2024-2025
0801326G,102.8,2024-2025
0331663D,123,2024-2025
0801487G,87.4,2024-2025
0333129X,102.6,2024-2025
0810002M,101.3,2024-2025
0341826A,134.4,2024-2025
0811032G,112.2,2024-2025
0350041E,87.7,2024-2025
0820754Z,119.1,2024-2025
0350854N,124.3,2024-2025
0830002B,99,2024-2025
0352959B,122.8,2024-2025
0360510J,104.2,2024-2025
0831474B,110.4,2024-2025
0370991B,100.4,2024-2025
0371192V,94.4,2024-2025
0380011F,101.1,2024-2025
0851220P,108.1,2024-2025
0380356F,99.9,2024-2025
0860762L,101.3,2024-2025
0382098Z,118.6,2024-2025
0870684W,110.3,2024-2025
0382428H,99,2024-2025
0383260M,121.4,2024-2025
0910717K,102.3,2024-2025
0470014K,97.7,2024-2025
0911127F,89.9,2024-2025
0490876L,103.8,2024-2025
0490953V,84.2,2024-2025
0911752K,135.4,2024-2025
0500047E,93.8,2024-2025
0511178D,125.7,2024-2025
0520706K,89.7,2024-2025
0921160L,87.4,2024-2025
0921237V,125.5,2024-2025
0931216S,72,2024-2025
0931229F,80.5,2024-2025
0540013W,110.1,2024-2025
0540106X,121.9,2024-2025
0541288G,81.1,2024-2025
0940575P,100.1,2024-2025
0550804A,97.4,2024-2025
0550848Y,101.4,2024-2025
0560143B,103.8,2024-2025
0941709X,121,2024-2025
0560174K,93.7,2024-2025
0570026U,95.1,2024-2025
0951102G,109.4,2024-2025
0951725J,107.3,2024-2025
0952127W,107.8,2024-2025
0572017H,84.5,2024-2025
0572021M,96,2024-2025
0572586B,107,2024-2025
9720012F,92.2,2024-2025
9720412R,79.2,2024-2025
9720447D,91.2,2024-2025
9730193X,72.1,2024-2025
9730306V,84.7,2024-2025
0592886S,78.4,2024-2025
9740651P,75.7,2024-2025
0592924H,117.7,2024-2025
9741261C,74.5,2024-2025
9741262D,83.3,2024-2025
9760183V,90.4,2024-2025
0595382E,124.2,2024-2025
0622579S,104.9,2024-2025
0622866D,91.5,2024-2025
0640019Y,115.3,2024-2025
0640110X,126.1,2024-2025
0660480N,94.3,2024-2025
0660522J,66.5,2024-2025
0660864F,107,2024-2025
0680065B,87.5,2024-2025
0690584K,135.9,2024-2025
0691675W,94.5,2024-2025
0692410V,101.6,2024-2025
0693287Y,107.8,2024-2025
0710039G,99.3,2024-2025
0720838V,133.7,2024-2025
0721408P,100.5,2024-2025
0730023D,106.3,2024-2025
0740157U,97.7,2024-2025
0741442R,128.8,2024-2025
0752547L,107.5,2024-2025
0760172Z,96.3,2024-2025
0761338S,119.6,2024-2025
0762286X,102.4,2024-2025
0762816Y,119.2,2024-2025
0772573D,101.9,2024-2025
0780112Y,141.2,2024-2025
0780116C,87,2024-2025
0780571X,100.2,2024-2025
0783338E,144.2,2024-2025
0791014Y,109.4,2024-2025
0800022P,91.9,2024-2025
0800033B,88.7,2024-2025
0801375K,92,2024-2025
0801443J,81.5,2024-2025
0801510G,90,2024-2025
0810019F,108,2024-2025
0810051R,108.3,2024-2025
0810089G,108.4,2024-2025
0830013N,101.1,2024-2025
0830929J,94.9,2024-2025
0830955M,79.9,2024-2025
0831012Z,104.1,2024-2025
0840032D,96.1,2024-2025
0840716X,90.5,2024-2025
0840761W,72.2,2024-2025
0850063G,98.9,2024-2025
0850148Z,112.6,2024-2025
0851163C,84.3,2024-2025
0851191H,107.3,2024-2025
0870032M,111.1,2024-2025
0880041S,99.5,2024-2025
0880065T,93.2,2024-2025
0890822K,86.7,2024-2025
0891043A,109.1,2024-2025
0910827E,138.3,2024-2025
0911015J,137,2024-2025
0911152H,100.3,2024-2025
0911256W,115.8,2024-2025
0911441X,102.8,2024-2025
0911490A,103.8,2024-2025
0912000E,133.3,2024-2025
0921003R,126.2,2024-2025
0921353W,104.7,2024-2025
0921502H,140.3,2024-2025
0921913E,159.9,2024-2025
0922143E,134.6,2024-2025
0930892P,94.1,2024-2025
0930902A,96.6,2024-2025
0931188L,79,2024-2025
0931230G,84.2,2024-2025
0931490P,71.7,2024-2025
0932263E,81.8,2024-2025
0940617K,100.3,2024-2025
0940748C,129.4,2024-2025
0940791Z,83.7,2024-2025
0940792A,79.8,2024-2025
0940794C,75.1,2024-2025
0940892J,123.7,2024-2025
0941026E,91.6,2024-2025
0941714C,156,2024-2025
0950723V,65.8,2024-2025
0951100E,107.5,2024-2025
0951196J,78.9,2024-2025
9710405N,84.9,2024-2025
9710710V,84.1,2024-2025
9720469C,106.9,2024-2025
9730020J,73.2,2024-2025
9730179G,113,2024-2025
9730373T,70.3,2024-2025
9740596E,83.6,2024-2025
0021778X,86.5,2023-2024
0040017X,99.4,2023-2024
0040052K,99.8,2023-2024
0060720A,126.7,2023-2024
0061175V,108.2,2023-2024
0061826C,104.6,2023-2024
0070017F,108.9,2023-2024
0071168G,96.8,2023-2024
0080011U,106.3,2023-2024
0081102E,99.9,2023-2024
0090010M,112.2,2023-2024
0090055L,100.3,2023-2024
0090546V,98.1,2023-2024
0100005B,92.2,2023-2024
0100019S,86.7,2023-2024
0100054E,113.3,2023-2024
0100787B,85.3,2023-2024
0120017D,105.4,2023-2024
0120080X,111.5,2023-2024
0131366P,115.2,2023-2024
0131607B,98.7,2023-2024
0131888G,98.9,2023-2024
0132315W,88.1,2023-2024
0132491M,75.1,2023-2024
0132785G,62.1,2023-2024
0132921E,128.2,2023-2024
0133374X,129.9,2023-2024
0133775H,77.7,2023-2024
0133986M,106.4,2023-2024
0140051E,115.6,2023-2024
0140075F,107.1,2023-2024
0140087U,121.9,2023-2024
0141136J,88.5,2023-2024
0141212S,114.4,2023-2024
0141214U,99.7,2023-2024
0141257R,84,2023-2024
0141271F,114.4,2023-2024
0160032Y,100.6,2023-2024
0170047J,106.5,2023-2024
0171211Z,119,2023-2024
0211034K,127,2023-2024
0211070Z,125.9,2023-2024
0220008P,84.1,2023-2024
0220150U,103.4,2023-2024
0220154Y,105,2023-2024
0221512Z,108.6,2023-2024
0240106K,89.1,2023-2024
0260032U,92.5,2023-2024
0260033V,104.8,2023-2024
0261095Z,99.3,2023-2024
0271056B,109,2023-2024
0271322R,107.3,2023-2024
0271336F,100.1,2023-2024
0280867R,96.1,2023-2024
0290047U,109.7,2023-2024
0290149E,74.4,2023-2024
0301232B,111.5,2023-2024
0301721H,108.2,2023-2024
0310023G,97.3,2023-2024
0311144A,143.9,2023-2024
0311162V,121.5,2023-2024
0311168B,119.9,2023-2024
0311580Z,107.6,2023-2024
0311851U,98.7,2023-2024
0312743N,130.1,2023-2024
0331619F,80.8,2023-2024
0332340P,108.9,2023-2024
0332486Y,120.4,2023-2024
0333108Z,114.1,2023-2024
0333531J,82.8,2023-2024
0340086J,118.9,2023-2024
0340109J,73.8,2023-2024
0340119V,98.8,2023-2024
0340996Y,70.3,2023-2024
0342130F,98.7,2023-2024
0350033W,132.4,2023-2024
0350051R,114.3,2023-2024
0350851K,110.4,2023-2024
0351785A,109.8,2023-2024
0351847T,113.2,2023-2024
0352957Z,107,2023-2024
0360037V,98.8,2023-2024
0370738B,100.7,2023-2024
0380011F,100.9,2023-2024
0380013H,83,2023-2024
0380026X,111.6,2023-2024
0381692H,113.8,2023-2024
0381706Y,122.5,2023-2024
0382428H,98.9,2023-2024
0383301G,111.6,2023-2024
0390081B,93.2,2023-2024
0390783P,99.6,2023-2024
0390923S,115.9,2023-2024
0390924T,86.3,2023-2024
0400028N,100.7,2023-2024
0400728Z,108.6,2023-2024
0410686Y,103.5,2023-2024
0420062P,101.3,2023-2024
0421016B,88.6,2023-2024
0421734G,118.3,2023-2024
0421804H,123.4,2023-2024
0430052Y,111.7,2023-2024
0440045K,137.8,2023-2024
0440182J,112.2,2023-2024
0441658N,110.6,2023-2024
0441933M,141.1,2023-2024
0450006M,93.9,2023-2024
0450007N,99.3,2023-2024
0450063Z,101.3,2023-2024
0451038J,97.4,2023-2024
0460528Z,107.8,2023-2024
0470008D,95.2,2023-2024
0470012H,96.5,2023-2024
0470023V,100.1,2023-2024
0470066S,123.8,2023-2024
0470677F,89.4,2023-2024
0470678G,90.6,2023-2024
0490856P,111.2,2023-2024
0490922L,103.2,2023-2024
0490953V,85,2023-2024
0491260D,105.5,2023-2024
0500034R,100.3,2023-2024
0500050H,96.5,2023-2024
0500139E,104.1,2023-2024
0501301T,92.7,2023-2024
0510011K,94.2,2023-2024
0510030F,106.7,2023-2024
0511173Y,113.2,2023-2024
0511176B,109.1,2023-2024
0540088C,70,2023-2024
0541284C,109.2,2023-2024
0541470E,102.8,2023-2024
0541569M,99.5,2023-2024
0541990V,105.7,2023-2024
0550007J,97.7,2023-2024
0550014S,89.2,2023-2024
0550055L,113,2023-2024
0550758A,79.3,2023-2024
0560102G,102.5,2023-2024
0560118Z,125.4,2023-2024
0560174K,90.2,2023-2024
0570074W,94.7,2023-2024
0570128E,120.9,2023-2024
0571994H,109.1,2023-2024
0572019K,96.1,2023-2024
0580017D,101,2023-2024
0590007M,90.4,2023-2024
0590142J,112.6,2023-2024
0592924H,109.4,2023-2024
0592933T,121.7,2023-2024
0592946G,103,2023-2024
0593103C,99,2023-2024
0594288R,69.4,2023-2024
0594299C,68.5,2023-2024
0594644C,94.3,2023-2024
0594833H,111.3,2023-2024
0595178H,94.9,2023-2024
0596988A,104.8,2023-2024
0600050D,118.3,2023-2024
0601176C,99.4,2023-2024
0601447X,102.3,2023-2024
0610699D,104.7,2023-2024
0611092F,111.5,2023-2024
0620004T,94.2,2023-2024
0620156H,99.1,2023-2024
0620170Y,74.7,2023-2024
0620172A,102,2023-2024
0622104A,117.2,2023-2024
0622420U,75,2023-2024
0622424Y,75.9,2023-2024
0622427B,113.9,2023-2024
0630017B,118.3,2023-2024
0631411S,100.3,2023-2024
0631763Z,104.6,2023-2024
0640110X,123.7,2023-2024
0640212H,121.4,2023-2024
0641657D,120.9,2023-2024
0650034J,90.7,2023-2024
0650075D,105.1,2023-2024
0650880D,119.2,2023-2024
0671907J,74.9,2023-2024
0672765S,93.8,2023-2024
0680065B,88.9,2023-2024
0680071H,99.8,2023-2024
0681541F,96.1,2023-2024
0681747E,82.3,2023-2024
0690007H,99.3,2023-2024
0691479H,78.1,2023-2024
0691645N,80.7,2023-2024
0692928H,152.3,2023-2024
0692933N,137.8,2023-2024
0693046L,126,2023-2024
0694007F,103.2,2023-2024
0710038F,105.4,2023-2024
0710061F,101.4,2023-2024
0710110J,126.5,2023-2024
0720053S,90.6,2023-2024
0720800D,101.3,2023-2024
0721304B,99.9,2023-2024
0721405L,112.5,2023-2024
0721608G,107.4,2023-2024
0721657K,112.9,2023-2024
0730901H,75.8,2023-2024
0740029E,111.4,2023-2024
0741139L,85.4,2023-2024
0750478M,104.9,2023-2024
0752316K,112.9,2023-2024
0752385K,100.6,2023-2024
0752843H,155.9,2023-2024
0752897S,147.6,2023-2024
0755029J,111.3,2023-2024
0760026R,83.5,2023-2024
0761325C,98.8,2023-2024
0761734X,109,2023-2024
0761782Z,70.2,2023-2024
0762086E,99.8,2023-2024
0762919K,77.1,2023-2024
0771173G,100,2023-2024
0771177L,108.8,2023-2024
0771912K,104.5,2023-2024
0772091E,107.5,2023-2024
0772714G,116.5,2023-2024
0780847X,126.5,2023-2024
0781205L,125.7,2023-2024
0781977A,76.3,2023-2024
0790065S,101,2023-2024
0790071Y,106.4,2023-2024
0800004V,107.4,2023-2024
0800037F,89.9,2023-2024
0801219R,127.8,2023-2024
0801326G,102.9,2023-2024
0801510G,89.7,2023-2024
0802134K,81.9,2023-2024
0820755A,118.5,2023-2024
0830836H,115.7,2023-2024
0831052T,94.5,2023-2024
0840032D,97.9,2023-2024
0850024P,90.6,2023-2024
0850147Y,96.2,2023-2024
0870047D,96,2023-2024
0870816P,119.3,2023-2024
0880068W,102.4,2023-2024
0880098D,123,2023-2024
0890038H,94.6,2023-2024
0910716J,84,2023-2024
0911042N,86.4,2023-2024
0911152H,98.5,2023-2024
0911572P,123.5,2023-2024
0921228K,95.3,2023-2024
0921238W,109.3,2023-2024
0921786S,132,2023-2024
0921902T,158.1,2023-2024
0921916H,159.7,2023-2024
0930893R,79.5,2023-2024
0931204D,74.8,2023-2024
0931218U,81.2,2023-2024
0932578X,105.1,2023-2024
0940879V,142.6,2023-2024
0941021Z,84.5,2023-2024
0941024C,95,2023-2024
0941044Z,83.3,2023-2024
0941234F,105,2023-2024
0950722U,87.5,2023-2024
0950749Y,72.9,2023-2024
0950888Z,82,2023-2024
0951220K,96.4,2023-2024
0951232Y,120,2023-2024
0951696C,117.9,2023-2024
0951754R,116.8,2023-2024
0951823R,122.9,2023-2024
0952036X,75.3,2023-2024
6200041A,97.6,2023-2024
7200053V,98,2023-2024
7200160L,93.4,2023-2024
9710021W,97.3,2023-2024
9710039R,93.8,2023-2024
9710086S,92,2023-2024
9710661S,70.3,2023-2024
9711023K,93.1,2023-2024
9720455M,119.3,2023-2024
9720682J,82.2,2023-2024
9730193X,73.2,2023-2024
9740841W,69,2023-2024
9741188Y,96.6,2023-2024
9741208V,73.8,2023-2024
9741546M,116.8,2023-2024
9741763Y,111,2023-2024
9760166B,78.5,2023-2024
9760219J,79.3,2023-2024
9760368W,58,2023-2024
0010820L,106.6,2024-2025
0011068F,93.4,2024-2025
0020017H,96.1,2024-2025
0040021B,103.9,2024-2025
0040051J,105.4,2024-2025
0050520N,107.9,2024-2025
0060744B,112.8,2024-2025
0061723R,99.1,2024-2025
0070086F,100,2024-2025
0070860X,110.9,2024-2025
0080105W,77.9,2024-2025
0090007J,93.7,2024-2025
0100664T,106.2,2024-2025
0110025T,114.9,2024-2025
0120055V,105.4,2024-2025
0121295T,103.6,2024-2025
0130028K,123.5,2024-2025
0130093F,98,2024-2025
0130110Z,111.1,2024-2025
0130136C,77.3,2024-2025
0131262B,76.6,2024-2025
0131689R,97,2024-2025
0131888G,101.6,2024-2025
0132323E,86.1,2024-2025
0132730X,63.3,2024-2025
0133243E,120,2024-2025
0140070A,90.3,2024-2025
0141167T,110.5,2024-2025
0141863Z,130.6,2024-2025
0150005Z,95.7,2024-2025
0150666T,101.5,2024-2025
0160100X,73.7,2024-2025
0160866E,98.4,2024-2025
0170102U,126,2024-2025
0171120A,105.3,2024-2025
0180591V,107.5,2024-2025
0180644C,98.8,2024-2025
0210041F,110.1,2024-2025
0210053U,103.2,2024-2025
0211626D,125.7,2024-2025
0220054P,102.8,2024-2025
0221594N,99.6,2024-2025
0230487E,100.3,2024-2025
0240962R,98,2024-2025
0251129S,106.7,2024-2025
0260003M,121.7,2024-2025
0260117L,86.1,2024-2025
0260789S,90.1,2024-2025
0261093X,112.6,2024-2025
0271104D,93.2,2024-2025
0271288D,101.8,2024-2025
0271632C,96.3,2024-2025
0280016R,106.6,2024-2025
0290065N,108.4,2024-2025
0290256W,109.8,2024-2025
0290316L,106.8,2024-2025
0291639Z,113.9,2024-2025
0300949U,107.4,2024-2025
0310019C,95.1,2024-2025
0312698P,130.2,2024-2025
0320650H,121.8,2024-2025
0330084M,107.5,2024-2025
0330138W,95.6,2024-2025
0331435F,119.6,2024-2025
0331759H,115.3,2024-2025
0332743C,126.8,2024-2025
0340893L,128.6,2024-2025
0340904Y,127.2,2024-2025
0341032M,90.2,2024-2025
0341388Z,101.1,2024-2025
0341825Z,104.5,2024-2025
0350044H,98.5,2024-2025
0350867C,128.2,2024-2025
0352448W,113.9,2024-2025
0352957Z,106.5,2024-2025
0360544W,90.4,2024-2025
0360718K,99.6,2024-2025
0371209N,107.1,2024-2025
0380067S,115.9,2024-2025
0381667F,114.5,2024-2025
0382032C,76.8,2024-2025
0382043P,93,2024-2025
0382663N,120.2,2024-2025
0390022M,107.7,2024-2025
0400034V,99.4,2024-2025
0410024D,102.6,2024-2025
0410918A,132,2024-2025
0421678W,78.4,2024-2025
0430909E,103,2024-2025
0430917N,89.9,2024-2025
0440066H,110.8,2024-2025
0440207L,115.8,2024-2025
0440211R,97.4,2024-2025
0440422V,139,2024-2025
0441934N,150.1,2024-2025
0450045E,103.9,2024-2025
0451499K,99.8,2024-2025
0451735S,119.4,2024-2025
0470067T,106.7,2024-2025
0470732R,100.9,2024-2025
0480006W,110.2,2024-2025
0480034B,98.9,2024-2025
0480038F,111.9,2024-2025
0490037Z,87.8,2024-2025
0490857R,115.3,2024-2025
0490875K,109.4,2024-2025
0491675E,73.6,2024-2025
0500042Z,95.4,2024-2025
0500046D,101,2024-2025
0510048A,122.3,2024-2025
0511567B,99,2024-2025
0530914F,109.9,2024-2025
0540001H,96.8,2024-2025
0540011U,93.2,2024-2025
0541210X,106.9,2024-2025
0541325X,109.7,2024-2025
0560034H,112.1,2024-2025
0560104J,132.4,2024-2025
0560168D,112,2024-2025
0561616C,112.5,2024-2025
0572020L,99.2,2024-2025
0572187T,89.9,2024-2025
0572488V,88.9,2024-2025
0572496D,105.3,2024-2025
0590155Y,98.1,2024-2025
0592713D,109,2024-2025
0592896C,138.3,2024-2025
0592917A,149.3,2024-2025
0592950L,120.2,2024-2025
0593120W,101.7,2024-2025
0593254S,67.6,2024-2025
0594632P,91.1,2024-2025
0595172B,115.1,2024-2025
0595178H,97.7,2024-2025
0595286A,154.8,2024-2025
0595390N,93.7,2024-2025
0595400Z,130.7,2024-2025
0601189S,94.4,2024-2025
0601296H,93.3,2024-2025
0601847G,108.5,2024-2025
0611022E,87.1,2024-2025
0622109F,109.9,2024-2025
0622140P,124.9,2024-2025
0622863A,97.8,2024-2025
0622868F,73.2,2024-2025
0622907Y,77.9,2024-2025
0623312N,90.1,2024-2025
0623865P,111.6,2024-2025
0630017B,119.5,2024-2025
0631081H,124.2,2024-2025
0631099C,110,2024-2025
0631109N,97.1,2024-2025
0631161V,95.8,2024-2025
0640036S,118.9,2024-2025
0640039V,99.2,2024-2025
0640169L,111.3,2024-2025
0640211G,98.9,2024-2025
0641559X,103.8,2024-2025
0641659F,124.1,2024-2025
0642006H,118.5,2024-2025
0650015N,93.3,2024-2025
0650088T,105,2024-2025
0650836F,114.8,2024-2025
0670011Y,113.3,2024-2025
0671608J,144.5,2024-2025
0671822S,74.9,2024-2025
0673006D,102.5,2024-2025
0681448E,104.4,2024-2025
0690005F,102.6,2024-2025
0691645N,81.8,2024-2025
0692160Y,90.3,2024-2025
0692936S,137.3,2024-2025
0692942Y,119.3,2024-2025
0693331W,125.2,2024-2025
0711054K,91.2,2024-2025
0720988H,93.2,2024-2025
0730049G,112.5,2024-2025
0730762G,127,2024-2025
0740018T,123.4,2024-2025
0740024Z,109.6,2024-2025
0740126K,116.9,2024-2025
0741488R,113.9,2024-2025
0750445B,101.7,2024-2025
0750552T,116.3,2024-2025
0752533W,129.7,2024-2025
0752874S,158.6,2024-2025
0752897S,156.6,2024-2025
0753345D,95.1,2024-2025
0753936W,101.4,2024-2025
0760009X,83.6,2024-2025
0760137L,93.1,2024-2025
0761647C,93.7,2024-2025
0761737A,88.8,2024-2025
0761746K,104.8,2024-2025
0761786D,98.7,2024-2025
0762563Y,122.1,2024-2025
0762568D,113.5,2024-2025
0762919K,75.9,2024-2025
0770027L,111.2,2024-2025
0771218F,123.4,2024-2025
0771420A,75.7,2024-2025
0771421B,121.3,2024-2025
0771422C,95.7,2024-2025
0771960M,98.7,2024-2025
0772713F,130.9,2024-2025
0780265P,122.1,2024-2025
0780707V,102.4,2024-2025
0790011H,112.4,2024-2025
0790027A,98.5,2024-2025
0790032F,93.7,2024-2025
0790709S,114.2,2024-2025
0800004V,109.5,2024-2025
0800057C,111.5,2024-2025
0810993P,105.5,2024-2025
0820713E,86.9,2024-2025
0830001A,105.4,2024-2025
0830926F,100.7,2024-2025
0840803S,105.5,2024-2025
0851144G,95,2024-2025
0860017B,95.7,2024-2025
0860984C,88.6,2024-2025
0880017R,106,2024-2025
0890015H,102.9,2024-2025
0910860R,116.4,2024-2025
0910977T,110,2024-2025
0911027X,86.2,2024-2025
0911029Z,102.8,2024-2025
0911824N,134.4,2024-2025
0921233R,120.5,2024-2025
0921236U,136.2,2024-2025
0921243B,109,2024-2025
0922579D,146.7,2024-2025
0922629H,135.7,2024-2025
0930894S,93,2024-2025
0931147S,78.4,2024-2025
0931190N,74.1,2024-2025
0931213N,88.9,2024-2025
0931713G,93,2024-2025
0932272P,76,2024-2025
0932725G,87.4,2024-2025
0940012C,134.8,2024-2025
0940024R,149.5,2024-2025
0940031Y,114.3,2024-2025
0940090M,114.3,2024-2025
0940884A,131.1,2024-2025
0941020Y,103,2024-2025
0941034N,83,2024-2025
0941603G,87.2,2024-2025
0950046J,110,2024-2025
0950790T,149.9,2024-2025
0950898K,117,2024-2025
0951232Y,121.3,2024-2025
0951943W,127.8,2024-2025
0952079U,113.2,2024-2025
9710028D,91.8,2024-2025
9710030F,97.1,2024-2025
9710034K,91.8,2024-2025
9710073C,90.8,2024-2025
9710403L,91,2024-2025
9710938T,89.2,2024-2025
9720445B,81.9,2024-2025
9720565G,90.8,2024-2025
9720774J,135.7,2024-2025
9730182K,85.5,2024-2025
9740035V,80.1,2024-2025
9740468R,79.6,2024-2025
9740702V,76.4,2024-2025
9741386N,77.9,2024-2025
9741654E,100,2024-2025
0010005A,112.3,2023-2024
0010037K,110.5,2023-2024
0010041P,115.7,2023-2024
0010088R,144,2023-2024
0010095Y,121.2,2023-2024
0011338Z,119.5,2023-2024
0020002S,99.7,2023-2024
0011150V,118.6,2023-2024
0020017H,94.3,2023-2024
0020018J,88.8,2023-2024
0020080B,99.1,2023-2024
0030010V,93.3,2023-2024
0040055N,86.4,2023-2024
0050562J,120.6,2023-2024
0050638S,105.5,2023-2024
0060681H,113.9,2023-2024
0060842H,106.5,2023-2024
0061129V,72.1,2023-2024
0061131X,67.9,2023-2024
0061400P,105.2,2023-2024
0061666D,124.9,2023-2024
0061825B,113.5,2023-2024
0070864B,99,2023-2024
0090012P,102.9,2023-2024
0100765C,107.3,2023-2024
0110665N,105,2023-2024
0110667R,94.7,2023-2024
0120622L,90.3,2023-2024
0131262B,74.9,2023-2024
0131329Z,100.5,2023-2024
0132208E,85.1,2023-2024
0132730X,68,2023-2024
0132917A,149,2023-2024
0132923G,142,2023-2024
0134245U,103.8,2023-2024
0141216W,124.3,2023-2024
0141762P,105.9,2023-2024
0141863Z,130.7,2023-2024
0150581A,104.7,2023-2024
0160864C,85.5,2023-2024
0160894K,110.1,2023-2024
0160969S,103.7,2023-2024
0161075G,96.6,2023-2024
0170007R,105.9,2023-2024
0171117X,104.1,2023-2024
0171120A,102.8,2023-2024
0171339N,116.8,2023-2024
0180593X,84.1,2023-2024
0190001Y,108.6,2023-2024
0190568P,101.5,2023-2024
0210027R,108.2,2023-2024
0210041F,107.7,2023-2024
0210043H,98.9,2023-2024
0220073K,106.2,2023-2024
0220158C,117.3,2023-2024
0221038J,107,2023-2024
0221518F,103.9,2023-2024
0230009K,102.1,2023-2024
0230507B,94,2023-2024
0241043D,113,2023-2024
0250047R,96.7,2023-2024
0251063V,120.4,2023-2024
0260045H,105.8,2023-2024
0260115J,101.8,2023-2024
0260766S,92.4,2023-2024
0261528V,117.3,2023-2024
0270008M,88.5,2023-2024
0270014U,102.2,2023-2024
0270033P,95.9,2023-2024
0271533V,101,2023-2024
0271885C,104.6,2023-2024
0280701K,112.7,2023-2024
0290033D,119.1,2023-2024
0290262C,126.7,2023-2024
0290293L,103.8,2023-2024
0290306A,111.6,2023-2024
0291227B,114.5,2023-2024
0291656T,120.7,2023-2024
0301244P,113,2023-2024
0301751R,129,2023-2024
0301816L,107.2,2023-2024
0311130K,128.8,2023-2024
0311338L,111.7,2023-2024
0311630D,75.2,2023-2024
0312307P,131,2023-2024
0313080E,89.8,2023-2024
0320010M,95.4,2023-2024
0320027F,99.7,2023-2024
0331662C,144.5,2023-2024
0332090T,110.1,2023-2024
0332288H,101.8,2023-2024
0332494G,131.1,2023-2024
0332746F,140.5,2023-2024
0340062H,111.3,2023-2024
0342076X,109.3,2023-2024
0350044H,100.4,2023-2024
0350869E,96.9,2023-2024
0352030S,112.1,2023-2024
0352167R,125.5,2023-2024
0352247C,105.5,2023-2024
0352248D,126.4,2023-2024
0352274G,123.4,2023-2024
0352860U,109.9,2023-2024
0371191U,101.1,2023-2024
0371192V,93.7,2023-2024
0380065P,85.1,2023-2024
0380111P,97.7,2023-2024
0380278W,96.6,2023-2024
0381776Z,112.9,2023-2024
0382584C,137.1,2023-2024
0390022M,107.9,2023-2024
0390025R,99.7,2023-2024
0390073T,105.9,2023-2024
0390798F,101.8,2023-2024
0401022U,124.9,2023-2024
0410595Z,97.2,2023-2024
0421797A,114,2023-2024
0422293P,116.3,2023-2024
0430663M,110.3,2023-2024
0440049P,112,2023-2024
0440147W,100.8,2023-2024
0440192V,103.7,2023-2024
0440203G,100.1,2023-2024
0440233P,108,2023-2024
0440244B,135,2023-2024
0440286X,73.7,2023-2024
0440347N,118.5,2023-2024
0441654J,111.4,2023-2024
0441686U,116.5,2023-2024
0441862K,94.1,2023-2024
0442542Z,110.8,2023-2024
0442806L,113.7,2023-2024
0450003J,105.4,2023-2024
0450123P,113.1,2023-2024
0451107J,93.8,2023-2024
0451544J,88.2,2023-2024
0451665R,105.6,2023-2024
0460030H,104.2,2023-2024
0470014K,97.3,2023-2024
0470048X,94.6,2023-2024
0470049Y,87.6,2023-2024
0490860U,106.4,2023-2024
0490960C,89.1,2023-2024
0491706N,101,2023-2024
0500122L,98.2,2023-2024
0501216A,104.3,2023-2024
0501302U,98.7,2023-2024
0511129A,118.8,2023-2024
0511802G,72,2023-2024
0520004X,88.7,2023-2024
0530021K,100.9,2023-2024
0530030V,100,2023-2024
0530059B,97.1,2023-2024
0541471F,79.5,2023-2024
0542468P,102.5,2023-2024
0550022A,99.8,2023-2024
0550024C,88.3,2023-2024
0550703R,98.2,2023-2024
0560024X,91.7,2023-2024
0560150J,105.7,2023-2024
0561332U,94,2023-2024
0561403W,101.5,2023-2024
0561409C,109.1,2023-2024
0561940E,121.2,2023-2024
0570069R,78.6,2023-2024
0570326V,73.5,2023-2024
0570327W,102.4,2023-2024
0572169Y,89.9,2023-2024
0572176F,100.3,2023-2024
0572363J,103.3,2023-2024
0572814Z,94,2023-2024
0572923T,117.3,2023-2024
0580682B,89.4,2023-2024
0590248Z,91,2023-2024
0592713D,106.7,2023-2024
0592830F,86.1,2023-2024
0592895B,131,2023-2024
0593127D,108.3,2023-2024
0593228N,113.8,2023-2024
0593234V,112.1,2023-2024
0593242D,79.6,2023-2024
0593246H,84,2023-2024
0594168K,87.2,2023-2024
0594291U,118.1,2023-2024
0594638W,98.3,2023-2024
0594648G,95.6,2023-2024
0595596M,87.5,2023-2024
0596716E,84.8,2023-2024
0600036N,83.6,2023-2024
0601445V,97.4,2023-2024
0601446W,98.7,2023-2024
0601846F,88,2023-2024
0620085F,88.8,2023-2024
0620198D,79.3,2023-2024
0622103Z,135.1,2023-2024
0622131E,92.9,2023-2024
0622262X,82.4,2023-2024
0622423X,75.7,2023-2024
0623018U,85.3,2023-2024
0623315S,85.2,2023-2024
0623572W,133.6,2023-2024
0630038Z,112,2023-2024
0631081H,117.7,2023-2024
0631086N,111.6,2023-2024
0631407M,103.3,2023-2024
0640003F,108.9,2023-2024
0640019Y,113.5,2023-2024
0640025E,99.8,2023-2024
0640136A,111.3,2023-2024
0640141F,99.1,2023-2024
0650835E,119.1,2023-2024
0660061H,119.3,2023-2024
0660521H,107.5,2023-2024
0660600U,111.5,2023-2024
0671598Y,102.4,2023-2024
0671600A,98.1,2023-2024
0671692A,71,2023-2024
0671734W,84.6,2023-2024
0671822S,74,2023-2024
0671827X,99.7,2023-2024
0671911N,116,2023-2024
0672134F,92.2,2023-2024
0672136H,94.8,2023-2024
0672254L,109.3,2023-2024
0680013V,100.9,2023-2024
0680139G,118.8,2023-2024
0681269K,110.3,2023-2024
0690036P,75.4,2023-2024
0690099H,75.3,2023-2024
0690541N,120.4,2023-2024
0691662G,129,2023-2024
0691674V,124.2,2023-2024
0692417C,87.8,2023-2024
0692582G,112.6,2023-2024
0700026Y,109,2023-2024
0700787A,98.6,2023-2024
0710021M,96,2023-2024
0710037E,95.7,2023-2024
0711054K,89.1,2023-2024
0720817X,106.2,2023-2024
0720987G,61,2023-2024
0721281B,106.1,2023-2024
0731271K,112.2,2023-2024
0740020V,109.8,2023-2024
0740024Z,108.5,2023-2024
0740035L,113.9,2023-2024
0741308V,113.2,2023-2024
0750362L,128.4,2023-2024
0752248L,128.2,2023-2024
0752606A,82.4,2023-2024
0752894N,157,2023-2024
0752901W,152.3,2023-2024
0752935H,NS,2023-2024
0753518S,108.9,2023-2024
0753854G,150.3,2023-2024
0760004S,99.1,2023-2024
0761701L,88.6,2023-2024
0761722J,106.2,2023-2024
0761724L,131.3,2023-2024
0761954L,83.4,2023-2024
0762178E,126.3,2023-2024
0772126T,95.6,2023-2024
0772128V,98.6,2023-2024
0780580G,139.2,2023-2024
0780718G,123.4,2023-2024
0781106D,144.7,2023-2024
0781511U,112.3,2023-2024
0781597M,156.1,2023-2024
0781620M,157.5,2023-2024
0781683F,132.1,2023-2024
0783463R,92.6,2023-2024
0783774D,71.7,2023-2024
0790929F,107.3,2023-2024
0801220S,132.4,2023-2024
0801478X,111.3,2023-2024
0801485E,86.1,2023-2024
0810038B,102.4,2023-2024
0810061B,83.6,2023-2024
0810788S,98.6,2023-2024
0811064S,112,2023-2024
0811340S,119.2,2023-2024
0820014V,96.7,2023-2024
0830001A,106.2,2023-2024
0830148K,78.3,2023-2024
0830955M,83,2023-2024
0831474B,110.8,2023-2024
0831709G,100.1,2023-2024
0860015Z,95.8,2023-2024
0870049F,94.2,2023-2024
0880035K,97.9,2023-2024
0890022R,100.9,2023-2024
0891235J,103.7,2023-2024
0910045E,134.4,2023-2024
0910046F,119.7,2023-2024
0910820X,144.1,2023-2024
0911441X,103.9,2023-2024
0911749G,151.5,2023-2024
0911750H,137.2,2023-2024
0912233H,115,2023-2024
0921496B,129.7,2023-2024
0921779J,137.8,2023-2024
0921784P,150.2,2023-2024
0921912D,155.2,2023-2024
0921919L,142.4,2023-2024
0922645A,119.4,2023-2024
0930898W,96.4,2023-2024
0930963S,115.9,2023-2024
0932311G,93.4,2023-2024
0941014S,130,2023-2024
0941040V,85.2,2023-2024
0941412Z,116.1,2023-2024
0941599C,135.4,2023-2024
0942434K,102.8,2023-2024
0951142A,85.6,2023-2024
0951617S,83.4,2023-2024
0952282P,91,2023-2024
6200191N,105.8,2023-2024
9710926E,97.1,2023-2024
9720066P,109.7,2023-2024
9720428H,92.9,2023-2024
9720861D,89.9,2023-2024
9730125Y,81.6,2023-2024
9730334A,135.4,2023-2024
9740084Y,100.1,2023-2024
9740735F,91.8,2023-2024
9740835P,117.4,2023-2024
9741088P,113.3,2023-2024
9741189Z,69.6,2023-2024
9760230W,75.6,2023-2024
0010022U,97.5,2024-2025
0010089S,109.4,2024-2025
0010794H,101.4,2024-2025
0020018J,88.9,2024-2025
0020080B,98.7,2024-2025
0020467X,108.2,2024-2025
0021778X,86.3,2024-2025
0022113L,91.7,2024-2025
0030956Y,96.4,2024-2025
0040461E,113.2,2024-2025
0060050X,102,2024-2025
0061277F,106.6,2024-2025
0061457B,134.8,2024-2025
0070024N,100,2024-2025
0070040F,109.4,2024-2025
0070849K,106.5,2024-2025
0080084Y,117.9,2024-2025
0080827F,86.9,2024-2025
0090591U,121.2,2024-2025
0100019S,85.4,2024-2025
0100054E,113,2024-2025
0100785Z,101.2,2024-2025
0100786A,96.7,2024-2025
0110015G,91.5,2024-2025
0110870L,104.4,2024-2025
0120004P,84.5,2024-2025
0121133S,107.9,2024-2025
0131706J,108.2,2024-2025
0131757P,93.3,2024-2025
0131789Z,89.9,2024-2025
0132403S,83.5,2024-2025
0132950L,104.5,2024-2025
0133351X,119.3,2024-2025
0140006F,105.9,2024-2025
0140087U,122.7,2024-2025
0141136J,87.6,2024-2025
0141270E,84.5,2024-2025
0141764S,102.7,2024-2025
0150010E,99.2,2024-2025
0150708N,114.3,2024-2025
0160005U,111.4,2024-2025
0161048C,127.8,2024-2025
0170004M,97.5,2024-2025
0170005N,107.8,2024-2025
0170010U,117.4,2024-2025
0170112E,106.2,2024-2025
0170120N,105.9,2024-2025
0170142M,107.1,2024-2025
0170144P,117.2,2024-2025
0180033N,87.1,2024-2025
0190723H,109.3,2024-2025
0210043H,101,2024-2025
0220136D,98.6,2024-2025
0221126E,111.2,2024-2025
0250005V,105.3,2024-2025
0251062U,101.2,2024-2025
0251080N,66.5,2024-2025
0251116C,100.5,2024-2025
0251573Z,111.4,2024-2025
0251673H,119,2024-2025
0260021G,95.7,2024-2025
0260026M,105.9,2024-2025
0261135T,127.3,2024-2025
0271047S,113.9,2024-2025
0271322R,109.8,2024-2025
0271450E,116.8,2024-2025
0281060A,98.8,2024-2025
0290048V,109.6,2024-2025
0290086L,112.8,2024-2025
0291104T,96.9,2024-2025
0291631R,101.8,2024-2025
0291872C,109.9,2024-2025
0291878J,125.8,2024-2025
0301098F,79.2,2024-2025
0301232B,111.4,2024-2025
0301244P,116.2,2024-2025
0310003K,101.8,2024-2025
0311687R,110.6,2024-2025
0320033M,106.5,2024-2025
0320563N,102.7,2024-2025
0330008E,112.1,2024-2025
0330162X,105.2,2024-2025
0331433D,98.6,2024-2025
0331513R,123.7,2024-2025
0332288H,102.6,2024-2025
0340057C,101.3,2024-2025
0341277D,95.7,2024-2025
0341577E,120.2,2024-2025
0350767U,109.8,2024-2025
0360022D,92.2,2024-2025
0360037V,98.5,2024-2025
0370071B,69.3,2024-2025
0380025W,131.4,2024-2025
0380065P,87.7,2024-2025
0381604M,84.4,2024-2025
0381706Y,122.9,2024-2025
0382265F,106,2024-2025
0382426F,105,2024-2025
0390025R,100.6,2024-2025
0390073T,107.8,2024-2025
0390924T,86.8,2024-2025
0391002C,107.6,2024-2025
0391003D,115.7,2024-2025
0400028N,101.2,2024-2025
0400043E,103.6,2024-2025
0400728Z,111,2024-2025
0400740M,99.5,2024-2025
0400774Z,109.8,2024-2025
0401015L,107.6,2024-2025
0410793P,84.2,2024-2025
0421043F,103.3,2024-2025
0430034D,105.6,2024-2025
0440198B,126,2024-2025
0440289A,111.1,2024-2025
0441931K,152.3,2024-2025
0442388G,126.3,2024-2025
0442625P,112.5,2024-2025
0443020U,120.4,2024-2025
0450004K,101.2,2024-2025
0450479B,112,2024-2025
0451068S,112.3,2024-2025
0470011G,94.3,2024-2025
0470046V,86.9,2024-2025
0490869D,106.8,2024-2025
0501458N,92.9,2024-2025
0510010J,101.1,2024-2025
0511254L,76.6,2024-2025
0511326P,109.8,2024-2025
0511474A,85.8,2024-2025
0511799D,136.4,2024-2025
0512014M,116.8,2024-2025
0520006Z,95.3,2024-2025
0540004L,100.9,2024-2025
0541327Z,76.3,2024-2025
0541985P,101.7,2024-2025
0550701N,80.7,2024-2025
0550758A,82.2,2024-2025
0560133R,101.9,2024-2025
0560223N,97.1,2024-2025
0572582X,97,2024-2025
0572813Y,82,2024-2025
0572925V,135.8,2024-2025
0573361U,93.7,2024-2025
0580012Y,99.5,2024-2025
0580037A,98.9,2024-2025
0580610Y,101.1,2024-2025
0580618G,100.9,2024-2025
0592930P,119.8,2024-2025
0592933T,124.1,2024-2025
0593237Y,95.6,2024-2025
0593676A,93.9,2024-2025
0593678C,89,2024-2025
0593991T,123.8,2024-2025
0594411Z,110.7,2024-2025
0594534H,90.5,2024-2025
0601146V,122.7,2024-2025
0601177D,76.4,2024-2025
0601179F,88.4,2024-2025
0601432F,107.4,2024-2025
0601821D,95.7,2024-2025
0610037J,103.4,2024-2025
0620068M,84,2024-2025
0620104B,92.3,2024-2025
0622806N,105.8,2024-2025
0623310L,97,2024-2025
0623313P,83.3,2024-2025
0623759Z,97.4,2024-2025
0630006P,100.7,2024-2025
0630046H,99,2024-2025
0630049L,109.4,2024-2025
0630079U,111.9,2024-2025
0631086N,110.3,2024-2025
0631115V,110.6,2024-2025
0640007K,112.6,2024-2025
0642114A,128.1,2024-2025
0660008A,97.6,2024-2025
0660601V,101.9,2024-2025
0660846L,127.9,2024-2025
0660865G,108.5,2024-2025
0670105A,70.4,2024-2025
0671690Y,87.6,2024-2025
0671734W,84.6,2024-2025
0671824U,113.6,2024-2025
0671830A,105.2,2024-2025
0672078V,111.5,2024-2025
0672658A,113.3,2024-2025
0680022E,113,2024-2025
0681368T,93.7,2024-2025
0690016T,97.7,2024-2025
0690131T,111.7,2024-2025
0690210D,110.5,2024-2025
0690541N,125.5,2024-2025
0691481K,93.3,2024-2025
0691673U,92.6,2024-2025
0692694D,120.9,2024-2025
0692932M,149.1,2024-2025
0692945B,130,2024-2025
0693890D,125.3,2024-2025
0711053J,97.6,2024-2025
0711069B,99.4,2024-2025
0711136Z,92.3,2024-2025
0720024K,100.1,2024-2025
0720904S,95.1,2024-2025
0721086P,101.8,2024-2025
0721226S,91,2024-2025
0721363R,102.4,2024-2025
0730764J,131.5,2024-2025
0740026B,118.1,2024-2025
0740043V,118.6,2024-2025
0740119C,120.9,2024-2025
0752249M,124.3,2024-2025
0752387M,128.7,2024-2025
0752532V,127.7,2024-2025
0752536Z,129.2,2024-2025
0752550P,135.5,2024-2025
0752556W,118,2024-2025
0752843H,158.1,2024-2025
0752936J,151.8,2024-2025
0755030K,72.9,2024-2025
0760046M,92.9,2024-2025
0760083C,87.7,2024-2025
0761698H,83.2,2024-2025
0762128A,79.5,2024-2025
0762197A,108.5,2024-2025
0770005M,102.4,2024-2025
0770014X,116.7,2024-2025
0770057U,99.8,2024-2025
0771362M,95.8,2024-2025
0771471F,95.9,2024-2025
0771562E,111.5,2024-2025
0771768D,98.9,2024-2025
0772293Z,112.7,2024-2025
0780032L,93,2024-2025
0780119F,137.1,2024-2025
0780264N,78.6,2024-2025
0780569V,101.6,2024-2025
0780758A,110.7,2024-2025
0781863B,145.8,2024-2025
0782114Z,117.6,2024-2025
0783122V,142.4,2024-2025
0790004A,87.7,2024-2025
0791016A,137.2,2024-2025
0801485E,84.9,2024-2025
0810092K,123.9,2024-2025
0811340S,118.6,2024-2025
0820588U,97.2,2024-2025
0831630W,98.7,2024-2025
0841116G,109.1,2024-2025
0850123X,108.7,2024-2025
0850147Y,95.8,2024-2025
0850639H,104.6,2024-2025
0861072Y,105.5,2024-2025
0870023C,105.3,2024-2025
0870960W,85.3,2024-2025
0880112U,89.5,2024-2025
0890037G,100,2024-2025
0890789Z,98.2,2024-2025
0890823L,100.8,2024-2025
0891053L,110.8,2024-2025
0891054M,121.5,2024-2025
0900235S,109.9,2024-2025
0911255V,114,2024-2025
0911396Y,99.8,2024-2025
0911748F,130.4,2024-2025
0921018G,158.5,2024-2025
0921904V,146.4,2024-2025
0922020W,113.9,2024-2025
0931202B,81.8,2024-2025
0931223Z,80.3,2024-2025
0932261C,86.6,2024-2025
0932694Y,76.2,2024-2025
0940003T,86.5,2024-2025
0940788W,131.5,2024-2025
0941091A,121.5,2024-2025
0950014Z,97.3,2024-2025
0950789S,133,2024-2025
0950931W,96.2,2024-2025
0951352D,100.3,2024-2025
0951356H,82.6,2024-2025
0951509Z,101.5,2024-2025
0951822P,115.7,2024-2025
0952114G,92.6,2024-2025
6200011T,107.1,2024-2025
6200185G,119.8,2024-2025
9710026B,89.3,2024-2025
9720028Y,88.5,2024-2025
9730145V,77.9,2024-2025
9740546A,93.8,2024-2025
9740645H,73.9,2024-2025
0010821M,106.4,2023-2024
0010938P,99.1,2023-2024
0020039G,85.1,2023-2024
0020469Z,110.7,2023-2024
0020473D,121.4,2023-2024
0021688Z,89.4,2023-2024
0030039B,105.4,2023-2024
0030980Z,111,2023-2024
0040461E,112.5,2023-2024
0040462F,127.4,2023-2024
0060050X,100.5,2023-2024
0060076A,93,2023-2024
0060679F,128.6,2023-2024
0071156U,85.2,2023-2024
0080954U,85.4,2023-2024
0100665U,96.4,2023-2024
0100786A,95.7,2023-2024
0100905E,86.7,2023-2024
0130093F,99.1,2023-2024
0130163G,101.7,2023-2024
0131388N,106.5,2023-2024
0131610E,83.7,2023-2024
0131700C,110.2,2023-2024
0131723C,112.1,2023-2024
0132204A,75.9,2023-2024
0132401P,97.8,2023-2024
0132561N,77.8,2023-2024
0141597K,97.2,2023-2024
0141662F,101.8,2023-2024
0141684E,110.9,2023-2024
0141764S,100.4,2023-2024
0160075V,117.3,2023-2024
0170010U,117.4,2023-2024
0170077S,72.6,2023-2024
0170142M,103.7,2023-2024
0171122C,112.5,2023-2024
0180020Z,94.7,2023-2024
0211137X,109.5,2023-2024
0220081U,99.3,2023-2024
0220177Y,108,2023-2024
0230506A,103.2,2023-2024
0240055E,94.8,2023-2024
0251208C,93.7,2023-2024
0270054M,96.5,2023-2024
0271173D,107.3,2023-2024
0271632C,97.2,2023-2024
0280040S,96.4,2023-2024
0280656L,84.2,2023-2024
0281038B,113.7,2023-2024
0290045S,112.2,2023-2024
0290068S,106.7,2023-2024
0290086L,110.9,2023-2024
0290131K,99.8,2023-2024
0290236Z,114.7,2023-2024
0290307B,102.7,2023-2024
0290308C,132.8,2023-2024
0291086Y,99.4,2023-2024
0291868Y,131.4,2023-2024
0300055X,105.2,2023-2024
0300098U,111.7,2023-2024
0300945P,92.4,2023-2024
0301653J,121.4,2023-2024
0310085Z,108.2,2023-2024
0310086A,72.3,2023-2024
0311689T,104.5,2023-2024
0313081F,109.6,2023-2024
0320074G,102.8,2023-2024
0330128K,131.7,2023-2024
0331530J,125.8,2023-2024
0331666G,111.8,2023-2024
0331891B,90.5,2023-2024
0340836Z,67.8,2023-2024
0340998A,105.8,2023-2024
0341364Y,82.7,2023-2024
0350760L,97.4,2023-2024
0350867C,126.1,2023-2024
0351638R,131.2,2023-2024
0351799R,86,2023-2024
0352448W,115.1,2023-2024
0353036K,127.8,2023-2024
0360016X,97.9,2023-2024
0360719L,92.1,2023-2024
0370013N,93.6,2023-2024
0370041U,96.7,2023-2024
0370044X,89.8,2023-2024
0370766G,69.7,2023-2024
0371158H,92,2023-2024
0380001V,102.4,2023-2024
0380044S,117.2,2023-2024
0380356F,99.6,2023-2024
0382041M,138.8,2023-2024
0382266G,108.8,2023-2024
0382663N,119.3,2023-2024
0400068G,98.7,2023-2024
0401070W,106.7,2023-2024
0410016V,98.6,2023-2024
0420003A,110.6,2023-2024
0421171V,115.2,2023-2024
0421487N,102.8,2023-2024
0421658Z,105.2,2023-2024
0421798B,94.5,2023-2024
0421799C,114.4,2023-2024
0421801E,122.1,2023-2024
0430072V,97.5,2023-2024
0440065G,113.9,2023-2024
0440179F,116.3,2023-2024
0440198B,124.9,2023-2024
0440200D,121,2023-2024
0440232N,104.2,2023-2024
0440285W,131.6,2023-2024
0440316E,107,2023-2024
0440536U,92.4,2023-2024
0441608J,77.3,2023-2024
0441940V,137.6,2023-2024
0442388G,128.2,2023-2024
0442637C,129.9,2023-2024
0450005L,107.4,2023-2024
0450022E,98.1,2023-2024
0450061X,101.4,2023-2024
0451329A,135.5,2023-2024
0451421A,87.8,2023-2024
0451608D,101.3,2023-2024
0460573Y,103.4,2023-2024
0470105J,103.5,2023-2024
0480032Z,114.8,2023-2024
0480038F,108.6,2023-2024
0490034W,90.9,2023-2024
0490842Z,107.4,2023-2024
0491929F,105.6,2023-2024
0500140F,119.4,2023-2024
0510002A,100.7,2023-2024
0510028D,98,2023-2024
0511144S,111.9,2023-2024
0511567B,99.4,2023-2024
0020043L,86.1,2023-2024
0020046P,106.2,2023-2024
0021598B,94.5,2023-2024
0022131F,101.5,2023-2024
0050013M,112.1,2023-2024
0061280J,99,2023-2024
0061460E,133.2,2023-2024
0070010Y,102.5,2023-2024
0100031E,95.4,2023-2024
0100806X,101.6,2023-2024
0110021N,97,2023-2024
0120090H,103.6,2023-2024
0530001N,96.5,2023-2024
0530065H,99.2,2023-2024
0560034H,108.9,2023-2024
0561840W,117.7,2023-2024
0570038G,107,2023-2024
0572025S,113.9,2023-2024
0572186S,117.7,2023-2024
0572586B,107.3,2023-2024
0580039C,103.4,2023-2024
0580610Y,102.8,2023-2024
0580618G,101.6,2023-2024
0590151U,87.9,2023-2024
0590155Y,100.5,2023-2024
0593120W,102.2,2023-2024
0593130G,93,2023-2024
0593676A,93,2023-2024
0593680E,66.3,2023-2024
0595172B,114.5,2023-2024
0595388L,83.6,2023-2024
0601190T,74,2023-2024
0601501F,123.9,2023-2024
0610036H,95,2023-2024
0610042P,94.8,2023-2024
0610959L,89.9,2023-2024
0611026J,67.6,2023-2024
0611156A,91.6,2023-2024
0620123X,92,2023-2024
0622425Z,86.6,2023-2024
0622793Z,82.8,2023-2024
0622806N,104.6,2023-2024
0623023Z,92.7,2023-2024
0623573X,130.9,2023-2024
0623918X,74,2023-2024
0640073G,95.9,2023-2024
0640170M,103.3,2023-2024
0640171N,104.9,2023-2024
0641659F,120,2023-2024
0641702C,126.3,2023-2024
0660001T,96,2023-2024
0660022R,98.1,2023-2024
0660431K,100.8,2023-2024
0660864F,106.6,2023-2024
0670107C,124.6,2023-2024
0131318M,145.3,2023-2024
0131371V,124.7,2023-2024
0131605Z,61.6,2023-2024
0131757P,95.8,2023-2024
0132409Y,85.8,2023-2024
0132496T,96.2,2023-2024
0133494C,116.6,2023-2024
0133665N,116.3,2023-2024
0141268C,81.3,2023-2024
0141272G,90.8,2023-2024
0141312A,108.4,2023-2024
0141596J,116.6,2023-2024
0141812U,108.4,2023-2024
0141816Y,109.5,2023-2024
0160016F,93.2,2023-2024
0170008S,99.2,2023-2024
0171215D,100.9,2023-2024
0180013S,86,2023-2024
0180031L,100.2,2023-2024
0180673J,87,2023-2024
0180796T,127.8,2023-2024
0210025N,93.6,2023-2024
0210034Y,94.6,2023-2024
0210040E,104.3,2023-2024
0210050R,97,2023-2024
0211229X,109.1,2023-2024
0211525U,104.2,2023-2024
0211527W,100.1,2023-2024
0220029M,96.5,2023-2024
0220144M,104.7,2023-2024
0221542G,94.5,2023-2024
0221619R,106.7,2023-2024
0671956M,106.2,2023-2024
0680012U,104,2023-2024
0240040N,96.6,2023-2024
0681322T,89.9,2023-2024
0251067Z,104.1,2023-2024
0690078K,106.5,2023-2024
0260026M,108.3,2023-2024
0690597Z,123,2023-2024
0270040X,88.1,2023-2024
0691666L,76.9,2023-2024
0271121X,94.5,2023-2024
0700035H,94.2,2023-2024
0280889P,121,2023-2024
0710034B,100.8,2023-2024
0290244H,105.3,2023-2024
0711449P,97.5,2023-2024
0291717J,112.8,2023-2024
0291753Y,124.4,2023-2024
0291873D,116.6,2023-2024
0301208A,81.9,2023-2024
0310015Y,110.8,2023-2024
0310084Y,107,2023-2024
0720803G,88.4,2023-2024
0720812S,131.4,2023-2024
0720904S,94.2,2023-2024
0721365T,92.4,2023-2024
0730004H,116.4,2023-2024
0730007L,112.8,2023-2024
0731042L,104,2023-2024
0731306Y,112.4,2023-2024
0740015P,109,2023-2024
0740039R,106.5,2023-2024
0740116Z,132.7,2023-2024
0750429J,120.3,2023-2024
0750465Y,116.4,2023-2024
0751705W,102.2,2023-2024
0752536Z,125.8,2023-2024
0752870M,159.3,2023-2024
0752926Y,156.4,2023-2024
0754004V,145.4,2023-2024
0755778Y,99.1,2023-2024
0760046M,91.5,2023-2024
0760050S,77.4,2023-2024
0760053V,119.2,2023-2024
0760079Y,93,2023-2024
0761692B,110.9,2023-2024
0761698H,86,2023-2024
0761784B,105.7,2023-2024
0762127Z,77.6,2023-2024
0770057U,100.6,2023-2024
0771176K,92.5,2023-2024
0771218F,120.3,2023-2024
0771563F,111,2023-2024
0771667U,116,2023-2024
0771768D,98.2,2023-2024
0771960M,98.3,2023-2024
0772867Y,126.9,2023-2024
0780183A,112.7,2023-2024
0780258G,115.3,2023-2024
0780514K,89.5,2023-2024
0780574A,126.3,2023-2024
0780581H,104.3,2023-2024
0780720J,115.5,2023-2024
0781818C,117.3,2023-2024
0781885A,105.7,2023-2024
0790011H,110.6,2023-2024
0790013K,111.4,2023-2024
0790027A,99.9,2023-2024
0320001C,102.4,2023-2024
0330105K,93.9,2023-2024
0330132P,101.9,2023-2024
0331464M,91.7,2023-2024
0331524C,118.7,2023-2024
0331752A,123.5,2023-2024
0332491D,136.4,2023-2024
0332657J,111.7,2023-2024
0333121N,114.8,2023-2024
0333530H,112.4,2023-2024
0340070S,99.8,2023-2024
0340897R,114.7,2023-2024
0340955D,83.8,2023-2024
0340972X,84.7,2023-2024
0350027P,101.6,2023-2024
0350785N,124.8,2023-2024
0352260S,126.7,2023-2024
0352541X,117.7,2023-2024
0353083L,127.4,2023-2024
0360721N,90.1,2023-2024
0370045Y,111.7,2023-2024
0370740D,119,2023-2024
0381780D,72.9,2023-2024
0381812N,100.5,2023-2024
0382147C,94.9,2023-2024
0400090F,99.5,2023-2024
0400091G,111.5,2023-2024
0410005H,111.3,2023-2024
0421014Z,103.6,2023-2024
0421041D,105.8,2023-2024
0421061A,104,2023-2024
0421572F,99.5,2023-2024
0430012E,97.2,2023-2024
0430030Z,112.3,2023-2024
0800033B,88.6,2023-2024
0440015C,98.6,2023-2024
0440534S,99.3,2023-2024
0441917V,95.2,2023-2024
0442052S,111.2,2023-2024
0450004K,98.3,2023-2024
0450789N,85.8,2023-2024
0830928H,98.4,2023-2024
0470104H,89.4,2023-2024
0830996G,103.5,2023-2024
0471038Y,106.2,2023-2024
0840033E,83.1,2023-2024
0490017C,93.5,2023-2024
0850067L,94.3,2023-2024
0500072G,96.2,2023-2024
0860002K,94.9,2023-2024
0501241C,99.7,2023-2024
0881097P,103.8,2023-2024
0900018F,96.6,2023-2024
0911039K,99.8,2023-2024
0912174U,109.8,2023-2024
0920885M,102.7,2023-2024
0920998K,137.7,2023-2024
0921394R,88.7,2023-2024
0921504K,125.6,2023-2024
0921591E,147.4,2023-2024
0921909A,155.3,2023-2024
0921913E,159.3,2023-2024
0922340U,115.6,2023-2024
0922450N,157.5,2023-2024
0922610M,136.1,2023-2024
0930900Y,74.8,2023-2024
0931189M,102.6,2023-2024
0931381W,97.7,2023-2024
0931448U,111.1,2023-2024
0931723T,87,2023-2024
0932579Y,92.6,2023-2024
0940516A,113.8,2023-2024
0940748C,130.1,2023-2024
0940874P,132.8,2023-2024
0940887D,143.8,2023-2024
0950758H,136.2,2023-2024
0950937C,102.4,2023-2024
0951725J,108.5,2023-2024
0952145R,123.7,2023-2024
6200011T,108.3,2023-2024
6200015X,93.9,2023-2024
7200624R,115.6,2023-2024
9710028D,89.9,2023-2024
9710057K,131.7,2023-2024
0510001Z,95.7,2023-2024
0510029E,101.8,2023-2024
0511476C,94,2023-2024
0520706K,90.7,2023-2024
0520966T,113.7,2023-2024
0540014X,99.5,2023-2024
0540106X,126.4,2023-2024
0540112D,103.4,2023-2024
0541452K,96.3,2023-2024
0541568L,111.3,2023-2024
0560108N,110.6,2023-2024
0560132P,112.2,2023-2024
0561386C,101.6,2023-2024
0561400T,100,2023-2024
0561545A,119.1,2023-2024
0570104D,67.7,2023-2024
0572020L,97.3,2023-2024
0572352X,112.9,2023-2024
0580028R,91,2023-2024
0580035Y,89.7,2023-2024
0580746W,103.2,2023-2024
0590062X,73.8,2023-2024
0590190L,64.4,2023-2024
0592634T,82.2,2023-2024
0592911U,109.9,2023-2024
0592955S,113.5,2023-2024
0593168Y,126.9,2023-2024
9720774J,134.2,2023-2024
0593231S,100.4,2023-2024
0593668S,102.7,2023-2024
0593674Y,87.4,2023-2024
0594362W,64.3,2023-2024
9740813R,102,2023-2024
0595328W,82.3,2023-2024
0061001F,73.6,2024-2025
0061127T,130.2,2024-2025
0596833G,81.5,2023-2024
0061458C,121,2024-2025
0610040M,98.2,2023-2024
0610739X,97.8,2023-2024
0611094H,113.3,2023-2024
0622574L,90.4,2023-2024
0070864B,100.2,2024-2025
0630039A,95.2,2023-2024
0640062V,115.1,2023-2024
0110052X,111.3,2024-2025
0641652Y,125.9,2023-2024
0120029S,106.1,2024-2025
0660051X,72.2,2023-2024
0120878P,101.5,2024-2025
0660865G,107.3,2023-2024
0131349W,119.1,2024-2025
0670004R,84,2023-2024
0132949K,136.6,2024-2025
0671620X,126.2,2023-2024
0133789Y,129.2,2024-2025
0680084X,66.9,2023-2024
0251373G,94.6,2024-2025
0771620T,103.8,2023-2024
0271122Y,92.2,2024-2025
0772819W,113.9,2023-2024
0280005D,93.8,2024-2025
0280034K,89.5,2024-2025
0783816Z,146.5,2023-2024
0790033G,95.6,2023-2024
0280884J,92.7,2024-2025
0790710T,117.6,2023-2024
0291869Z,109.8,2024-2025
0300006U,99.4,2024-2025
0801488H,98.9,2023-2024
0811061N,124.6,2023-2024
0442119P,111.1,2024-2025
0830925E,112.1,2023-2024
0480024R,117,2024-2025
0840006A,92.3,2023-2024
0490060Z,67,2024-2025
0840070V,103.2,2023-2024
0500144K,98.4,2024-2025
0851274Y,123.5,2023-2024
0511085C,87.1,2024-2025
0860014Y,105.2,2023-2024
0511432E,107.8,2024-2025
0870072F,85.2,2023-2024
0541332E,87,2024-2025
0880106M,90.5,2023-2024
0550050F,121,2024-2025
0881372N,104.3,2023-2024
0561378U,104.1,2024-2025
0910016Y,107,2023-2024
0570213X,98.2,2024-2025
0911143Y,142.3,2023-2024
0572354Z,121.8,2024-2025
0920592U,88.7,2023-2024
0921391M,114.9,2023-2024
0593226L,123.2,2024-2025
0921901S,155.2,2023-2024
0593239A,96,2024-2025
0922629H,133.2,2023-2024
0931022F,106.1,2023-2024
0931226C,79.7,2023-2024
0010964T,114.3,2024-2025
0596801X,96.4,2024-2025
0596860L,77.7,2024-2025
0011415H,116.1,2024-2025
0020468Y,119.5,2024-2025
0601447X,101.7,2024-2025
0050010J,107.5,2024-2025
0060795G,101.8,2024-2025
0622128B,111.2,2024-2025
0622261W,78.2,2024-2025
0623016S,87.1,2024-2025
0110049U,115.9,2024-2025
0110665N,105.2,2024-2025
0640016V,108.3,2024-2025
0120081Y,105.3,2024-2025
0641658E,113.6,2024-2025
0121273U,96.1,2024-2025
0131548M,115.5,2024-2025
0660058E,123.7,2024-2025
0671607H,131.7,2024-2025
0671620X,127.3,2024-2025
0132409Y,84.2,2024-2025
0671912P,104,2024-2025
0671987W,109.2,2024-2025
0672012Y,118.1,2024-2025
0133881Y,96.9,2024-2025
0134529C,117.3,2024-2025
0680112C,99.7,2024-2025
0680139G,122.4,2024-2025
0141363F,80.8,2024-2025
0690022Z,107.9,2024-2025
0710022N,107.7,2024-2025
0710060E,103.2,2024-2025
0710061F,101.1,2024-2025
0711324D,90.9,2024-2025
0180592W,94.5,2024-2025
0730001E,105.3,2024-2025
0730002F,112.6,2024-2025
0730031M,126.4,2024-2025
0220045E,103.7,2024-2025
0730810J,120.2,2024-2025
0220177Y,108.3,2024-2025
0731271K,112.4,2024-2025
0731441V,125.9,2024-2025
0740002A,120.5,2024-2025
0241043D,111.1,2024-2025
0250015F,102.1,2024-2025
0741666J,106.9,2024-2025
0261032F,108.5,2024-2025
0261086P,89.1,2024-2025
0752555V,107.9,2024-2025
0755052J,131.1,2024-2025
0760017F,90.3,2024-2025
0760049R,97.2,2024-2025
0760079Y,96,2024-2025
0760173A,100.2,2024-2025
0761734X,106.4,2024-2025
0761778V,98.6,2024-2025
0771070V,77.7,2024-2025
0771342R,105.8,2024-2025
0771419Z,105.8,2024-2025
0772091E,107,2024-2025
0772189L,105.8,2024-2025
0772274D,99,2024-2025
0772331R,109,2024-2025
0772483F,108.2,2024-2025
0780512H,105.5,2024-2025
0780718G,121.9,2024-2025
0781586A,153.8,2024-2025
0781591F,153.7,2024-2025
0783253M,124.5,2024-2025
0783307W,154.9,2024-2025
0790071Y,108.8,2024-2025
0790966W,96,2024-2025
0791017B,109,2024-2025
0800051W,87.3,2024-2025
0270025F,95.7,2024-2025
0801372G,96.9,2024-2025
0810787R,89.2,2024-2025
0820704V,108.2,2024-2025
0290033D,120.9,2024-2025
0830178T,109.9,2024-2025
0830925E,112.4,2024-2025
0831306U,122.1,2024-2025
0831391L,108.5,2024-2025
0831657A,115.7,2024-2025
0840058G,123,2024-2025
0840068T,111,2024-2025
0301751R,129.1,2024-2025
0851716D,94.1,2024-2025
0311150G,138.9,2024-2025
0860702W,88.4,2024-2025
0860792U,110,2024-2025
0870083T,138.4,2024-2025
0311581A,100.6,2024-2025
0890006Y,104.6,2024-2025
0311772H,112.1,2024-2025
0900011Y,108.6,2024-2025
0312842W,105.4,2024-2025
0910024G,136.6,2024-2025
0910624J,85.6,2024-2025
0910678T,87.2,2024-2025
0920081N,114.7,2024-2025
0451245J,87.4,2024-2025
0921219A,111.7,2024-2025
0470103G,90.1,2024-2025
0470677F,90.4,2024-2025
0921919L,143.9,2024-2025
0491766D,91.8,2024-2025
0930629D,128.9,2024-2025
0500050H,94,2024-2025
0500061V,93.8,2024-2025
0931860S,82.8,2024-2025
0500152U,102.9,2024-2025
0501205N,81.9,2024-2025
0510002A,99.9,2024-2025
0510051D,117.6,2024-2025
0950892D,127.2,2024-2025
0511083A,87.7,2024-2025
0950932X,120.5,2024-2025
9710021W,97.4,2024-2025
9710036M,113.9,2024-2025
0541334G,82.2,2024-2025
9720010D,106.2,2024-2025
0541579Y,104.5,2024-2025
9730248G,70.4,2024-2025
9730307W,73.2,2024-2025
9730570G,79.4,2024-2025
0550052H,100.1,2024-2025
0560150J,106,2024-2025
0561376S,100.4,2024-2025
9760119A,75.8,2024-2025
0572480L,89.9,2024-2025
0580017D,100.4,2024-2025
0592899F,106.6,2024-2025
0593101A,119.6,2024-2025
0593235W,90.9,2024-2025
0593484S,83.3,2024-2025
0593992U,111,2024-2025
0594300D,72.9,2024-2025
0594401N,103.8,2024-2025
0594409X,71.8,2024-2025
0594628K,112.3,2024-2025
0595302T,90.8,2024-2025
0595360F,142.5,2024-2025
0595396V,124.1,2024-2025
0595397W,140.8,2024-2025
0595399Y,106.6,2024-2025
0595597N,118.4,2024-2025
0600022Y,71.3,2024-2025
0601365H,98.8,2024-2025
0601469W,84,2024-2025
0601799E,104.5,2024-2025
0601834T,107.5,2024-2025
0602004C,91,2024-2025
0620071R,95.3,2024-2025
0622137L,105.5,2024-2025
0630058W,101.1,2024-2025
0631080G,106.6,2024-2025
0631604B,97.4,2024-2025
0640132W,101.5,2024-2025
0641391P,119.3,2024-2025
0660925X,98,2024-2025
0672306T,151.8,2024-2025
0680135C,116.9,2024-2025
0681663N,132.6,2024-2025
0691650U,139.1,2024-2025
0710009Z,107.7,2024-2025
0720987G,63,2024-2025
0730004H,116.8,2024-2025
0740071A,98.8,2024-2025
0740109S,124.1,2024-2025
0750611G,120.9,2024-2025
0752530T,141.9,2024-2025
0752539C,121.8,2024-2025
0752540D,107.5,2024-2025
0752554U,121.6,2024-2025
0752911G,137.5,2024-2025
0752927Z,152.1,2024-2025
0754253R,127.8,2024-2025
0754853T,138.9,2024-2025
0761694D,103.1,2024-2025
0762459K,80.5,2024-2025
0770020D,104.9,2024-2025
0771176K,92.8,2024-2025
0771515D,97.9,2024-2025
0771993Y,108.9,2024-2025
0772499Y,110.2,2024-2025
0772819W,115.2,2024-2025
0780720J,115,2024-2025
0781862A,117,2024-2025
0790929F,107.5,2024-2025
0800034C,88.8,2024-2025
0810125W,91.1,2024-2025
0811065T,119.2,2024-2025
0840073Y,121.6,2024-2025
0840759U,97,2024-2025
0850108F,100,2024-2025
0850117R,123.7,2024-2025
0851160Z,102,2024-2025
0870008L,102.1,2024-2025
0870009M,103.1,2024-2025
0870120H,92.2,2024-2025
0880096B,102.4,2024-2025
0881369K,103.8,2024-2025
0890038H,95.6,2024-2025
0890977D,92.8,2024-2025
0910021D,86.7,2024-2025
0910057T,129.7,2024-2025
0910968H,141.3,2024-2025
0910969J,133.6,2024-2025
0920886N,138.7,2024-2025
0921170X,138.5,2024-2025
0921906X,153.7,2024-2025
0930883E,109,2024-2025
0930959M,114.2,2024-2025
0930963S,113.9,2024-2025
0931214P,104.5,2024-2025
0940071S,104.6,2024-2025
0940100Y,105.1,2024-2025
0941022A,105.4,2024-2025
0941598B,146.7,2024-2025
0942127B,90.6,2024-2025
0942434K,108.3,2024-2025
0950019E,123.8,2024-2025
0950896H,89.8,2024-2025
0951233Z,122.2,2024-2025
0951800R,92.3,2024-2025
0952128X,77.7,2024-2025
7200004S,105.7,2024-2025
7200139N,127.5,2024-2025
9710029E,94.2,2024-2025
9710687V,97.1,2024-2025
9720842H,86.7,2024-2025
9730374U,96.8,2024-2025
9740072K,132.3,2024-2025
9740654T,91.9,2024-2025
9741045T,82.2,2024-2025
9741088P,115.9,2024-2025
0121213D,96.1,2023-2024
0121255Z,111.8,2023-2024
0130156Z,122.9,2023-2024
0131367R,127.7,2023-2024
0132312T,110.5,2023-2024
0132913W,157.8,2023-2024
0150028Z,99.6,2023-2024
0171057G,107,2023-2024
0180567U,101.9,2023-2024
0190740B,105.1,2023-2024
0210011Y,101.1,2023-2024
0211756V,104.5,2023-2024
0220063Z,117.2,2023-2024
0261133R,124.3,2023-2024
0290021R,113,2023-2024
0291879K,116.7,2023-2024
0300922P,116.7,2023-2024
0301326D,103.8,2023-2024
0311148E,125.5,2023-2024
0312338Y,115.5,2023-2024
0330122D,100.1,2023-2024
0331623K,127.1,2023-2024
0333274E,99.7,2023-2024
0350875L,103.3,2023-2024
0360028K,99.2,2023-2024
0371122U,103.4,2023-2024
0382115T,103.1,2023-2024
0390800H,108.1,2023-2024
0401077D,93,2023-2024
0421057W,108.8,2023-2024
0421735H,110.5,2023-2024
0430029Y,92.8,2023-2024
0440199C,116.8,2023-2024
0440309X,72.9,2023-2024
0441931K,153.3,2023-2024
0451035F,105.5,2023-2024
0451072W,108.8,2023-2024
0470011G,94,2023-2024
0480015F,104.3,2023-2024
0491705M,99.7,2023-2024
0500121K,111.7,2023-2024
0501705G,118.4,2023-2024
0511083A,89.5,2023-2024
0511531M,94.5,2023-2024
0512014M,116,2023-2024
0530007V,90.6,2023-2024
0541288G,84.4,2023-2024
0594628K,112.5,2023-2024
0595398X,151.5,2023-2024
0595399Y,105.9,2023-2024
0601833S,109.4,2023-2024
0611095J,109.3,2023-2024
0622142S,106.5,2023-2024
0623313P,82.6,2023-2024
0630056U,109.7,2023-2024
0640037T,106.2,2023-2024
0640112Z,137.3,2023-2024
0640128S,122.5,2023-2024
0641559X,106.2,2023-2024
0660065M,100.8,2023-2024
0672012Y,116.4,2023-2024
0690080M,113.3,2023-2024
0690585L,105,2023-2024
0762090J,111,2023-2024
0762176C,95,2023-2024
0762225F,101.3,2023-2024
0771562E,111.7,2023-2024
0772481D,86.9,2023-2024
0781864C,130.1,2023-2024
0783636D,98.8,2023-2024
0801533G,103.3,2023-2024
0830929J,94.9,2023-2024
0840759U,98.7,2023-2024
0860023H,93.3,2023-2024
0860791T,114.2,2023-2024
0880011J,89.3,2023-2024
0910973N,93.7,2023-2024
0931788N,85.9,2023-2024
0932694Y,76.4,2023-2024
0940552P,145,2023-2024
0941015T,91.5,2023-2024
0941035P,91,2023-2024
0941411Y,101.6,2023-2024
0941596Z,122.7,2023-2024
0941718G,156.8,2023-2024
0950763N,144.4,2023-2024
6200084X,105,2023-2024
9710403L,93.2,2023-2024
9741260B,105.3,2023-2024
0020009Z,95.2,2024-2025
0350967L,81.2,2024-2025
0352760K,121.3,2024-2025
0370791J,77.3,2024-2025
0370885L,109.1,2024-2025
0371378X,115.9,2024-2025
0382786X,89.2,2024-2025
0390960G,108.7,2024-2025
0400012W,108.7,2024-2025
0410035R,94.3,2024-2025
0430090P,97.1,2024-2025
0430987P,105,2024-2025
0440016D,113.3,2024-2025
0440107C,89.1,2024-2025
0441724K,104.4,2024-2025
0450008P,90.3,2024-2025
0451107J,94,2024-2025
0470005A,107.7,2024-2025
0470008D,97.8,2024-2025
0470068U,109.2,2024-2025
0480002S,100.9,2024-2025
0480003T,107.5,2024-2025
0490027N,106.8,2024-2025
0490029R,102.2,2024-2025
0491929F,107.5,2024-2025
0500024E,96.4,2024-2025
0500048F,107.3,2024-2025
0540110B,94.3,2024-2025
0541339M,145.7,2024-2025
0541340N,108.4,2024-2025
0541471F,81.8,2024-2025
0541573S,112.8,2024-2025
0561399S,103.3,2024-2025
0570104D,66.9,2024-2025
0570115R,100.9,2024-2025
0570318L,80.5,2024-2025
0572023P,83,2024-2025
0572491Y,81.3,2024-2025
0572583Y,97.4,2024-2025
0590159C,115.5,2024-2025
0592962Z,90.8,2024-2025
0593125B,102,2024-2025
0593143W,92.7,2024-2025
0593150D,82,2024-2025
0593231S,100.1,2024-2025
0593233U,93.3,2024-2025
0593251N,97.4,2024-2025
0593664M,76.1,2024-2025
0594293W,72.1,2024-2025
0594308M,84.5,2024-2025
0594881K,85,2024-2025
0595713P,112.2,2024-2025
0602077G,108.6,2024-2025
0622093N,90,2024-2025
0623574Y,114.2,2024-2025
0631451K,115.6,2024-2025
0640035R,104.2,2024-2025
0641405E,117.5,2024-2025
0641414P,125.4,2024-2025
0671596W,102.7,2024-2025
0672133E,110.4,2024-2025
0680056S,109.2,2024-2025
0680079S,98.3,2024-2025
0680110A,68.3,2024-2025
0681757R,78.5,2024-2025
0690546U,148.6,2024-2025
0692337R,77.4,2024-2025
0771172F,77.2,2024-2025
0771222K,129.4,2024-2025
0771225N,132.3,2024-2025
0771930E,132.2,2024-2025
0772574E,105.9,2024-2025
0780002D,128.7,2024-2025
0780180X,80.7,2024-2025
0780186D,105.8,2024-2025
0780418F,143.8,2024-2025
0780713B,131.5,2024-2025
0781108F,74.8,2024-2025
0783301P,146,2024-2025
0790021U,93.4,2024-2025
0790704L,94.6,2024-2025
0800020M,105.7,2024-2025
0801218P,109.9,2024-2025
0801488H,99.6,2024-2025
0820029L,93.6,2024-2025
0820755A,119.1,2024-2025
0820823Z,101.1,2024-2025
0830108S,126.8,2024-2025
0830145G,103.6,2024-2025
0830956N,87.9,2024-2025
0830958R,91.3,2024-2025
0840758T,85.8,2024-2025
0840851U,117.2,2024-2025
0850014D,92.5,2024-2025
0850073T,108.2,2024-2025
0850122W,109.3,2024-2025
0851159Y,108.5,2024-2025
0851295W,119.7,2024-2025
0851620Z,108.6,2024-2025
0860020E,96.8,2024-2025
0860761K,104.9,2024-2025
0880005C,92.2,2024-2025
0890024T,87.2,2024-2025
0890030Z,91.2,2024-2025
0890090P,104.5,2024-2025
0891093E,101.2,2024-2025
0910859P,94.4,2024-2025
0911334F,80.2,2024-2025
0912276E,118.1,2024-2025
0920594W,88.7,2024-2025
0920854D,96.4,2024-2025
0921181J,130.4,2024-2025
0921190U,102.9,2024-2025
0921504K,123.7,2024-2025
0921541A,88,2024-2025
0921780K,144.7,2024-2025
0930865K,79.9,2024-2025
0931151W,96.3,2024-2025
0931433C,77,2024-2025
0931607S,88.5,2024-2025
0931723T,87.6,2024-2025
0932579Y,88.9,2024-2025
0940072T,127.2,2024-2025
0940581W,91.7,2024-2025
0941036R,85.1,2024-2025
0941095E,80,2024-2025
0950752B,121.1,2024-2025
0950796Z,106.5,2024-2025
0950823D,127.7,2024-2025
0951099D,121.8,2024-2025
0951279Z,123.1,2024-2025
0951724H,117,2024-2025
0952205F,112.1,2024-2025
6200006M,84.2,2024-2025
7200017F,96.5,2024-2025
7200028T,94.8,2024-2025
9710039R,94.9,2024-2025
9710072B,78.6,2024-2025
9710643X,97.7,2024-2025
9710707S,97.4,2024-2025
9720031B,95,2024-2025
9720428H,90.5,2024-2025
9720495F,89.3,2024-2025
9730479H,118.5,2024-2025
9730483M,86.8,2024-2025
9730536V,121.3,2024-2025
9740080U,74.7,2024-2025
9740094J,78.6,2024-2025
9740577J,78.4,2024-2025
9740734E,72.3,2024-2025
9760042S,82.8,2024-2025
9760094Y,57.2,2024-2025
9760179R,77.8,2024-2025
0010046V,102,2023-2024
0010896U,128,2023-2024
0011068F,90.4,2023-2024
0011071J,108.1,2023-2024
0020015F,101.2,2023-2024
0020468Y,112.1,2023-2024
0020470A,114.6,2023-2024
0030004N,105.7,2023-2024
0030005P,97,2023-2024
0030021G,89.7,2023-2024
0030049M,101.4,2023-2024
0030119N,88.6,2023-2024
0050639T,110.1,2023-2024
0060019N,97.7,2023-2024
0061277F,103.9,2023-2024
0061824A,96.9,2023-2024
0061924J,111.9,2023-2024
0080042C,100,2023-2024
0081104G,93,2023-2024
0100009F,84.9,2023-2024
0110044N,125.4,2023-2024
0110825M,97,2023-2024
0121256A,111,2023-2024
0130028K,123.2,2023-2024
0131264D,74.9,2023-2024
0131602W,94.8,2023-2024
0131711P,121.4,2023-2024
0132314V,85.3,2023-2024
0132565T,117.5,2023-2024
0133790Z,117.6,2023-2024
0141258S,91.3,2023-2024
0141553M,88.7,2023-2024
0150034F,96.9,2023-2024
0150666T,99.2,2023-2024
0160043K,102.7,2023-2024
0160863B,104.1,2023-2024
0161050E,122.8,2023-2024
0170035W,110.3,2023-2024
0170088D,118.9,2023-2024
0180592W,95.6,2023-2024
0190016P,99.2,2023-2024
0190720E,105.2,2023-2024
0220157B,101.3,2023-2024
0222030M,108.6,2023-2024
0230012N,102.3,2023-2024
0240052B,100.7,2023-2024
0240056F,98.3,2023-2024
0250018J,95.5,2023-2024
0250035C,90.4,2023-2024
0251116C,100.3,2023-2024
0251376K,117.3,2023-2024
0261030D,112.5,2023-2024
0261088S,94,2023-2024
0270007L,111.2,2023-2024
0270013T,94.5,2023-2024
0271448C,115.7,2023-2024
0280033J,117.6,2023-2024
0280671C,120.7,2023-2024
0280680M,113.1,2023-2024
0280716B,77.5,2023-2024
0280741D,95.5,2023-2024
0280756V,108,2023-2024
0290288F,121.5,2023-2024
0300020J,82.5,2023-2024
0300033Y,107.7,2023-2024
0301209B,110.7,2023-2024
0301356L,112.1,2023-2024
0311690U,117.1,2023-2024
0311722D,127.9,2023-2024
0312284P,125.5,2023-2024
0330064R,85.8,2023-2024
0331433D,100.6,2023-2024
0331507J,131.5,2023-2024
0331644H,106.8,2023-2024
0331895F,86.5,2023-2024
0332195G,106.6,2023-2024
0332327A,110.5,2023-2024
0333329P,114.7,2023-2024
0340025T,98.9,2023-2024
0340111L,104.2,2023-2024
0341366A,99.3,2023-2024
0342132H,73.1,2023-2024
0350857S,116.5,2023-2024
0350970P,96.7,2023-2024
0360690E,101.7,2023-2024
0370010K,114.2,2023-2024
0370071B,69.8,2023-2024
0370730T,129.6,2023-2024
0370739C,109.1,2023-2024
0370768J,96.8,2023-2024
0370991B,98.4,2023-2024
0380039L,110,2023-2024
0381658W,134.8,2023-2024
0381667F,115.9,2023-2024
0382504R,88.9,2023-2024
0382864G,92.9,2023-2024
0382865H,124.2,2023-2024
0400729A,102,2023-2024
0401014K,115.6,2023-2024
0410003F,73.1,2023-2024
0410013S,92.9,2023-2024
0410566T,99.1,2023-2024
0421454C,108.9,2023-2024
0421678W,82.2,2023-2024
0440206K,130,2023-2024
0441613P,69.8,2023-2024
0441821R,131.6,2023-2024
0442417N,120.1,2023-2024
0450038X,101.1,2023-2024
0460015S,101.4,2023-2024
0460593V,100.5,2023-2024
0460620Z,120.1,2023-2024
0470102F,78.3,2023-2024
0490867B,106.1,2023-2024
0490874J,111.2,2023-2024
0490879P,109.5,2023-2024
0500053L,95,2023-2024
0510010J,102.2,2023-2024
0530031W,92.3,2023-2024
0540012V,103.4,2023-2024
0541210X,107.1,2023-2024
0541326Y,83.4,2023-2024
0541331D,95.1,2023-2024
0541501N,92.7,2023-2024
0541706L,105,2023-2024
0550009L,87.3,2023-2024
0560033G,106.2,2023-2024
0570020M,110.4,2023-2024
0570055A,101,2023-2024
0570318L,80.2,2023-2024
0572164T,99.8,2023-2024
0572582X,97.1,2023-2024
0572813Y,83.3,2023-2024
0580553L,101.4,2023-2024
0590030M,99.1,2023-2024
0590211J,115.8,2023-2024
0592890W,90.5,2023-2024
0592959W,113.6,2023-2024
0593474F,109.8,2023-2024
0594397J,79.8,2023-2024
0594412A,82,2023-2024
0595385H,142.1,2023-2024
0597004T,79.3,2023-2024
0601179F,89.4,2023-2024
0601443T,102.1,2023-2024
0610023U,98.4,2023-2024
0610031C,100.2,2023-2024
0610033E,93.3,2023-2024
0620039F,88.4,2023-2024
0620071R,97.2,2023-2024
0620154F,89.1,2023-2024
0622264Z,88.6,2023-2024
0622428C,84.7,2023-2024
0622868F,74,2023-2024
0622871J,88.5,2023-2024
0622873L,100.3,2023-2024
0623016S,87.8,2023-2024
0623022Y,87.7,2023-2024
0630062A,103,2023-2024
0631084L,109.7,2023-2024
0631604B,98.7,2023-2024
0641561Z,86.6,2023-2024
0642038T,113.2,2023-2024
0650020U,106.7,2023-2024
0660018L,76.1,2023-2024
0670076U,105.7,2023-2024
0671597X,100.8,2023-2024
0671603D,128.2,2023-2024
0671608J,143.3,2023-2024
0671691Z,74.1,2023-2024
0672130B,86.6,2023-2024
0681369U,85.8,2023-2024
0681659J,109.4,2023-2024
0681930D,87.4,2023-2024
0690581G,100.4,2023-2024
0691498D,75.2,2023-2024
0692336P,81.1,2023-2024
0692698H,111.7,2023-2024
0692700K,97.8,2023-2024
0692942Y,119.4,2023-2024
0701036W,104.1,2023-2024
0710024R,113.3,2023-2024
0711451S,103.4,2023-2024
0740274W,97.1,2023-2024
0750360J,123,2023-2024
0752186U,135.5,2023-2024
0752554U,123.8,2023-2024
0752842G,160.8,2023-2024
0760034Z,98.2,2023-2024
0761786D,100.2,2023-2024
0762089H,86.2,2023-2024
0762132E,72.1,2023-2024
0762286X,101.2,2023-2024
0770027L,109.8,2023-2024
0771029A,83,2023-2024
0771878Y,97.1,2023-2024
0772330P,113.5,2023-2024
0772548B,128,2023-2024
0780116C,87.4,2023-2024
0780263M,130.6,2023-2024
0780506B,99,2023-2024
0780507C,123.7,2023-2024
0780569V,100.7,2023-2024
0781618K,86.8,2023-2024
0781817B,114.6,2023-2024
0783339F,144.5,2023-2024
0783464S,117.8,2023-2024
0783547G,152.2,2023-2024
0790020T,96.4,2023-2024
0800019L,68.2,2023-2024
0800045P,94.5,2023-2024
0801373H,96.4,2023-2024
0810028R,109.5,2023-2024
0820067C,97.2,2023-2024
0830012M,111.7,2023-2024
0831644L,105,2023-2024
0840035G,106.8,2023-2024
0840738W,82.8,2023-2024
0840803S,106.6,2023-2024
0841019B,112.7,2023-2024
0850604V,100.3,2023-2024
0851144G,95.2,2023-2024
0851435Y,104.5,2023-2024
0870083T,137.7,2023-2024
0890030Z,90.9,2023-2024
0911034E,120.3,2023-2024
0911256W,113.6,2023-2024
0920936T,154.7,2023-2024
0920999L,155.3,2023-2024
0921159K,86.2,2023-2024
0921234S,122,2023-2024
0921541A,90.6,2023-2024
0921590D,143.6,2023-2024
0931209J,78.5,2023-2024
0931612X,71.7,2023-2024
0931979W,86,2023-2024
0932334G,81.5,2023-2024
0940612E,105.8,2023-2024
0940790Y,130.1,2023-2024
0941229A,96.4,2023-2024
0941351H,93.7,2023-2024
0941614U,135.1,2023-2024
0941679P,96.1,2023-2024
0942392P,109.3,2023-2024
0942499F,88.7,2023-2024
0950023J,68.7,2023-2024
0951138W,88,2023-2024
6200080T,111.9,2023-2024
6200697N,96.5,2023-2024
7200004S,106.4,2023-2024
7200727C,105.6,2023-2024
9710072B,80.6,2023-2024
9710687V,94.4,2023-2024
9720028Y,89.8,2023-2024
9720052Z,72.3,2023-2024
9720411P,117.5,2023-2024
9720447D,93.4,2023-2024
9740039Z,82.3,2023-2024
9741237B,90.6,2023-2024
9741581A,91.3,2023-2024
0010008D,93.8,2024-2025
0010036J,108.7,2024-2025
0010895T,105.5,2024-2025
0010939R,112.3,2024-2025
0011360Y,115.6,2024-2025
0011429Y,98.1,2024-2025
0021826Z,82.4,2024-2025
0030048L,85.5,2024-2025
0030860U,100.8,2024-2025
0061459D,142.3,2024-2025
0061826C,102.4,2024-2025
0081099B,84.5,2024-2025
0081100C,98.9,2024-2025
0090009L,106.2,2024-2025
0100058J,110.9,2024-2025
0100787B,84.7,2024-2025
0110068P,87.4,2024-2025
0110675Z,99.9,2024-2025
0120020G,98.3,2024-2025
0131336G,126.4,2024-2025
0131369T,118.9,2024-2025
0131385K,138.4,2024-2025
0131387M,123,2024-2025
0131610E,84.8,2024-2025
0131931D,107.4,2024-2025
0132312T,109.4,2024-2025
0132494R,102.9,2024-2025
0132497U,90.3,2024-2025
0132951M,124.3,2024-2025
0133490Y,121.3,2024-2025
0133775H,70.3,2024-2025
0134094E,120.6,2024-2025
0140015R,134.6,2024-2025
0140072C,102.7,2024-2025
0140079K,98.5,2024-2025
0141135H,91.2,2024-2025
0141212S,114,2024-2025
0141766U,109,2024-2025
0150024V,104.2,2024-2025
0150061K,97.1,2024-2025
0160034A,96.7,2024-2025
0170009T,97.5,2024-2025
0170389F,97.6,2024-2025
0171118Y,93.8,2024-2025
0180023C,98.5,2024-2025
0210046L,93.2,2024-2025
0211526V,119.2,2024-2025
0240044T,95.4,2024-2025
0240056F,99.8,2024-2025
0241042C,116.9,2024-2025
0250052W,92.4,2024-2025
0260001K,107.1,2024-2025
0260099S,106.5,2024-2025
0261090U,78.5,2024-2025
0270013T,98,2024-2025
0280887M,95.8,2024-2025
0290262C,125.6,2024-2025
0291227B,116.3,2024-2025
0291591X,110.7,2024-2025
0292290G,104,2024-2025
0300929X,96.2,2024-2025
0301014P,87.4,2024-2025
0310022F,110.3,2024-2025
0311263E,132.7,2024-2025
0312611V,112.1,2024-2025
0313079D,97.8,2024-2025
0320004F,119.4,2024-2025
0320028G,101.4,2024-2025
0320686X,109.9,2024-2025
0330100E,105.6,2024-2025
0333132A,104.1,2024-2025
0333213N,91.7,2024-2025
0340907B,118.4,2024-2025
0340974Z,102.8,2024-2025
0342186S,106.3,2024-2025
0350849H,103.8,2024-2025
0352248D,126.1,2024-2025
0360033R,91.8,2024-2025
0370006F,92.3,2024-2025
0370041U,97,2024-2025
0371210P,113.6,2024-2025
0380111P,96.8,2024-2025
0381710C,122.6,2024-2025
0381908T,116.2,2024-2025
0382041M,136.9,2024-2025
0382104F,83.2,2024-2025
0382268J,116.1,2024-2025
0382706K,106.2,2024-2025
0400032T,103.4,2024-2025
0410790L,110.2,2024-2025
0430084H,112.8,2024-2025
0440045K,129.5,2024-2025
0440064F,115.4,2024-2025
0440179F,117.8,2024-2025
0440209N,132.2,2024-2025
0440236T,113.7,2024-2025
0441657M,113.5,2024-2025
0451072W,108.7,2024-2025
0451286D,98.8,2024-2025
0451329A,140.1,2024-2025
0451450G,76.6,2024-2025
0451788Z,91.4,2024-2025
0460006G,100,2024-2025
0470023V,100.1,2024-2025
0470061L,116.7,2024-2025
0470678G,93.3,2024-2025
0480005V,103.9,2024-2025
0490017C,94.4,2024-2025
0490844B,117.6,2024-2025
0490868C,101.5,2024-2025
0490873H,109,2024-2025
0500062W,107.8,2024-2025
0500094F,106.9,2024-2025
0511258R,100,2024-2025
0550007J,98,2024-2025
0550009L,89,2024-2025
0560044U,101,2024-2025
0560118Z,125.7,2024-2025
0570020M,111.5,2024-2025
0572815A,100.2,2024-2025
0572816B,94.2,2024-2025
0572927X,132.7,2024-2025
0592901H,122.4,2024-2025
0594412A,83.6,2024-2025
0594505B,120.9,2024-2025
0594525Y,102.1,2024-2025
0596059R,102.8,2024-2025
0600032J,98.7,2024-2025
0600060P,110.5,2024-2025
0601366J,114,2024-2025
0601471Y,100.4,2024-2025
0601607W,102.7,2024-2025
0601970R,96.6,2024-2025
0611094H,119.3,2024-2025
0620021L,76.1,2024-2025
0620073T,102.6,2024-2025
0620194Z,92.4,2024-2025
0622132F,102.4,2024-2025
0622873L,101.4,2024-2025
0623022Y,88.6,2024-2025
0630011V,97,2024-2025
0630028N,109.7,2024-2025
0630039A,96.1,2024-2025
0631199L,67.8,2024-2025
0631763Z,105.9,2024-2025
0642011N,130.6,2024-2025
0650740B,91.2,2024-2025
0660049V,89.7,2024-2025
0660648W,101.7,2024-2025
0670066H,83,2024-2025
0671738A,100.2,2024-2025
0672076T,105,2024-2025
0680129W,95.5,2024-2025
0681369U,85.4,2024-2025
0681654D,104.2,2024-2025
0691495A,97,2024-2025
0691662G,126.5,2024-2025
0691663H,119.6,2024-2025
0692165D,123.1,2024-2025
0692422H,122.2,2024-2025
0692920Z,154.1,2024-2025
0692943Z,151.3,2024-2025
0693046L,127.2,2024-2025
0710024R,116.1,2024-2025
0720815V,96.2,2024-2025
0721304B,99.1,2024-2025
0730855H,117.2,2024-2025
0740015P,110.5,2024-2025
0740025A,122.6,2024-2025
0740095B,120.7,2024-2025
0741163M,128,2024-2025
0750360J,125.1,2024-2025
0752899U,157.9,2024-2025
0753996L,148,2024-2025
0754005W,124.3,2024-2025
0754008Z,143.5,2024-2025
0754706H,105.1,2024-2025
0760075U,86.3,2024-2025
0761328F,101.2,2024-2025
0761330H,109.2,2024-2025
0770032S,101.6,2024-2025
0771216D,125.5,2024-2025
0771337K,84.2,2024-2025
0771761W,71.7,2024-2025
0772548B,127.2,2024-2025
0780514K,90,2024-2025
0780573Z,124.2,2024-2025
0780656P,114.3,2024-2025
0790017P,99.2,2024-2025
0790699F,116.5,2024-2025
0791002K,91.6,2024-2025
0800019L,70.9,2024-2025
0801219R,129.1,2024-2025
0801786G,84.7,2024-2025
0810043G,103.9,2024-2025
0820684Y,98.8,2024-2025
0830734X,87.6,2024-2025
0831610Z,111.2,2024-2025
0840116V,94.7,2024-2025
0840699D,83.5,2024-2025
0850015E,106.1,2024-2025
0850074U,111.6,2024-2025
0860043E,100.4,2024-2025
0860791T,115.4,2024-2025
0870086W,107.5,2024-2025
0880045W,92.9,2024-2025
0880100F,106.8,2024-2025
0881101U,83.1,2024-2025
0881145S,96.5,2024-2025
0881146T,104.5,2024-2025
0881148V,101.7,2024-2025
0881410E,94.1,2024-2025
0881447V,90.2,2024-2025
0890009B,104.4,2024-2025
0890540D,98.8,2024-2025
0890937K,87.3,2024-2025
0911257X,109.6,2024-2025
0911751J,137.4,2024-2025
0911940P,111.4,2024-2025
0921394R,89.6,2024-2025
0922595W,93,2024-2025
0930921W,125.7,2024-2025
0931186J,87.3,2024-2025
0931207G,80.3,2024-2025
0931429Y,78.5,2024-2025
0931485J,84.1,2024-2025
0931614Z,88.6,2024-2025
0940612E,103.4,2024-2025
0940793B,144.9,2024-2025
0941231C,88.8,2024-2025
0941234F,104.3,2024-2025
0941351H,92.3,2024-2025
0941353K,117.8,2024-2025
0941478W,86.4,2024-2025
0950026M,80.5,2024-2025
0951143B,86.5,2024-2025
0951400F,110.6,2024-2025
0951504U,143.6,2024-2025
0952045G,116.7,2024-2025
6200048H,99.2,2024-2025
9710826W,91.6,2024-2025
9711023K,87.9,2024-2025
9720708M,76.6,2024-2025
9740037X,82,2024-2025
9740595D,73.8,2024-2025
9760230W,77.6,2024-2025
0010018P,98.2,2023-2024
0010066S,116.4,2023-2024
0020038F,96.7,2023-2024
0020479K,94.6,2023-2024
0021689A,82.1,2023-2024
0030015A,97.2,2023-2024
0030042E,112.2,2023-2024
0030956Y,99.6,2023-2024
0040044B,92.3,2023-2024
0060744B,113.2,2023-2024
0061006L,124.3,2023-2024
0061127T,128.3,2023-2024
0070092M,121.2,2023-2024
0070860X,110.6,2023-2024
0070872K,100.9,2023-2024
0071245R,89.1,2023-2024
0080827F,86.2,2023-2024
0100056G,116.3,2023-2024
0110676A,105.5,2023-2024
0110859Z,94.7,2023-2024
0131603X,110.5,2023-2024
0131701D,97.1,2023-2024
0131704G,63.9,2023-2024
0132634T,98.6,2023-2024
0133016H,123.9,2023-2024
0133287C,121.2,2023-2024
0133351X,119.7,2023-2024
0133827P,116.5,2023-2024
0134094E,121.1,2023-2024
0141159J,134.2,2023-2024
0141166S,92.1,2023-2024
0141313B,108.5,2023-2024
0160061E,126.3,2023-2024
0160944P,98.2,2023-2024
0170005N,106.7,2023-2024
0170111D,98.6,2023-2024
0180721L,108.7,2023-2024
0190004B,107.8,2023-2024
0190615R,97.1,2023-2024
0190821P,111,2023-2024
0240962R,97.8,2023-2024
0241007P,100.6,2023-2024
0250050U,103,2023-2024
0251061T,103.6,2023-2024
0251324D,92.2,2023-2024
0251372F,102.5,2023-2024
0251573Z,115.3,2023-2024
0251677M,99.9,2023-2024
0260002L,104.7,2023-2024
0260003M,120.2,2023-2024
0260027N,109.7,2023-2024
0261137V,126.7,2023-2024
0270010P,89.6,2023-2024
0271286B,78.5,2023-2024
0280658N,99.1,2023-2024
0280753S,91.9,2023-2024
0280803W,99.5,2023-2024
0280957N,104.4,2023-2024
0290019N,106.3,2023-2024
0290088N,91.8,2023-2024
0290093U,107.1,2023-2024
0291867X,128,2023-2024
0301656M,117.3,2023-2024
0310021E,129.3,2023-2024
0311237B,113.1,2023-2024
0311327Z,102.4,2023-2024
0312700S,123,2023-2024
0312843X,117.7,2023-2024
0330059K,111.4,2023-2024
0330108N,104.3,2023-2024
0332191C,103.4,2023-2024
0333528F,116.9,2023-2024
0340031Z,80.3,2023-2024
0340053Y,88.8,2023-2024
0340117T,99.2,2023-2024
0340872N,124.7,2023-2024
0340902W,148.3,2023-2024
0341065Y,76.3,2023-2024
0341368C,122.3,2023-2024
0341537L,121,2023-2024
0342050U,100.2,2023-2024
0350891D,117,2023-2024
0370995F,103.7,2023-2024
0371316E,97.2,2023-2024
0371330V,135.8,2023-2024
0381810L,86.7,2023-2024
0382044R,78.5,2023-2024
0382104F,83.5,2023-2024
0400025K,98.2,2023-2024
0410682U,107.2,2023-2024
0410684W,110.6,2023-2024
0410773T,111.4,2023-2024
0410793P,85.1,2023-2024
0420022W,103.4,2023-2024
0421038A,121.5,2023-2024
0421058X,112.5,2023-2024
0421086C,101.1,2023-2024
0421452A,88.5,2023-2024
0421659A,88.4,2023-2024
0430019M,95.5,2023-2024
0430084H,111.5,2023-2024
0440016D,112.7,2023-2024
0440284V,79.4,2023-2024
0442759K,108.4,2023-2024
0450839T,86.4,2023-2024
0450937Z,102.4,2023-2024
0451331C,116.1,2023-2024
0460621A,117.6,2023-2024
0470068U,106.4,2023-2024
0490956Y,96.5,2023-2024
0491026Z,109,2023-2024
0491261E,106.7,2023-2024
0491766D,91.2,2023-2024
0501206P,98,2023-2024
0501525L,98.8,2023-2024
0511470W,85.4,2023-2024
0010092V,110,2023-2024
0010974D,89.8,2023-2024
0020484R,99.5,2023-2024
0021494N,92.1,2023-2024
0030035X,97.7,2023-2024
0030091H,96.2,2023-2024
0050452P,97.2,2023-2024
0050519M,110.1,2023-2024
0061133Z,109.1,2023-2024
0061339Y,105.5,2023-2024
0061670H,135.8,2023-2024
0070060C,115.9,2023-2024
0070080Z,106.4,2023-2024
0070861Y,107.9,2023-2024
0070890E,95.5,2023-2024
0080035V,111.2,2023-2024
0110725D,90.3,2023-2024
0120011X,113,2023-2024
0120019F,98.9,2023-2024
0120878P,100.5,2023-2024
0520025V,88.9,2023-2024
0530054W,103.8,2023-2024
0530060C,94,2023-2024
0530791X,96.6,2023-2024
0541578X,83.6,2023-2024
0560020T,91,2023-2024
0560153M,111.9,2023-2024
0561356V,109.1,2023-2024
0561384A,105.3,2023-2024
0561616C,112.4,2023-2024
0572583Y,98,2023-2024
0572585A,85.4,2023-2024
0572811W,88,2023-2024
0590150T,97.5,2023-2024
0593198F,111.8,2023-2024
0593227M,117.3,2023-2024
0593663L,72.8,2023-2024
0593991T,121.8,2023-2024
0594294X,80.8,2023-2024
0594304H,89.1,2023-2024
0594408W,74.4,2023-2024
0594643B,99.6,2023-2024
0594645D,99.7,2023-2024
0594650J,95.1,2023-2024
0595167W,82.6,2023-2024
0595169Y,78.2,2023-2024
0595396V,117.8,2023-2024
0596177U,108.4,2023-2024
0596860L,78.9,2023-2024
0601147W,113.2,2023-2024
0601155E,121.6,2023-2024
0601292D,96.9,2023-2024
0601524F,75.1,2023-2024
0602004C,90.9,2023-2024
0610800N,99.7,2023-2024
0610958K,91.7,2023-2024
0622094P,88.1,2023-2024
0622134H,123.7,2023-2024
0622572J,84.3,2023-2024
0622950V,99.8,2023-2024
0623112W,93,2023-2024
0630060Y,91.3,2023-2024
0631410R,105.6,2023-2024
0640007K,110,2023-2024
0640163E,120.2,2023-2024
0641658E,113.3,2023-2024
0641941M,124.1,2023-2024
0650037M,103.2,2023-2024
0660019M,76.3,2023-2024
0660653B,108.3,2023-2024
0671590P,73.9,2023-2024
0671593T,89.7,2023-2024
0132973L,117.4,2023-2024
0133115R,137.8,2023-2024
0133352Y,92.3,2023-2024
0133445Z,101.4,2023-2024
0140077H,101.2,2023-2024
0141363F,81.5,2023-2024
0141964J,101.8,2023-2024
0150005Z,97.8,2023-2024
0160001P,90.3,2023-2024
0170050M,94.3,2023-2024
0171034G,113.2,2023-2024
0171160U,91.5,2023-2024
0180033N,89,2023-2024
0180643B,112,2023-2024
0180644C,98.5,2023-2024
0210030U,93.4,2023-2024
0210037B,105.6,2023-2024
0220040Z,100.3,2023-2024
0220082V,112.8,2023-2024
0220136D,97.2,2023-2024
0230006G,92.5,2023-2024
0230488F,111.1,2023-2024
0240016M,97.9,2023-2024
0240047W,90,2023-2024
0240996C,92.3,2023-2024
0671595V,91.1,2023-2024
0251394E,106.8,2023-2024
0671913R,122.8,2023-2024
0671915T,109.9,2023-2024
0271065L,114.2,2023-2024
0680129W,95.9,2023-2024
0271231S,125.9,2023-2024
0690002C,120.6,2023-2024
0271447B,137,2023-2024
0280674F,109.5,2023-2024
0280903E,101.3,2023-2024
0691651V,118.2,2023-2024
0291875F,114.2,2023-2024
0692339T,107.6,2023-2024
0300036B,97.2,2023-2024
0693331W,125,2023-2024
0710033A,94.2,2023-2024
0311264F,92.7,2023-2024
0711052H,103.6,2023-2024
0421679X,88.5,2023-2024
0810961E,81.8,2023-2024
0820017Y,87.1,2023-2024
0820052L,119.3,2023-2024
0820684Y,98.3,2023-2024
0440080Y,127.3,2023-2024
0830031H,101.7,2023-2024
0830038R,117.6,2023-2024
0440238V,106.5,2023-2024
0840761W,72.9,2023-2024
0441938T,138.3,2023-2024
0850099W,112.8,2023-2024
0442728B,114.4,2023-2024
0851716D,94.5,2023-2024
0450008P,90.8,2023-2024
0870819T,85.4,2023-2024
0490028P,88.8,2023-2024
0881446U,106.3,2023-2024
0881496Y,124.3,2023-2024
0890037G,96.8,2023-2024
0890788Y,106.8,2023-2024
0910028L,131.9,2023-2024
0910042B,101.6,2023-2024
0911015J,138.3,2023-2024
0911488Y,99.4,2023-2024
0911491B,110.4,2023-2024
0920594W,90.5,2023-2024
0920689Z,131.5,2023-2024
0930859D,88.2,2023-2024
0931192R,86.3,2023-2024
0931219V,94.8,2023-2024
0931846B,144.6,2023-2024
0931860S,80.3,2023-2024
0932262D,80.9,2023-2024
0932263E,83.5,2023-2024
0932301W,99.1,2023-2024
0932366S,76.6,2023-2024
0932696A,101.6,2023-2024
0940006W,87.8,2023-2024
0940031Y,111.9,2023-2024
0940617K,100.9,2023-2024
0941042X,93.1,2023-2024
0941299B,93.8,2023-2024
0941410X,109.2,2023-2024
0941716E,139.3,2023-2024
0950887Y,91.7,2023-2024
0951094Y,86.2,2023-2024
0951098C,82.5,2023-2024
0951102G,109.7,2023-2024
0951141Z,98.2,2023-2024
0951154N,98.6,2023-2024
0510051D,119,2023-2024
0510054G,95.5,2023-2024
0510056J,97.2,2023-2024
0511138K,138.4,2023-2024
0511799D,134.8,2023-2024
0520023T,91.7,2023-2024
0520052Z,84.1,2023-2024
0530077W,91.4,2023-2024
0540004L,99,2023-2024
0540047H,105.3,2023-2024
0540052N,111.7,2023-2024
0540064B,99.2,2023-2024
0541334G,82.3,2023-2024
0550046B,122.9,2023-2024
0550050F,121,2023-2024
0560135T,106.1,2023-2024
0561544Z,134.2,2023-2024
0570328X,99.8,2023-2024
0572360F,105,2023-2024
0580005R,94.9,2023-2024
0580026N,105.1,2023-2024
9741346V,91.4,2023-2024
0580068J,101.6,2023-2024
0020037E,104.1,2024-2025
0590164H,86.9,2023-2024
0030009U,98,2024-2025
0593182N,97.7,2023-2024
0040002F,105.8,2024-2025
0594301E,77.5,2023-2024
0050639T,110.6,2024-2025
0595382E,125.3,2023-2024
0595393S,129.3,2023-2024
0601178E,81,2023-2024
0061129V,71.6,2024-2025
0620119T,78,2023-2024
0622119S,101.8,2023-2024
0080016Z,94.7,2024-2025
0622268D,82.7,2023-2024
0080910W,82.8,2024-2025
0622943M,82.8,2023-2024
0100765C,108.8,2024-2025
0623571V,132.4,2023-2024
0110810W,95.9,2024-2025
0120080X,110.3,2024-2025
0631083K,103.8,2023-2024
0131382G,130.3,2024-2025
0131885D,65.1,2024-2025
0132789L,139.7,2024-2025
0642114A,127.3,2023-2024
0140088V,106.2,2024-2025
0660846L,127.5,2023-2024
0170011V,105.7,2024-2025
0671690Y,87.7,2023-2024
0170076R,95.3,2024-2025
0671828Y,103.1,2023-2024
0180004G,98.6,2024-2025
0672606U,112,2023-2024
0190030E,104.7,2024-2025
0680111B,73.5,2023-2024
0250051V,110.2,2024-2025
0251054K,97.8,2024-2025
0771759U,100.7,2023-2024
0771930E,131.6,2023-2024
0772396L,112.9,2023-2024
0772713F,134.2,2023-2024
0780418F,143.3,2023-2024
0251857H,119,2024-2025
0260032U,92.6,2024-2025
0790044U,99.4,2023-2024
0270006K,99.5,2024-2025
0790950D,113,2023-2024
0271096V,102.7,2024-2025
0811067V,108.7,2023-2024
0820029L,93.4,2023-2024
0441932L,147.3,2024-2025
0831609Y,103.4,2023-2024
0840073Y,120.9,2023-2024
0850104B,105.9,2023-2024
0441941W,127.9,2024-2025
0851159Y,108.3,2023-2024
0450016Y,92.1,2024-2025
0450041A,88.4,2024-2025
0451365P,111.9,2024-2025
0460046A,108,2024-2025
0470024W,92.7,2024-2025
0470071X,103.3,2024-2025
0890065M,111.3,2023-2024
0480015F,98.9,2024-2025
0910057T,133,2023-2024
0490046J,107.9,2024-2025
0911146B,99.5,2023-2024
0490851J,108.1,2024-2025
0911252S,113,2023-2024
0510029E,102.2,2024-2025
0911443Z,81.7,2023-2024
0511129A,118.5,2024-2025
0911748F,130.4,2023-2024
0511188P,105.3,2024-2025
0920854D,95.7,2023-2024
0530792Y,101.8,2024-2025
0920881H,132,2023-2024
0560058J,97.9,2024-2025
0930883E,109,2023-2024
0560169E,100.4,2024-2025
0931489N,76.8,2023-2024
0572754J,114.7,2024-2025
0931614Z,88.6,2023-2024
0580039C,104.5,2024-2025
0940012C,137.2,2023-2024
0590007M,92.5,2024-2025
0940094S,97.7,2023-2024
0592890W,90.1,2024-2025
0941032L,85.6,2023-2024
0593666P,107.6,2024-2025
0941101L,97.8,2023-2024
0941712A,140.9,2023-2024
0950723V,77.1,2023-2024
0950943J,71.7,2023-2024
0951993A,69.5,2023-2024
9710023Y,91.8,2023-2024
9720031B,94,2023-2024
9720472F,79.5,2023-2024
9720498J,110,2023-2024
9720684L,112.7,2023-2024
9730374U,92.7,2023-2024
9740035V,77.9,2023-2024
9740572D,77.9,2023-2024
9740596E,83.4,2023-2024
9741190A,83.6,2023-2024
9741235Z,98.4,2023-2024
9760369X,66.4,2023-2024
0010024W,108.2,2024-2025
0010086N,113.2,2024-2025
0011300H,115.3,2024-2025
0011465M,119.1,2024-2025
0020007X,70,2024-2025
0020015F,100,2024-2025
0595167W,81.7,2024-2025
0595177G,81.6,2024-2025
0030035X,96.8,2024-2025
0595630Z,108.2,2024-2025
0040055N,87.5,2024-2025
0601139M,123.7,2024-2025
0061134A,102.8,2024-2025
0601295G,106.5,2024-2025
0070011Z,112.9,2024-2025
0611099N,111.9,2024-2025
0080011U,106,2024-2025
0080954U,85.9,2024-2025
0622434J,88.4,2024-2025
0090055L,101.1,2024-2025
0110067N,104.6,2024-2025
0120011X,115.5,2024-2025
0131927Z,117.9,2024-2025
0131968U,90.4,2024-2025
0630063B,124.4,2024-2025
0132310R,107.2,2024-2025
0640074H,103.8,2024-2025
0133196D,115.8,2024-2025
0640121J,112.5,2024-2025
0140081M,111.6,2024-2025
0651004N,114.5,2024-2025
0141816Y,109.2,2024-2025
0660600U,110.8,2024-2025
0671913R,123.5,2024-2025
0160015E,92.9,2024-2025
0672304R,134.7,2024-2025
0160076W,103,2024-2025
0680132Z,117.3,2024-2025
0221542G,93.1,2024-2025
0681747E,81.8,2024-2025
0240001W,101.2,2024-2025
0690094C,72.1,2024-2025
0690590S,94.3,2024-2025
0240053C,94,2024-2025
0241011U,96.6,2024-2025
0691614E,123.2,2024-2025
0251590T,110,2024-2025
0270020A,94.2,2024-2025
0692340U,78.2,2024-2025
0692342W,73,2024-2025
0694497N,85.8,2024-2025
0700029B,109.8,2024-2025
0700925A,96.1,2024-2025
0701002J,117.7,2024-2025
0710033A,92.6,2024-2025
0710034B,101.3,2024-2025
0711449P,96.2,2024-2025
0720067G,92.5,2024-2025
0720068H,83.9,2024-2025
0721262F,91.8,2024-2025
0730044B,98,2024-2025
0740036M,126.4,2024-2025
0740083N,129.2,2024-2025
0741284U,119.1,2024-2025
0741308V,113.1,2024-2025
0751703U,128.4,2024-2025
0752189X,114.1,2024-2025
0752250N,136.3,2024-2025
0752318M,104.7,2024-2025
0752544H,97.9,2024-2025
0752551R,115.2,2024-2025
0752895P,145.4,2024-2025
0754006X,146.2,2024-2025
0754757N,157,2024-2025
0761722J,108.1,2024-2025
0761725M,106,2024-2025
0761741E,101.3,2024-2025
0761777U,88.1,2024-2025
0762569E,125.3,2024-2025
0770059W,104.1,2024-2025
0771518G,88.5,2024-2025
0771615M,103.4,2024-2025
0771667U,118.8,2024-2025
0772588V,122,2024-2025
0772651N,116.6,2024-2025
0780504Z,133.1,2024-2025
0280883H,93.2,2024-2025
0783156G,137,2024-2025
0290049W,100,2024-2025
0290163V,114.4,2024-2025
0290252S,99.5,2024-2025
0801490K,94.9,2024-2025
0801533G,102.4,2024-2025
0291103S,100.7,2024-2025
0820011S,107.4,2024-2025
0301816L,108,2024-2025
0830836H,116.9,2024-2025
0311111P,90.4,2024-2025
0840698C,94.9,2024-2025
0320031K,108.5,2024-2025
0850109G,111.5,2024-2025
0330083L,99.6,2024-2025
0860723U,100.4,2024-2025
0331617D,95.2,2024-2025
0870819T,89.2,2024-2025
0341276C,112.9,2024-2025
0880035K,97.6,2024-2025
0350874K,116.2,2024-2025
0890022R,102.4,2024-2025
0890065M,114,2024-2025
0890788Y,109.2,2024-2025
0890980G,91.4,2024-2025
0900237U,108.4,2024-2025
0440314C,98.6,2024-2025
0911024U,83.5,2024-2025
0911028Y,96.7,2024-2025
0911250P,94.3,2024-2025
0911488Y,97.8,2024-2025
0442052S,112.2,2024-2025
0921235T,118.3,2024-2025
0442806L,115.9,2024-2025
0450123P,117.7,2024-2025
0451333E,129.9,2024-2025
0931185H,73.4,2024-2025
0451787Y,95.5,2024-2025
0460022Z,97.6,2024-2025
0460054J,106.9,2024-2025
0941017V,120,2024-2025
0490026M,102.3,2024-2025
0941942A,125.5,2024-2025
0942188T,136.1,2024-2025
0950888Z,83.4,2024-2025
0951197K,105.3,2024-2025
0490853L,121.9,2024-2025
0952145R,125.3,2024-2025
0491260D,109.1,2024-2025
0500078N,94.9,2024-2025
0501705G,116.9,2024-2025
0511173Y,114.2,2024-2025
0511961E,99.1,2024-2025
9730110G,83.6,2024-2025
9740006N,96.8,2024-2025
9740039Z,81.7,2024-2025
9740599H,73.1,2024-2025
9740813R,100.6,2024-2025
0540017A,109.7,2024-2025
0541469D,70.7,2024-2025
0560122D,127.7,2024-2025
0560171G,100.5,2024-2025
0561598H,123.5,2024-2025
0622946R,89.4,2024-2025
0630016A,113.3,2024-2025
0631410R,102.6,2024-2025
0640041X,110.3,2024-2025
0640073G,98.6,2024-2025
0641560Y,106.8,2024-2025
0670017E,106.1,2024-2025
0671601B,112.4,2024-2025
0671692A,71.2,2024-2025
0680137E,108.6,2024-2025
0681366R,113.8,2024-2025
0681659J,110.2,2024-2025
0690578D,124,2024-2025
0691482L,111.6,2024-2025
0694151M,116,2024-2025
0694185Z,111.4,2024-2025
0700027Z,100.1,2024-2025
0711296Y,102.6,2024-2025
0721263G,95.1,2024-2025
0754861B,143.8,2024-2025
0761331J,120.8,2024-2025
0761951H,98.8,2024-2025
0772128V,96.5,2024-2025
0780258G,118.3,2024-2025
0780708W,109.2,2024-2025
0781896M,77.9,2024-2025
0790052C,104,2024-2025
0820017Y,86.8,2024-2025
0830922B,102.5,2024-2025
0850111J,115.7,2024-2025
0851655M,102.1,2024-2025
0870771R,100.1,2024-2025
0890017K,85.4,2024-2025
0911039K,101.3,2024-2025
0911345T,106.8,2024-2025
0911444A,71.8,2024-2025
0920068Z,138.7,2024-2025
0920885M,105.5,2024-2025
0921162N,134.5,2024-2025
0921623P,91.7,2024-2025
0921631Y,88.8,2024-2025
0921778H,89.4,2024-2025
0921918K,146.8,2024-2025
0922247T,132.1,2024-2025
0930593P,103.6,2024-2025
0930906E,114.2,2024-2025
0931711E,85,2024-2025
0931979W,84.4,2024-2025
0932311G,94,2024-2025
0932580Z,86.3,2024-2025
0940006W,87.7,2024-2025
0940038F,121.9,2024-2025
0940790Y,132.2,2024-2025
0940806R,127.3,2024-2025
0941221S,109.4,2024-2025
0941410X,110.1,2024-2025
0950023J,68.1,2024-2025
0950722U,89.2,2024-2025
0950763N,145,2024-2025
0950884V,94.3,2024-2025
0950934Z,84,2024-2025
0951354F,100.4,2024-2025
0951357J,113.6,2024-2025
0951401G,83.7,2024-2025
0951823R,123.3,2024-2025
0951920W,78.4,2024-2025
6200055R,100.9,2024-2025
9710057K,132.1,2024-2025
9720848P,97.7,2024-2025
9730237V,83.5,2024-2025
9730587A,77.3,2024-2025
9740598G,74.3,2024-2025
9741323V,83.8,2024-2025
0010987T,87,2023-2024
0011360Y,117.1,2023-2024
0020016G,98.4,2023-2024
0020075W,81.5,2023-2024
0020471B,119.8,2023-2024
0040382U,112.1,2023-2024
0060072W,104.2,2023-2024
0061694J,117.2,2023-2024
0061722P,129.1,2023-2024
0062181N,115.3,2023-2024
0070018G,104.4,2023-2024
0070025P,108.5,2023-2024
0071281E,109.3,2023-2024
0080925M,65.7,2023-2024
0090009L,106.7,2023-2024
0090573Z,101.2,2023-2024
0110015G,90.6,2023-2024
0110810W,97.6,2023-2024
0120070L,110.6,2023-2024
0131266F,106.9,2023-2024
0132212J,75.1,2023-2024
0132403S,84.3,2023-2024
0133510V,120.9,2023-2024
0141167T,108.9,2023-2024
0141171X,106.2,2023-2024
0141765T,103.9,2023-2024
0150023U,102.3,2023-2024
0160024P,100.3,2023-2024
0160050T,114.9,2023-2024
0170016A,95.5,2023-2024
0170112E,104.6,2023-2024
0180710Z,92.3,2023-2024
0190009G,95.3,2023-2024
0190065T,107.1,2023-2024
0190717B,102.5,2023-2024
0220038X,99.5,2023-2024
0221991V,101.1,2023-2024
0230010L,101.7,2023-2024
0240029B,105.4,2023-2024
0240121B,101.3,2023-2024
0241042C,115.5,2023-2024
0251589S,125,2023-2024
0251590T,108.5,2023-2024
0260070K,116.6,2023-2024
0261135T,127.8,2023-2024
0271047S,113.2,2023-2024
0271095U,82.5,2023-2024
0271122Y,93.4,2023-2024
0271289E,86.3,2023-2024
0280001Z,101.9,2023-2024
0280035L,109,2023-2024
0290089P,101.4,2023-2024
0291640A,113.1,2023-2024
0291866W,118.9,2023-2024
0291929P,118.6,2023-2024
0300093N,119.1,2023-2024
0311094W,115.7,2023-2024
0311238C,99.4,2023-2024
0311581A,109.1,2023-2024
0311634H,122.4,2023-2024
0311721C,120.9,2023-2024
0311964S,147.3,2023-2024
0312609T,131.2,2023-2024
0312697N,112.1,2023-2024
0313010D,132.8,2023-2024
0320012P,99.6,2023-2024
0320059R,102.3,2023-2024
0330017P,108.8,2023-2024
0332343T,124.4,2023-2024
0332982M,114.5,2023-2024
0340907B,117.5,2023-2024
0341066Z,83.3,2023-2024
0341280G,122.1,2023-2024
0341367B,105.5,2023-2024
0342077Y,114.4,2023-2024
0342078Z,110.5,2023-2024
0342131G,93.2,2023-2024
0342147Z,NA,2023-2024
0350965J,116.4,2023-2024
0350967L,80,2023-2024
0351849V,114.9,2023-2024
0360511K,101.3,2023-2024
0370034L,97.7,2023-2024
0370743G,119.6,2023-2024
0370767H,99.3,2023-2024
0371189S,120,2023-2024
0371327S,123.3,2023-2024
0381777A,134.3,2023-2024
0381778B,126.3,2023-2024
0382042N,114.1,2023-2024
0382786X,90,2023-2024
0383056R,88.1,2023-2024
0383455Z,121.1,2023-2024
0390028U,89.6,2023-2024
0400026L,100.5,2023-2024
0400105X,101.3,2023-2024
0410716F,108.4,2023-2024
0421063C,121,2023-2024
0430899U,111.3,2023-2024
0430903Y,111.3,2023-2024
0440283U,94.9,2023-2024
0441724K,111.1,2023-2024
0442782K,109,2023-2024
0450783G,108.7,2023-2024
0450790P,89.3,2023-2024
0470017N,96.2,2023-2024
0490060Z,65.6,2023-2024
0490865Z,95.8,2023-2024
0500062W,107.7,2023-2024
0500152U,102.1,2023-2024
0500153V,93.5,2023-2024
0510022X,87.3,2023-2024
0511188P,106.6,2023-2024
0511214T,82.1,2023-2024
0520737U,88.6,2023-2024
0530583W,98.1,2023-2024
0540017A,107.8,2023-2024
0541817G,76.7,2023-2024
0542409A,115.1,2023-2024
0550012P,97.4,2023-2024
0560010G,93.2,2023-2024
0560047X,93,2023-2024
0560058J,96.1,2023-2024
0560169E,99.3,2023-2024
0561329R,107.1,2023-2024
0561474Y,94.6,2023-2024
0570317K,83.3,2023-2024
0572174D,94.3,2023-2024
0572487U,77.3,2023-2024
0572932C,124.5,2023-2024
0573688Z,150.2,2023-2024
0580619H,106.4,2023-2024
0590228C,90.8,2023-2024
0592941B,111.9,2023-2024
0593150D,82.9,2023-2024
0593658F,94.8,2023-2024
0594297A,80.3,2023-2024
0594394F,80.2,2023-2024
0594632P,88.7,2023-2024
0595286A,153,2023-2024
0595402B,126.3,2023-2024
0595712N,89.6,2023-2024
0600027D,97.8,2023-2024
0601140N,123.5,2023-2024
0601406C,90.2,2023-2024
0610012G,102.3,2023-2024
0620025R,88.2,2023-2024
0620026S,95.8,2023-2024
0620047P,107.2,2023-2024
0620068M,83.2,2023-2024
0620196B,84.3,2023-2024
0620197C,92.1,2023-2024
0622108E,119.4,2023-2024
0622112J,105,2023-2024
0622269E,83.8,2023-2024
0622273J,68.3,2023-2024
0622435K,89.9,2023-2024
0630049L,107.5,2023-2024
0631580A,115.1,2023-2024
0640016V,103.7,2023-2024
0640227Z,95.8,2023-2024
0640229B,104.6,2023-2024
0650084N,102.1,2023-2024
0660017K,86.7,2023-2024
0660522J,64.1,2023-2024
0660866H,87.8,2023-2024
0672298J,121,2023-2024
0680019B,101.2,2023-2024
0681123B,98.8,2023-2024
0681267H,86,2023-2024
0681661L,125.5,2023-2024
0681663N,133.2,2023-2024
0690510E,142.9,2023-2024
0691670R,100.2,2023-2024
0692337R,76.8,2023-2024
0692411W,116.6,2023-2024
0692414Z,107.1,2023-2024
0692583H,81.5,2023-2024
0692693C,123.6,2023-2024
0710009Z,107.2,2023-2024
0710056A,76.2,2023-2024
0720051P,93.6,2023-2024
0721226S,90.2,2023-2024
0740112V,115.4,2023-2024
0740117A,130.2,2023-2024
0741442R,132.6,2023-2024
0750445B,98.6,2023-2024
0751706X,115.9,2023-2024
0752190Y,95.4,2023-2024
0752192A,124.7,2023-2024
0752534X,139.6,2023-2024
0752919R,133.1,2023-2024
0752927Z,149.8,2023-2024
0752958H,93.2,2023-2024
0753937X,94.9,2023-2024
0760017F,89.5,2023-2024
0761689Y,107.6,2023-2024
0761783A,70.7,2023-2024
0762133F,89.9,2023-2024
0770009S,120.5,2023-2024
0770014X,115.8,2023-2024
0771225N,130.5,2023-2024
0771333F,93.4,2023-2024
0771621U,90.8,2023-2024
0771766B,103.1,2023-2024
0772248A,111.7,2023-2024
0772274D,100.1,2023-2024
0772589W,110.3,2023-2024
0772601J,145,2023-2024
0772650M,119.9,2023-2024
0780119F,138.4,2023-2024
0780262L,132.5,2023-2024
0780573Z,123,2023-2024
0781107E,130.4,2023-2024
0781632A,139.4,2023-2024
0790004A,85.2,2023-2024
0790010G,102.4,2023-2024
0790014L,90.8,2023-2024
0790032F,94.6,2023-2024
0790034H,97.1,2023-2024
0790945Y,86.3,2023-2024
0800027V,93.4,2023-2024
0801224W,103,2023-2024
0801228A,99.6,2023-2024
0801487G,85.3,2023-2024
0820588U,94.7,2023-2024
0831610Z,110.9,2023-2024
0840664R,71.9,2023-2024
0840970Y,75.5,2023-2024
0841043C,106.5,2023-2024
0851191H,106.3,2023-2024
0870014T,103.6,2023-2024
0880034J,87.5,2023-2024
0881120P,88.6,2023-2024
0881147U,99.9,2023-2024
0890006Y,101.3,2023-2024
0890019M,102.4,2023-2024
0890979F,97.2,2023-2024
0900277M,105.2,2023-2024
0910678T,86.1,2023-2024
0910827E,135.4,2023-2024
0910830H,139.6,2023-2024
0911027X,83.6,2023-2024
0911038J,106.6,2023-2024
0911920T,129.6,2023-2024
0920700L,138.4,2023-2024
0921170X,139.9,2023-2024
0921179G,102.2,2023-2024
0921233R,120.6,2023-2024
0921237V,125,2023-2024
0921908Z,153.4,2023-2024
0922578C,115.4,2023-2024
0930894S,91.4,2023-2024
0930912L,118,2023-2024
0931195U,79.3,2023-2024
0931201A,85.5,2023-2024
0931202B,80.1,2023-2024
0931221X,74.3,2023-2024
0931429Y,77.2,2023-2024
0941039U,88.8,2023-2024
0941092B,78.9,2023-2024
0941095E,81.2,2023-2024
0941348E,108.9,2023-2024
0950908W,99.3,2023-2024
0951352D,106.5,2023-2024
0951357J,114.3,2023-2024
0951916S,121.6,2023-2024
0952127W,108,2023-2024
6200026J,99.7,2023-2024
9710035L,106.9,2023-2024
9710045X,86.8,2023-2024
9720006Z,94.5,2023-2024
9720513A,79,2023-2024
9720514B,96,2023-2024
9730179G,113.3,2023-2024
9730218Z,72.9,2023-2024
9730451C,64,2023-2024
9760371Z,71,2023-2024
9760379H,98.8,2023-2024
0011150V,115.4,2024-2025
0011325K,93.7,2024-2025
0020011B,100.4,2024-2025
0020029W,106.8,2024-2025
0020043L,85.5,2024-2025
0021493M,89.3,2024-2025
0021518P,84.1,2024-2025
0030019E,95.7,2024-2025
0030023J,98.3,2024-2025
0030070K,129.5,2024-2025
0030081X,108.9,2024-2025
0030092J,93.7,2024-2025
0050019U,109.9,2024-2025
0061002G,92.7,2024-2025
0062011D,145.1,2024-2025
0090037S,109.4,2024-2025
0100010G,93.1,2024-2025
0130022D,109.8,2024-2025
0131322S,124.1,2024-2025
0131375Z,75.7,2024-2025
0131388N,106.4,2024-2025
0131607B,100.3,2024-2025
0131923V,128.1,2024-2025
0132325G,119.2,2024-2025
0132404T,65.2,2024-2025
0132561N,78.7,2024-2025
0150016L,103.2,2024-2025
0150025W,97.8,2024-2025
0170008S,100,2024-2025
0170012W,92.4,2024-2025
0171340P,121.9,2024-2025
0180037T,78.6,2024-2025
0180567U,97.5,2024-2025
0210014B,92.5,2024-2025
0210038C,115.5,2024-2025
0211071A,119,2024-2025
0211184Y,99.9,2024-2025
0220158C,118.9,2024-2025
0221029Z,121.2,2024-2025
0221037H,82.3,2024-2025
0221538C,96.3,2024-2025
0230005F,103.6,2024-2025
0240119Z,92.4,2024-2025
0250012C,118.9,2024-2025
0250050U,104.8,2024-2025
0261089T,110.6,2024-2025
0270014U,100.8,2024-2025
0271442W,104.6,2024-2025
0271631B,97.1,2024-2025
0280035L,109.2,2024-2025
0280803W,98.1,2024-2025
0280994D,121.5,2024-2025
0290310E,108.9,2024-2025
0291590W,103,2024-2025
0291656T,125.1,2024-2025
0300020J,89.8,2024-2025
0311169C,136.7,2024-2025
0311319R,91.3,2024-2025
0311582B,124.7,2024-2025
0311633G,113,2024-2025
0311972A,149.7,2024-2025
0312700S,123.9,2024-2025
0333528F,116.7,2024-2025
0333532K,95.4,2024-2025
0340896P,108.4,2024-2025
0342052W,108.1,2024-2025
0342399Y,128.1,2024-2025
0350882U,113.3,2024-2025
0350963G,79.4,2024-2025
0351851X,83.1,2024-2025
0360546Y,98.3,2024-2025
0380045T,103,2024-2025
0381776Z,109.6,2024-2025
0382176J,105.8,2024-2025
0382864G,91.8,2024-2025
0383300F,121.6,2024-2025
0390016F,106.9,2024-2025
0390071R,105.1,2024-2025
0390797E,103,2024-2025
0400090F,105.6,2024-2025
0400103V,98.6,2024-2025
0410008L,100.5,2024-2025
0410651K,90.2,2024-2025
0420012K,104.6,2024-2025
0421057W,110.2,2024-2025
0421455D,104.3,2024-2025
0421800D,107.2,2024-2025
0421801E,123.6,2024-2025
0422136U,99.7,2024-2025
0430069S,98.4,2024-2025
0440195Y,110.8,2024-2025
0440200D,121.3,2024-2025
0450034T,101.2,2024-2025
0450785J,106,2024-2025
0451330B,112.5,2024-2025
0451443Z,114.4,2024-2025
0470733S,101.2,2024-2025
0490014Z,118,2024-2025
0490048L,90.2,2024-2025
0491083L,130.6,2024-2025
0491923Z,123.3,2024-2025
0500003G,111.8,2024-2025
0500069D,101,2024-2025
0501239A,101.1,2024-2025
0501830T,94.7,2024-2025
0510011K,95.1,2024-2025
0511139L,109.9,2024-2025
0511711H,106.2,2024-2025
0520004X,86.2,2024-2025
0520814C,97,2024-2025
0530007V,89.9,2024-2025
0530041G,91.2,2024-2025
0530063F,106.7,2024-2025
0530484N,76,2024-2025
0530804L,92.5,2024-2025
0540054R,108.9,2024-2025
0541706L,102.9,2024-2025
0550023B,97.1,2024-2025
0560152L,99.9,2024-2025
0560214D,95.1,2024-2025
0560226S,95.2,2024-2025
0572019K,96.5,2024-2025
0572348T,112,2024-2025
0572922S,103.3,2024-2025
0572928Y,116.4,2024-2025
0580026N,104.3,2024-2025
0580061B,116,2024-2025
0590031N,77.1,2024-2025
0590090C,90.3,2024-2025
0590091D,88.2,2024-2025
0592946G,99.7,2024-2025
0593132J,96.4,2024-2025
0593160P,108.5,2024-2025
0593494C,90.3,2024-2025
0594294X,80.2,2024-2025
0594299C,69.9,2024-2025
0594301E,77.7,2024-2025
0594537L,105.9,2024-2025
0594650J,95.1,2024-2025
0596716E,85,2024-2025
0597055Y,112.8,2024-2025
0601140N,125.1,2024-2025
0601446W,98.2,2024-2025
0601938F,105.3,2024-2025
0611024G,93.9,2024-2025
0611156A,90.6,2024-2025
0620047P,108.4,2024-2025
0622082B,98.6,2024-2025
0622117P,128.4,2024-2025
0622142S,106.5,2024-2025
0622427B,114.8,2024-2025
0622943M,82.9,2024-2025
0630008S,111.6,2024-2025
0630036X,101.2,2024-2025
0640003F,112.2,2024-2025
0640608N,85,2024-2025
0650034J,90.4,2024-2025
0660012E,68.5,2024-2025
0671827X,101.4,2024-2025
0671985U,107.1,2024-2025
0671986V,92.3,2024-2025
0672134F,93.2,2024-2025
0672193V,124.1,2024-2025
0672765S,93.7,2024-2025
0680105V,76,2024-2025
0680111B,74.5,2024-2025
0681269K,113.3,2024-2025
0681661L,127.8,2024-2025
0690551Z,116.8,2024-2025
0691651V,119.1,2024-2025
0692159X,74.9,2024-2025
0692520P,89,2024-2025
0692699J,96.6,2024-2025
0692922B,139.5,2024-2025
0692934P,149.7,2024-2025
0692944A,135.1,2024-2025
0693286X,131.6,2024-2025
0694296V,71.2,2024-2025
0700056F,103.9,2024-2025
0700788B,85,2024-2025
0710053X,101.1,2024-2025
0711490J,100.7,2024-2025
0720011W,96.3,2024-2025
0720835S,127.4,2024-2025
0720847E,107.6,2024-2025
0720983C,85.9,2024-2025
0721089T,89.9,2024-2025
0730010P,113.9,2024-2025
0730028J,115.1,2024-2025
0730901H,77.2,2024-2025
0731272L,117.6,2024-2025
0741227G,100.8,2024-2025
0741757H,101.2,2024-2025
0750407K,157.2,2024-2025
0751791P,142.2,2024-2025
0752543G,122.1,2024-2025
0752821J,153.7,2024-2025
0752901W,151.7,2024-2025
0752902X,152.6,2024-2025
0752958H,93.2,2024-2025
0760034Z,97.6,2024-2025
0761690Z,106.7,2024-2025
0762089H,83.1,2024-2025
0770040A,85.4,2024-2025
0771178M,113,2024-2025
0771424E,130,2024-2025
0772413E,104.6,2024-2025
0780578E,125.9,2024-2025
0780709X,131.3,2024-2025
0780760C,111.3,2024-2025
0781204K,141.1,2024-2025
0781298M,110.7,2024-2025
0781597M,155.7,2024-2025
0790013K,110.9,2024-2025
0800038G,109.6,2024-2025
0801225X,108,2024-2025
0801616X,78,2024-2025
0810122T,110.6,2024-2025
0810960D,107.1,2024-2025
0811066U,119.3,2024-2025
0811331G,106.8,2024-2025
0820067C,98.3,2024-2025
0820891Y,107.5,2024-2025
0830038R,117.5,2024-2025
0830959S,115.9,2024-2025
0831052T,94.5,2024-2025
0840437U,94.5,2024-2025
0840738W,83.2,2024-2025
0850084E,116.3,2024-2025
0850090L,111.2,2024-2025
0850091M,110.3,2024-2025
0860023H,93.7,2024-2025
0860044F,102.1,2024-2025
0870036S,117.3,2024-2025
0870117E,99.6,2024-2025
0880155R,110,2024-2025
0881397R,103,2024-2025
0900018F,96.8,2024-2025
0900351T,70.3,2024-2025
0910045E,130,2024-2025
0910049J,81.5,2024-2025
0910820X,143.9,2024-2025
0910967G,127.1,2024-2025
0911034E,123.1,2024-2025
0911038J,107,2024-2025
0911340M,108.5,2024-2025
0911403F,103.4,2024-2025
0911404G,117.6,2024-2025
0911491B,110.4,2024-2025
0911749G,150.2,2024-2025
0920689Z,127.8,2024-2025
0921159K,84.2,2024-2025
0921165S,114.4,2024-2025
0921908Z,153.6,2024-2025
0930619T,92.5,2024-2025
0930620U,95.6,2024-2025
0931189M,102.8,2024-2025
0931226C,78.9,2024-2025
0931448U,111.6,2024-2025
0931765N,80.5,2024-2025
0931844Z,105.5,2024-2025
0932038K,90.2,2024-2025
0932333F,106.5,2024-2025
0932773J,111.8,2024-2025
0940786U,77.5,2024-2025
0941035P,81.7,2024-2025
0941103N,89.7,2024-2025
0941412Z,116.5,2024-2025
0950025L,88,2024-2025
0950748X,116.4,2024-2025
0950941G,105.6,2024-2025
0952080V,127.4,2024-2025
6200015X,97.9,2024-2025
9710041T,85.1,2024-2025
9711181G,93.7,2024-2025
9730370P,82,2024-2025
9740011U,90.6,2024-2025
9740012V,92.8,2024-2025
9740036W,83.5,2024-2025
9740784J,89.4,2024-2025
9741581A,92.8,2024-2025
9760009F,56,2024-2025
0010002X,96.6,2023-2024
0010026Y,110.1,2023-2024
0010895T,106.7,2023-2024
0011151W,137.4,2023-2024
0020472C,106.8,2023-2024
0021518P,86.7,2023-2024
0030017C,102.9,2023-2024
0040002F,104.1,2023-2024
0040022C,108.1,2023-2024
0061237M,95.7,2023-2024
0061239P,94.6,2023-2024
0061457B,134.2,2023-2024
0061738G,112.8,2023-2024
0070037C,105.9,2023-2024
0071320X,117,2023-2024
0080052N,91,2023-2024
0100745F,101.4,2023-2024
0120004P,86.5,2023-2024
0131265E,77.1,2023-2024
0131349W,118.2,2023-2024
0131922U,93.6,2023-2024
0132009N,111.5,2023-2024
0132327J,73.9,2023-2024
0132497U,87.3,2023-2024
0132954R,139.9,2023-2024
0133381E,107.2,2023-2024
0133449D,124.7,2023-2024
0133992U,110.5,2023-2024
0140006F,104.4,2023-2024
0140049C,120.6,2023-2024
0150025W,97.6,2023-2024
0160029V,95.2,2023-2024
0160116P,110.5,2023-2024
0171210Y,116.5,2023-2024
0171213B,93.3,2023-2024
0180037T,76.3,2023-2024
0180736C,97.7,2023-2024
0190025Z,98.8,2023-2024
0220185G,105.4,2023-2024
0230001B,100.6,2023-2024
0230005F,102.2,2023-2024
0240011G,93.4,2023-2024
0260098R,116,2023-2024
0261032F,109,2023-2024
0270020A,94.5,2023-2024
0271172C,105.4,2023-2024
0271267F,99.2,2023-2024
0280883H,98.5,2023-2024
0290057E,112.4,2023-2024
0290148D,91.2,2023-2024
0290333E,99.8,2023-2024
0300089J,110.3,2023-2024
0300947S,77.2,2023-2024
0301010K,83.5,2023-2024
0301211D,94.2,2023-2024
0301327E,98.7,2023-2024
0311093V,106.5,2023-2024
0311111P,90.6,2023-2024
0311112R,85,2023-2024
0311171E,136.8,2023-2024
0311769E,108.9,2023-2024
0320052H,108.1,2023-2024
0320686X,112,2023-2024
0320740F,117.6,2023-2024
0331669K,118.1,2023-2024
0332342S,134.2,2023-2024
0333213N,91.8,2023-2024
0333529G,116,2023-2024
0340016H,78.1,2023-2024
0340037F,94.6,2023-2024
0340110K,134,2023-2024
0340837A,99.4,2023-2024
0340874R,143.9,2023-2024
0342399Y,127.8,2023-2024
0350002M,116.2,2023-2024
0350017D,100.5,2023-2024
0351850W,94.2,2023-2024
0352008T,101.6,2023-2024
0353006C,144.2,2023-2024
0370024A,92.3,2023-2024
0370769K,87.4,2023-2024
0370886M,99,2023-2024
0371101W,101.8,2023-2024
0371124W,106.5,2023-2024
0371325P,126.5,2023-2024
0380087N,110.6,2023-2024
0381604M,82.6,2023-2024
0382268J,117.4,2023-2024
0382427G,103.2,2023-2024
0390004T,104,2023-2024
0390016F,104.6,2023-2024
0390997X,100,2023-2024
0400033U,98.9,2023-2024
0401015L,108,2023-2024
0410596A,92.4,2023-2024
0410677N,120.3,2023-2024
0421044G,96,2023-2024
0421681Z,81.7,2023-2024
0421800D,105.1,2023-2024
0422136U,98.4,2023-2024
0430987P,103.5,2023-2024
0440061C,104.5,2023-2024
0440242Z,120.9,2023-2024
0441728P,99.1,2023-2024
0441858F,115.8,2023-2024
0442186M,107.5,2023-2024
0442277L,128.9,2023-2024
0442691L,114,2023-2024
0451499K,101.1,2023-2024
0460018V,101.6,2023-2024
0460021Y,112.3,2023-2024
0480005V,102.4,2023-2024
0490783K,74.4,2023-2024
0490836T,104.2,2023-2024
0492081W,118.7,2023-2024
0500150S,103.4,2023-2024
0511189R,102.8,2023-2024
0511326P,110.3,2023-2024
0520794F,92.7,2023-2024
0530484N,76.7,2023-2024
0540001H,90.1,2023-2024
0541573S,111.5,2023-2024
0541819J,106,2023-2024
0550016U,88.1,2023-2024
0550859K,99.5,2023-2024
0560048Y,114,2023-2024
0560215E,96.3,2023-2024
0561377T,106.5,2023-2024
0570315H,112.4,2023-2024
0572493A,74.5,2023-2024
0572816B,93.4,2023-2024
0573244S,99.3,2023-2024
0590002G,82,2023-2024
0593152F,82.8,2023-2024
0593154H,111.6,2023-2024
0593254S,67.9,2023-2024
0594293W,72.9,2023-2024
0594524X,75.5,2023-2024
0595190W,75.6,2023-2024
0600030G,93.5,2023-2024
0600032J,97.2,2023-2024
0601158H,112,2023-2024
0601193W,105.4,2023-2024
0601424X,108.2,2023-2024
0620104B,93.3,2023-2024
0620165T,99.3,2023-2024
0622098U,84.5,2023-2024
0622125Y,134.1,2023-2024
0622137L,105.2,2023-2024
0623312N,90.7,2023-2024
0630036X,103,2023-2024
0631125F,129.1,2023-2024
0631479R,126.5,2023-2024
0631482U,92.1,2023-2024
0631735U,126.1,2023-2024
0640035R,104.8,2023-2024
0640165G,114.4,2023-2024
0640211G,99.8,2023-2024
0642179W,116.9,2023-2024
0650017R,107.6,2023-2024
0650836F,115.4,2023-2024
0660062J,128.4,2023-2024
0670011Y,114,2023-2024
0670014B,97.7,2023-2024
0671604E,126.8,2023-2024
0671607H,132.5,2023-2024
0671987W,109.2,2023-2024
0672013Z,106.3,2023-2024
0672074R,111.3,2023-2024
0672459J,69.6,2023-2024
0673079H,135.1,2023-2024
0690614T,113.9,2023-2024
0691495A,96.2,2023-2024
0691614E,124.4,2023-2024
0691824H,106.1,2023-2024
0692922B,139.3,2023-2024
0692931L,138.9,2023-2024
0693365H,129.6,2023-2024
0700045U,97.5,2023-2024
0710073U,97.3,2023-2024
0711069B,98.3,2023-2024
0711321A,105.8,2023-2024
0720007S,96.6,2023-2024
0720804H,101.9,2023-2024
0720905T,102,2023-2024
0721093X,96.5,2023-2024
0721364S,96.1,2023-2024
0740043V,119.4,2023-2024
0741165P,83.3,2023-2024
0751703U,127.6,2023-2024
0751791P,142.2,2023-2024
0752195D,105.1,2023-2024
0752196E,87.9,2023-2024
0752198G,87.6,2023-2024
0752529S,143,2023-2024
0752532V,126.3,2023-2024
0752552S,139.6,2023-2024
0752696Y,104.5,2023-2024
0752906B,137.5,2023-2024
0753046D,101.7,2023-2024
0754290F,116.1,2023-2024
0754355B,99,2023-2024
0754706H,103,2023-2024
0754861B,145.5,2023-2024
0760086F,95.3,2023-2024
0760116N,94.2,2023-2024
0760136K,107.6,2023-2024
0761647C,91.9,2023-2024
0761711X,123.1,2023-2024
0762202F,98.3,2023-2024
0770020D,104.2,2023-2024
0771517F,108.4,2023-2024
0771923X,127.3,2023-2024
0772056S,79.4,2023-2024
0772247Z,111.2,2023-2024
0780265P,121,2023-2024
0780512H,105.3,2023-2024
0780760C,113.2,2023-2024
0781570H,146.8,2023-2024
0781594J,153.6,2023-2024
0790035J,93.1,2023-2024
0790966W,94.7,2023-2024
0800018K,91.3,2023-2024
0800029X,85.7,2023-2024
0800038G,108.4,2023-2024
0801339W,111.1,2023-2024
0801341Y,83,2023-2024
0801512J,87.8,2023-2024
0810020G,99.1,2023-2024
0811331G,106.4,2023-2024
0820022D,91.4,2023-2024
0831012Z,104.1,2023-2024
0840011F,98.4,2023-2024
0840108L,62.2,2023-2024
0840699D,83.6,2023-2024
0850084E,116.8,2023-2024
0870117E,99.2,2023-2024
0870820U,105.8,2023-2024
0875087G,130.2,2023-2024
0880418B,95.6,2023-2024
0890090P,103.7,2023-2024
0900032W,116.2,2023-2024
0910677S,103.7,2023-2024
0910859P,101.6,2023-2024
0911354C,143.9,2023-2024
0911570M,74.6,2023-2024
0912175V,116,2023-2024
0912276E,118.4,2023-2024
0921162N,131,2023-2024
0921354X,130.1,2023-2024
0921905W,149.3,2023-2024
0922143E,135.4,2023-2024
0930619T,93.2,2023-2024
0931144N,85.4,2023-2024
0931227D,103.9,2023-2024
0931232J,83.8,2023-2024
0932586F,102.3,2023-2024
0932772H,120.8,2023-2024
0940024R,146.4,2023-2024
0940582X,104.2,2023-2024
0940806R,122.6,2023-2024
0940808T,147.6,2023-2024
0941100K,125.2,2023-2024
0941231C,85.9,2023-2024
0950751A,118.2,2023-2024
0951233Z,121.7,2023-2024
0951403J,101.1,2023-2024
0951508Y,138.8,2023-2024
0951682M,113,2023-2024
0951724H,116.6,2023-2024
0952140K,98.9,2023-2024
6200010S,125.8,2023-2024
9720084J,78.8,2023-2024
9730083C,95.7,2023-2024
0010095Y,120.6,2024-2025
0010821M,106.1,2024-2025
0011387C,112.7,2024-2025
0021494N,91.5,2024-2025
0030047K,91.8,2024-2025
0040052K,100.3,2024-2025
0040462F,128.3,2024-2025
0060008B,99.9,2024-2025
0060021R,91.7,2024-2025
0060067R,104.9,2024-2025
0061174U,83.8,2024-2025
0061244V,111.8,2024-2025
0070023M,97.5,2024-2025
0100031E,94.5,2024-2025
0120090H,105.3,2024-2025
0130079R,130.2,2024-2025
0131379D,130.6,2024-2025
0131381F,94.9,2024-2025
0131932E,103.3,2024-2025
0132326H,95.3,2024-2025
0132407W,64.1,2024-2025
0132496T,96.7,2024-2025
0132634T,96.3,2024-2025
0132913W,157,2024-2025
0132954R,140.7,2024-2025
0133494C,114.1,2024-2025
0141258S,93.1,2024-2025
0141641H,105.9,2024-2025
0141763R,112.9,2024-2025
0141810S,134.8,2024-2025
0141812U,108.6,2024-2025
0150013H,100.4,2024-2025
0150639N,115.9,2024-2025
0160094R,112.8,2024-2025
0170386C,96.3,2024-2025
0171022U,110.7,2024-2025
0171160U,92.4,2024-2025
0180593X,84.4,2024-2025
0190632J,104.4,2024-2025
0210040E,104.1,2024-2025
0211358M,92.7,2024-2025
0211389W,115.2,2024-2025
0220157B,104,2024-2025
0220172T,105.3,2024-2025
0230006G,95.4,2024-2025
0250024R,102.5,2024-2025
0251053J,84.8,2024-2025
0251067Z,101.9,2024-2025
0251315U,98,2024-2025
0260012X,96.8,2024-2025
0260070K,118,2024-2025
0270008M,87.7,2024-2025
0270054M,97.1,2024-2025
0271095U,80.7,2024-2025
0280024Z,89.9,2024-2025
0280869T,98.5,2024-2025
0280957N,103,2024-2025
0290302W,106.6,2024-2025
0290330B,107.7,2024-2025
0291087Z,88.3,2024-2025
0291592Y,114.1,2024-2025
0291594A,118.4,2024-2025
0291635V,104,2024-2025
0291716H,111.9,2024-2025
0291968G,108.5,2024-2025
0300039E,103.1,2024-2025
0300922P,116.2,2024-2025
0300945P,93.5,2024-2025
0301246S,103.5,2024-2025
0301671D,117.3,2024-2025
0310008R,119.4,2024-2025
0312307P,132.9,2024-2025
0312729Y,117.2,2024-2025
0313081F,110.8,2024-2025
0320052H,108.2,2024-2025
0320740F,120,2024-2025
0331507J,132.8,2024-2025
0331622J,127.2,2024-2025
0331880P,92.7,2024-2025
0331884U,90.6,2024-2025
0332082J,95.4,2024-2025
0332189A,93.1,2024-2025
0333121N,114.5,2024-2025
0340902W,149.5,2024-2025
0342076X,110.4,2024-2025
0342077Y,116.3,2024-2025
0342147Z,NS,2024-2025
0350003N,103.9,2024-2025
0350895H,73.3,2024-2025
0350913C,88.2,2024-2025
0352319F,138.3,2024-2025
0360496U,95.2,2024-2025
0370733W,112.3,2024-2025
0380068T,96.6,2024-2025
0381687C,130,2024-2025
0381692H,114.9,2024-2025
0382111N,115.4,2024-2025
0382581Z,121.3,2024-2025
0420968Z,86.9,2024-2025
0421451Z,75.8,2024-2025
0421490S,108.1,2024-2025
0421686E,73.5,2024-2025
0430032B,107.5,2024-2025
0440147W,103.4,2024-2025
0440226G,119.6,2024-2025
0441655K,93.8,2024-2025
0450053N,116.5,2024-2025
0451332D,104.9,2024-2025
0451334F,129.5,2024-2025
0451719Z,112.1,2024-2025
0460620Z,121.9,2024-2025
0480678B,114.8,2024-2025
0490874J,110.8,2024-2025
0490881S,105.5,2024-2025
0490955X,113.9,2024-2025
0491648A,92,2024-2025
0500010P,99.8,2024-2025
0500052K,95.5,2024-2025
0500080R,99.6,2024-2025
0501525L,100.9,2024-2025
0511179E,98.5,2024-2025
0511472Y,97.7,2024-2025
0530875N,126.4,2024-2025
0541817G,77.2,2024-2025
0560135T,105.3,2024-2025
0561356V,109.3,2024-2025
0561792U,125.1,2024-2025
0570073V,88.5,2024-2025
0572186S,119.1,2024-2025
0572490X,95,2024-2025
0580029S,101.2,2024-2025
0580542Z,87.1,2024-2025
0590062X,73,2024-2025
0592634T,85.3,2024-2025
0593227M,118.7,2024-2025
0593242D,80.4,2024-2025
0593252P,84.2,2024-2025
0593683H,95.6,2024-2025
0594410Y,101.9,2024-2025
0594415D,96.7,2024-2025
0594634S,71.9,2024-2025
0595384G,110.5,2024-2025
0595387K,127.5,2024-2025
0595394T,133.5,2024-2025
0595402B,126.3,2024-2025
0595656C,110.2,2024-2025
0595757M,93.5,2024-2025
0596873A,131.3,2024-2025
0601158H,113.4,2024-2025
0601294F,100.6,2024-2025
0601407D,97.8,2024-2025
0601501F,122.4,2024-2025
0601846F,86.8,2024-2025
0620055Y,65,2024-2025
0620085F,90.5,2024-2025
0620130E,96.2,2024-2025
0620172A,101.6,2024-2025
0622423X,77,2024-2025
0622572J,83.8,2024-2025
0623023Z,93.4,2024-2025
0623112W,92.9,2024-2025
0630050M,98.5,2024-2025
0640069C,99.6,2024-2025
0640119G,108.2,2024-2025
0640168K,104.9,2024-2025
0641655B,103.5,2024-2025
0641657D,122.5,2024-2025
0660001T,96.2,2024-2025
0660062J,129.6,2024-2025
0670003P,107.6,2024-2025
0670004R,83.7,2024-2025
0671597X,101.7,2024-2025
0671689X,123.3,2024-2025
0671963V,104.7,2024-2025
0671984T,99.6,2024-2025
0672302N,118.7,2024-2025
0672303P,123.4,2024-2025
0680012U,104.1,2024-2025
0690585L,103.8,2024-2025
0691736M,118.3,2024-2025
0692334M,104.5,2024-2025
0692346A,120,2024-2025
0692419E,97.5,2024-2025
0692583H,79.6,2024-2025
0692931L,139.6,2024-2025
0700005A,98.2,2024-2025
0710037E,94.7,2024-2025
0711585M,94.7,2024-2025
0720062B,97.6,2024-2025
0720800D,106,2024-2025
0720812S,133.2,2024-2025
0721477P,115.3,2024-2025
0730009N,113.8,2024-2025
0730902J,107.3,2024-2025
0731306Y,112.2,2024-2025
0741139L,85.4,2024-2025
0750484U,95.6,2024-2025
0750584C,109,2024-2025
0752319N,110.3,2024-2025
0752524L,134.7,2024-2025
0752542F,118.2,2024-2025
0752553T,126.3,2024-2025
0752693V,126.5,2024-2025
0753965C,136.3,2024-2025
0754305X,110.3,2024-2025
0760069M,93.2,2024-2025
0762564Z,131.9,2024-2025
0770024H,97,2024-2025
0771514C,110.9,2024-2025
0772601J,145.6,2024-2025
0780255D,84,2024-2025
0780260J,129.2,2024-2025
0780263M,129.1,2024-2025
0790034H,95.8,2024-2025
0790060L,98.8,2024-2025
0790063P,98.5,2024-2025
0790708R,90.2,2024-2025
0790945Y,85.6,2024-2025
0800003U,102.5,2024-2025
0801437C,121.9,2024-2025
0801723N,111.9,2024-2025
0811197L,95.2,2024-2025
0831186N,132.4,2024-2025
0831197A,136.8,2024-2025
0831424X,118.5,2024-2025
0831645M,106.6,2024-2025
0841099N,109.9,2024-2025
0850125Z,103.5,2024-2025
0860076R,96.4,2024-2025
0860753B,116.8,2024-2025
0861073Z,122.2,2024-2025
0861457S,109,2024-2025
0870006J,106.7,2024-2025
0870071E,105.4,2024-2025
0870658T,112.4,2024-2025
0870791M,83.9,2024-2025
0880156S,103.4,2024-2025
0881099S,92.7,2024-2025
0881496Y,122.8,2024-2025
0890979F,95.2,2024-2025
0900014B,97,2024-2025
0900275K,98.8,2024-2025
0910716J,81.8,2024-2025
0910836P,128.2,2024-2025
0911341N,115,2024-2025
0911443Z,81.7,2024-2025
0911865H,88.3,2024-2025
0912196T,77.6,2024-2025
0920592U,91.6,2024-2025
0920890T,155.9,2024-2025
0921180H,92,2024-2025
0921622N,96.2,2024-2025
0922482Y,147.8,2024-2025
0922701L,94.8,2024-2025
0930907F,121.9,2024-2025
0931144N,89.5,2024-2025
0931200Z,84,2024-2025
0931201A,86.4,2024-2025
0931528F,110.2,2024-2025
0931855L,145,2024-2025
0940022N,97.3,2024-2025
0940749D,76.6,2024-2025
0940807S,130.1,2024-2025
0940887D,145.9,2024-2025
0941046B,130.9,2024-2025
0941220R,131.3,2024-2025
0941710Y,124.3,2024-2025
0950751A,122.3,2024-2025
0950793W,133.8,2024-2025
0951094Y,85.7,2024-2025
0951403J,100.4,2024-2025
7200612C,116,2024-2025
9720066P,106.1,2024-2025
9720513A,80.3,2024-2025
9730125Y,81.9,2024-2025
9740022F,81.6,2024-2025
9740044E,78.7,2024-2025
9740046G,88.4,2024-2025
9740065C,83.4,2024-2025
9740620F,78.1,2024-2025
9741049X,73.4,2024-2025
9741235Z,102.2,2024-2025
9741763Y,113.1,2024-2025
0010025X,110.4,2023-2024
0010040N,94.6,2023-2024
0010820L,106.7,2023-2024
0011415H,116.2,2023-2024
0020063H,84.9,2023-2024
0020483P,105.4,2023-2024
0022113L,90,2023-2024
0030081X,107.1,2023-2024
0030092J,95.2,2023-2024
0050043V,117.3,2023-2024
0061209G,114.7,2023-2024
0061459D,140.7,2023-2024
0070019H,99.2,2023-2024
0080046G,92.4,2023-2024
0090056M,94.2,2023-2024
0100051B,107.8,2023-2024
0110067N,104.5,2023-2024
0111051H,91.4,2023-2024
0121257B,94.1,2023-2024
0121258C,108.3,2023-2024
0121524S,104.5,2023-2024
0130139F,85,2023-2024
0130166K,113.5,2023-2024
0131372W,86.1,2023-2024
0131883B,110.2,2023-2024
0133243E,119.3,2023-2024
0141168U,107.3,2023-2024
0141228J,109.2,2023-2024
0150014J,100.8,2023-2024
0150647X,109.7,2023-2024
0160012B,105,2023-2024
0160040G,103.2,2023-2024
0160106D,102,2023-2024
0160117R,96.4,2023-2024
0160793A,90.6,2023-2024
0160867F,103,2023-2024
0180570X,107.9,2023-2024
0180745M,94.8,2023-2024
0190006D,103.2,2023-2024
0190635M,72.4,2023-2024
0210046L,91.8,2023-2024
0211523S,92.4,2023-2024
0211626D,125.4,2023-2024
0221029Z,119.7,2023-2024
0221037H,85.7,2023-2024
0240086N,102.2,2023-2024
0250040H,109.3,2023-2024
0250052W,93,2023-2024
0251130T,102.5,2023-2024
0260012X,99,2023-2024
0261089T,109.4,2023-2024
0261134S,127.4,2023-2024
0271068P,128.3,2023-2024
0280006E,99.8,2023-2024
0280664V,121.3,2023-2024
0280918W,75.1,2023-2024
0290331C,110.7,2023-2024
0291928N,123.7,2023-2024
0291968G,108.8,2023-2024
0292006Y,90.3,2023-2024
0300031W,97.6,2023-2024
0300059B,72.3,2023-2024
0300946R,120.3,2023-2024
0301013N,74.3,2023-2024
0301214G,123.4,2023-2024
0310005M,109.5,2023-2024
0310008R,116.3,2023-2024
0310083X,92.6,2023-2024
0311263E,132.8,2023-2024
0311266H,132.7,2023-2024
0312139G,104.7,2023-2024
0312699R,121.9,2023-2024
0320033M,107,2023-2024
0330066T,131,2023-2024
0330140Y,73.2,2023-2024
0331532L,105.9,2023-2024
0331884U,87.7,2023-2024
0332283C,112.8,2023-2024
0332490C,147.9,2023-2024
0340118U,72.3,2023-2024
0340896P,107.2,2023-2024
0341278E,70.9,2023-2024
0350040D,96.5,2023-2024
0350041E,85,2023-2024
0350836U,123.6,2023-2024
0350863Y,100.2,2023-2024
0351882F,97.6,2023-2024
0351906G,132.5,2023-2024
0352958A,113.1,2023-2024
0352972R,109.7,2023-2024
0371098T,101.3,2023-2024
0371329U,138.3,2023-2024
0381687C,128.8,2023-2024
0382101C,97.9,2023-2024
0382621T,105.7,2023-2024
0383141H,115.8,2023-2024
0383345E,114.1,2023-2024
0400032T,102.9,2023-2024
0400092H,106.1,2023-2024
0400648M,89.2,2023-2024
0401091U,116.8,2023-2024
0410717G,94.9,2023-2024
0421032U,111.6,2023-2024
0421082Y,102.8,2023-2024
0421451Z,75.3,2023-2024
0421455D,104,2023-2024
0421565Y,120.1,2023-2024
0421688G,87,2023-2024
0430010C,95.1,2023-2024
0430025U,103.8,2023-2024
0440008V,113.2,2023-2024
0440287Y,112,2023-2024
0442781J,114.9,2023-2024
0450023F,110.9,2023-2024
0450069F,89,2023-2024
0450840U,77.2,2023-2024
0470031D,104.8,2023-2024
0490029R,103.4,2023-2024
0490875K,108,2023-2024
0490881S,108.1,2023-2024
0491707P,88.2,2023-2024
0491924A,136.2,2023-2024
0492140K,121.7,2023-2024
0500010P,100.6,2023-2024
0500080R,99.8,2023-2024
0510060N,116.6,2023-2024
0011067E,98.7,2023-2024
0020467X,108.5,2023-2024
0021721K,96,2023-2024
0030013Y,97.9,2023-2024
0030979Y,120.4,2023-2024
0040001E,100.2,2023-2024
0060068S,114.5,2023-2024
0060823M,126.6,2023-2024
0060838D,75.9,2023-2024
0060840F,85.1,2023-2024
0061737F,116.7,2023-2024
0081105H,90.2,2023-2024
0100010G,94.4,2023-2024
0110025T,115.5,2023-2024
0120018E,106.1,2023-2024
0520017L,88.9,2023-2024
0520039K,95.3,2023-2024
0530827L,104.9,2023-2024
0540110B,97,2023-2024
0541211Y,107.8,2023-2024
0541474J,116.9,2023-2024
0541576V,95,2023-2024
0541778P,121.2,2023-2024
0541956H,110.1,2023-2024
0550006H,90.4,2023-2024
0560023W,116,2023-2024
0560032F,88.2,2023-2024
0561358X,94,2023-2024
0570223H,109.5,2023-2024
0572009Z,90.1,2023-2024
0572168X,79.4,2023-2024
0572180K,71.3,2023-2024
0572348T,113.4,2023-2024
0572815A,99.9,2023-2024
0573754W,116.9,2023-2024
0580012Y,102,2023-2024
0580029S,102.2,2023-2024
0580669M,97.5,2023-2024
0590057S,125.8,2023-2024
0592751V,78,2023-2024
0592960X,134.2,2023-2024
0593155J,119.3,2023-2024
0593673X,89.8,2023-2024
0594879H,84.1,2023-2024
0595166V,124.8,2023-2024
0595170Z,98.9,2023-2024
0595302T,92,2023-2024
0595400Z,130.7,2023-2024
0596846W,117.9,2023-2024
0597055Y,111.3,2023-2024
0601150Z,147.2,2023-2024
0601189S,93.5,2023-2024
0601367K,111.7,2023-2024
0601432F,108,2023-2024
0601471Y,101.1,2023-2024
0601487R,96.4,2023-2024
0601606V,120.1,2023-2024
0610056E,95.7,2023-2024
0611022E,85.2,2023-2024
0620180J,84.2,2023-2024
0620194Z,92.2,2023-2024
0622095R,79.1,2023-2024
0622140P,121.6,2023-2024
0630008S,114.6,2023-2024
0630045G,105.1,2023-2024
0630059X,103.8,2023-2024
0630074N,110.7,2023-2024
0630079U,113.8,2023-2024
0631481T,105.8,2023-2024
0631734T,119.5,2023-2024
0640147M,107.5,2023-2024
0640162D,96.1,2023-2024
0121295T,103.4,2023-2024
0130022D,108.1,2023-2024
0131336G,128.1,2023-2024
0131379D,125,2023-2024
0131746C,102.7,2023-2024
0131887F,78.7,2023-2024
0131927Z,117,2023-2024
0132283L,96.9,2023-2024
0132915Y,148.8,2023-2024
0132949K,135.4,2023-2024
0132956T,90.7,2023-2024
0133544G,113.7,2023-2024
0140025B,114.3,2023-2024
0141862Y,116.7,2023-2024
0141864A,106.2,2023-2024
0150001V,105.1,2023-2024
0150010E,103.1,2023-2024
0160027T,102.9,2023-2024
0160094R,111.8,2023-2024
0160895L,97.5,2023-2024
0170055T,100.1,2023-2024
0170056U,103.3,2023-2024
0170071K,99.8,2023-2024
0170072L,101,2023-2024
0180586P,101.9,2023-2024
0190023X,104.6,2023-2024
0671738A,100.9,2023-2024
0671958P,124,2023-2024
0212119P,124,2023-2024
0672304R,134.7,2023-2024
0221744B,127.7,2023-2024
0680105V,74.8,2023-2024
0241041B,93,2023-2024
0681965S,105.9,2023-2024
0251586N,99.1,2023-2024
0690615U,118.2,2023-2024
0260021G,95.4,2023-2024
0691793Z,78.1,2023-2024
0271449D,121.8,2023-2024
0692938U,131.6,2023-2024
0271631B,95.4,2023-2024
0694191F,137.3,2023-2024
0271744Z,108.2,2023-2024
0280994D,123,2023-2024
0710069P,99.6,2023-2024
0720015A,98.4,2023-2024
0290302W,103.4,2023-2024
0720038A,118.7,2023-2024
0291655S,115.3,2023-2024
0291716H,112.8,2023-2024
0720799C,105.8,2023-2024
0291883P,116.8,2023-2024
0730042Z,116.7,2023-2024
0730045C,111.6,2023-2024
0730791N,121,2023-2024
0730855H,117.6,2023-2024
0740911N,86.7,2023-2024
0750546L,80.6,2023-2024
0750610F,105.4,2023-2024
0752548M,128.5,2023-2024
0752695X,96.1,2023-2024
0752916M,113.1,2023-2024
0754006X,146.1,2023-2024
0761337R,123.2,2023-2024
0762229K,121.9,2023-2024
0762565A,127.5,2023-2024
0762569E,126.7,2023-2024
0762861X,89.5,2023-2024
0763368Y,133.6,2023-2024
0770033T,84,2023-2024
0771068T,113.5,2023-2024
0771478N,89.1,2023-2024
0772483F,106.8,2023-2024
0780112Y,141.7,2023-2024
0781586A,152.7,2023-2024
0783338E,144,2023-2024
0790708R,90.5,2023-2024
0320006H,104.9,2023-2024
0320028G,103.4,2023-2024
0330084M,106.3,2023-2024
0330146E,97.4,2023-2024
0331621H,83.4,2023-2024
0331622J,126.3,2023-2024
0332743C,125.5,2023-2024
0333093H,134.1,2023-2024
0333129X,100.2,2023-2024
0340888F,106.2,2023-2024
0340904Y,127.2,2023-2024
0350848G,94.4,2023-2024
0350878P,107.9,2023-2024
0350895H,74.8,2023-2024
0351791G,109.7,2023-2024
0351969A,109,2023-2024
0370033K,94.7,2023-2024
0370993D,117.2,2023-2024
0380059H,106.9,2023-2024
0381701T,113.6,2023-2024
0381905P,112,2023-2024
0382032C,76.2,2023-2024
0382035F,96.7,2023-2024
0382176J,106.9,2023-2024
0383454Y,115.3,2023-2024
0390085F,99.5,2023-2024
0410593X,107.6,2023-2024
0410631N,100.6,2023-2024
0410678P,103.7,2023-2024
0410952M,67.5,2023-2024
0421456E,98.3,2023-2024
0430068R,100.4,2023-2024
0430909E,101.9,2023-2024
0440055W,123.1,2023-2024
0440064F,113.3,2023-2024
0440224E,108.5,2023-2024
0801537L,86.1,2023-2024
0810037A,119.2,2023-2024
0811030E,103.3,2023-2024
0811065T,119.5,2023-2024
0441820P,141.1,2023-2024
0820754Z,119.2,2023-2024
0441936R,147,2023-2024
0442023K,115.7,2023-2024
0442921L,100.3,2023-2024
0450034T,99.1,2023-2024
0450045E,102.8,2023-2024
0450109Z,112,2023-2024
0451074Y,116.6,2023-2024
0850063G,100.4,2023-2024
0451787Y,93.9,2023-2024
0850091M,112,2023-2024
0470032E,101.1,2023-2024
0850114M,131.1,2023-2024
0850117R,120.3,2023-2024
0851655M,100.8,2023-2024
0491025Y,100.7,2023-2024
0491927D,132.8,2023-2024
0501300S,89.3,2023-2024
9710686U,83.3,2023-2024
9710987W,129,2023-2024
0594538M,87.1,2023-2024
9720064M,131.7,2023-2024
9720842H,90.8,2023-2024
9730570G,84.3,2023-2024
0601139M,121.6,2023-2024
9740652R,91.7,2023-2024
9741649Z,125.4,2023-2024
0622093N,91.5,2023-2024
0622121U,111.5,2023-2024
0623115Z,94.2,2023-2024
0623919Y,86.3,2023-2024
0020065K,93.2,2024-2025
0631115V,111.9,2023-2024
0631762Y,90.3,2023-2024
0040419J,106.2,2024-2025
0060681H,117.9,2024-2025
0650036L,109.8,2023-2024
0650089U,112.5,2023-2024
0061925K,141.8,2024-2025
0660030Z,103.2,2023-2024
0080089D,105.3,2024-2025
0090010M,111.5,2024-2025
0100055F,120.7,2024-2025
0120017D,108.2,2024-2025
0251064W,91.7,2024-2025
0771178M,112.1,2023-2024
0771216D,122.6,2023-2024
0270040X,88.6,2024-2025
0771662N,115.7,2023-2024
0290019N,105.2,2024-2025
0771992X,107.1,2023-2024
0290093U,108.3,2024-2025
0772574E,107,2023-2024
0291101P,119,2024-2025
0780186D,107.3,2023-2024
0300055X,105.1,2024-2025
0780419G,106.1,2023-2024
0301213F,107.7,2024-2025
0780578E,128.4,2023-2024
0301653J,120.9,2024-2025
0781590E,137.4,2023-2024
0311093V,106.2,2024-2025
0783287Z,150.5,2023-2024
0312140H,125.1,2024-2025
0783307W,154,2023-2024
0330081J,108.8,2024-2025
0800036E,79.3,2023-2024
0331527F,123.2,2024-2025
0801536K,88,2023-2024
0331664E,121.3,2024-2025
0810960D,107.2,2023-2024
0820896D,96,2023-2024
0440534S,99.6,2024-2025
0830181W,69.7,2023-2024
0830831C,105.8,2023-2024
0830958R,92.7,2023-2024
0831115L,88.5,2023-2024
0450005L,107.7,2024-2025
0840066R,121.9,2023-2024
0840583C,95,2023-2024
0840698C,95.1,2023-2024
0840716X,91.3,2023-2024
0860040B,121.9,2023-2024
0860043E,99.6,2023-2024
0860044F,103.7,2023-2024
0861072Y,109.3,2023-2024
0870039V,102.7,2023-2024
0870086W,108.8,2023-2024
0900014B,100.2,2023-2024
0910829G,132.8,2023-2024
0491674D,110.7,2024-2025
0491706N,99.8,2024-2025
0500072G,92.8,2024-2025
0930616P,73.3,2023-2024
0931185H,74.2,2023-2024
0511138K,139.7,2024-2025
0940786U,80.7,2023-2024
0950014Z,101.2,2023-2024
0520966T,117.6,2024-2025
0530064G,106,2024-2025
0540078S,109.4,2024-2025
0540088C,72,2024-2025
0540111C,78.5,2024-2025
0541329B,89,2024-2025
0542189L,121.8,2024-2025
0542409A,114.7,2024-2025
0550840P,94.8,2024-2025
0560006C,117.7,2024-2025
0560172H,103.2,2024-2025
0561965G,104.7,2024-2025
0570010B,103,2024-2025
0572176F,101,2024-2025
0572811W,88.5,2024-2025
0573269U,82.7,2024-2025
0581009G,92.1,2024-2025
0590030M,99,2024-2025
0590055P,91.5,2024-2025
0590206D,95.7,2024-2025
0592895B,131,2024-2025
0592900G,133.6,2024-2025
0593123Z,107.6,2024-2025
0593134L,133.9,2024-2025
0593178J,71.4,2024-2025
0593486U,75.8,2024-2025
0594304H,91.6,2024-2025
0594636U,101.6,2024-2025
9730394R,71.2,2023-2024
9740042C,105,2023-2024
9740468R,76.2,2023-2024
9741313J,70.6,2023-2024
0010974D,89,2024-2025
0011066D,97.4,2024-2025
0020472C,106.5,2024-2025
0021525X,117.6,2024-2025
0030017C,102.9,2024-2025
0030890B,93.7,2024-2025
0061722P,126.9,2024-2025
0080994M,127.4,2024-2025
0121257B,96.8,2024-2025
0131264D,75.7,2024-2025
0131935H,70.7,2024-2025
0132573B,108.1,2024-2025
0133203L,101,2024-2025
0133788X,67.9,2024-2025
0140075F,106.2,2024-2025
0141257R,85.6,2024-2025
0141554N,86.9,2024-2025
0141940H,104.4,2024-2025
0170007R,105.5,2024-2025
0170071K,98.3,2024-2025
0595398X,152.2,2024-2025
0171184V,129.5,2024-2025
0190568P,100.7,2024-2025
0210029T,113.3,2024-2025
0211150L,94.6,2024-2025
0220008P,84.5,2024-2025
0221749G,100.2,2024-2025
0623571V,134.4,2024-2025
0630916D,111.9,2024-2025
0631120A,71.4,2024-2025
0631522M,74.4,2024-2025
0640143H,133,2024-2025
0640171N,103.5,2024-2025
0641941M,127.5,2024-2025
0650022W,108.2,2024-2025
0650075D,104.8,2024-2025
0660523K,96.7,2024-2025
0671740C,102,2024-2025
0671742E,97.6,2024-2025
0671828Y,103.1,2024-2025
0672013Z,108.2,2024-2025
0680101R,111.6,2024-2025
0681126E,90,2024-2025
0681370V,92.6,2024-2025
0681930D,86.9,2024-2025
0690060R,85.7,2024-2025
0690510E,145.5,2024-2025
0690580F,119,2024-2025
0690621A,135.2,2024-2025
0691824H,106.9,2024-2025
0692164C,90.5,2024-2025
0692448L,129.6,2024-2025
0692938U,133.8,2024-2025
0700035H,90.3,2024-2025
0710063H,94.4,2024-2025
0711451S,105.4,2024-2025
0720019E,97.8,2024-2025
0720905T,102.1,2024-2025
0730042Z,116.8,2024-2025
0731113N,113.2,2024-2025
0740065U,113.7,2024-2025
0740263J,110.8,2024-2025
0740930J,122.5,2024-2025
0752187V,128.3,2024-2025
0752537A,105.4,2024-2025
0752917N,161.1,2024-2025
0754506R,154.2,2024-2025
0760010Y,119,2024-2025
0760116N,95.9,2024-2025
0761692B,112.7,2024-2025
0761697G,88.2,2024-2025
0761704P,88.8,2024-2025
0761720G,152.7,2024-2025
0761780X,63.2,2024-2025
0270041Y,98,2024-2025
0271676A,133.3,2024-2025
0762227H,107.9,2024-2025
0290056D,95.5,2024-2025
0290060H,110.9,2024-2025
0290236Z,114.9,2024-2025
0291873D,118.7,2024-2025
0770019C,85.4,2024-2025
0300062E,77.5,2024-2025
0310093H,98.3,2024-2025
0330129L,105.2,2024-2025
0331511N,119.4,2024-2025
0332327A,109.2,2024-2025
0332486Y,122.3,2024-2025
0771770F,103.1,2024-2025
0333287U,115.5,2024-2025
0340008Z,99,2024-2025
0780179W,134.8,2024-2025
0780262L,131.8,2024-2025
0351906G,129.8,2024-2025
0781511U,113.4,2024-2025
0781590E,137.9,2024-2025
0781662H,151.2,2024-2025
0781914G,81.6,2024-2025
0381664C,137.6,2024-2025
0790035J,96.6,2024-2025
0790072Z,109,2024-2025
0800023R,94.7,2024-2025
0400014Y,94,2024-2025
0801339W,111.3,2024-2025
0801368C,129,2024-2025
0801478X,110.9,2024-2025
0421570D,79.9,2024-2025
0820753Y,106.9,2024-2025
0830051E,115.7,2024-2025
0830071B,107.9,2024-2025
0830954L,80.9,2024-2025
0831115L,89.7,2024-2025
0831442S,112.5,2024-2025
0831709G,100.2,2024-2025
0840018N,72.5,2024-2025
0840760V,86.9,2024-2025
0850104B,109.4,2024-2025
0851560J,100.4,2024-2025
0851647D,93.3,2024-2025
0851698J,96,2024-2025
0860019D,107.7,2024-2025
0861053C,106.7,2024-2025
0870001D,109,2024-2025
0880054F,96.6,2024-2025
0880154P,98.6,2024-2025
0881371M,101.4,2024-2025
0910028L,133,2024-2025
0910046F,121.3,2024-2025
0430068R,101.1,2024-2025
0440015C,98.2,2024-2025
0440023L,120,2024-2025
0440153C,130.8,2024-2025
0440293E,93.7,2024-2025
0441616T,85.5,2024-2025
0441858F,116.4,2024-2025
0451069T,109,2024-2025
0451331C,120.8,2024-2025
0470012H,97.1,2024-2025
0911754M,111.7,2024-2025
0920855E,112.9,2024-2025
0501302U,98.3,2024-2025
0520014H,91.9,2024-2025
0922450N,158.4,2024-2025
0922610M,133.6,2024-2025
0930100D,100.3,2024-2025
0931195U,78.7,2024-2025
0530060C,92.8,2024-2025
0530078X,98.5,2024-2025
0530790W,99.3,2024-2025
0941039U,89.3,2024-2025
0541572R,103.3,2024-2025
0941102M,93,2024-2025
0560129L,115.3,2024-2025
0942532S,88.3,2024-2025
0561622J,108.6,2024-2025
0951220K,97.9,2024-2025
0572183N,91.8,2024-2025
0951801S,104,2024-2025
0572493A,74.6,2024-2025
7200044K,103,2024-2025
0593673X,90.6,2024-2025
9720006Z,97.5,2024-2025
0595171A,107.1,2024-2025
0622086F,88.8,2024-2025
0622097T,80.7,2024-2025
0622143T,117.5,2024-2025
0622432G,99.3,2024-2025
0622795B,93.9,2024-2025
0631502R,75.9,2024-2025
0640141F,97.2,2024-2025
0641652Y,125,2024-2025
0650089U,113.4,2024-2025
0650878B,111.8,2024-2025
0671911N,114.3,2024-2025
0672298J,123.7,2024-2025
0672899M,128.5,2024-2025
0681713T,109.3,2024-2025
0690534F,149.6,2024-2025
0692163B,114.7,2024-2025
0693243A,137.1,2024-2025
0693479G,147.6,2024-2025
0753982W,139.2,2024-2025
0762461M,93.5,2024-2025
0770013W,94.1,2024-2025
0771029A,84.7,2024-2025
0771220H,135.9,2024-2025
0780581H,105.1,2024-2025
0780761D,114.9,2024-2025
0781101Y,119,2024-2025
0790091V,91.9,2024-2025
0791042D,99.9,2024-2025
0800025T,115.8,2024-2025
0800045P,93.6,2024-2025
0810025M,95.4,2024-2025
0810088F,104.8,2024-2025
0810124V,103.5,2024-2025
0810961E,82.9,2024-2025
0820683X,106.5,2024-2025
0830833E,100.9,2024-2025
0840020R,101.4,2024-2025
0840033E,83.4,2024-2025
0840970Y,77,2024-2025
0850066K,95.3,2024-2025
0850114M,129.8,2024-2025
0851195M,101.2,2024-2025
0860768T,108.6,2024-2025
0860876K,83.9,2024-2025
0870007K,97.7,2024-2025
0870817R,98.1,2024-2025
0880106M,89.2,2024-2025
0911574S,109.6,2024-2025
0911745C,129.1,2024-2025
0911746D,146.8,2024-2025
0912233H,115.8,2024-2025
0920905J,159.2,2024-2025
0921239X,119.3,2024-2025
0921240Y,127.6,2024-2025
0921784P,145.8,2024-2025
0922340U,112.2,2024-2025
0922578C,116,2024-2025
0930858C,100,2024-2025
0930920V,102.2,2024-2025
0931705Y,144.4,2024-2025
0931710D,85.5,2024-2025
0931788N,85.9,2024-2025
0932582B,82.1,2024-2025
0932860D,137.5,2024-2025
0940094S,96.7,2024-2025
0941015T,90.7,2024-2025
0941024C,92.3,2024-2025
0941299B,95.1,2024-2025
0950037Z,87.8,2024-2025
0950039B,91,2024-2025
0950682A,115.6,2024-2025
0951051B,120.8,2024-2025
0951617S,83.7,2024-2025
0951919V,114.3,2024-2025
0952036X,77.4,2024-2025
0952325L,86.4,2024-2025
6200045E,98.9,2024-2025
7200013B,91.5,2024-2025
7200160L,93,2024-2025
7200727C,105.4,2024-2025
9710045X,84.9,2024-2025
9710644Y,93.4,2024-2025
9710985U,110.4,2024-2025
9720064M,132.7,2024-2025
9720083H,79.2,2024-2025
9720684L,115,2024-2025
9740735F,89.7,2024-2025
9740932V,108,2024-2025
9760219J,78.2,2024-2025
0220140H,102.1,2023-2024
0221126E,110.1,2023-2024
0230032K,104.2,2023-2024
0240119Z,91.4,2023-2024
0250003T,79.6,2023-2024
0251599C,78.6,2023-2024
0260067G,114.7,2023-2024
0260789S,94.1,2023-2024
0260997T,105.7,2023-2024
0271106F,95.8,2023-2024
0271119V,95.5,2023-2024
0271399Z,99.4,2023-2024
0280884J,91.4,2023-2024
0290048V,108.1,2023-2024
0290316L,106.1,2023-2024
0291661Y,99.2,2023-2024
0292290G,106.1,2023-2024
0300062E,80,2023-2024
0300099V,101.8,2023-2024
0301354J,113,2023-2024
0301747L,101.6,2023-2024
0311332E,108.9,2023-2024
0311772H,113,2023-2024
0312337X,130,2023-2024
0320562M,111.7,2023-2024
0332341R,100.3,2023-2024
0333287U,116.8,2023-2024
0350021H,97.6,2023-2024
0350868D,106.4,2023-2024
0360030M,99.7,2023-2024
0360718K,98.4,2023-2024
0370885L,108,2023-2024
0370994E,105.8,2023-2024
0371126Y,127.9,2023-2024
0371210P,111.6,2023-2024
0400023H,102.4,2023-2024
0420968Z,85,2023-2024
0430820H,98.7,2023-2024
0430906B,111.5,2023-2024
0440184L,121.3,2023-2024
0440538W,109,2023-2024
0451173F,94.9,2023-2024
0470732R,101.4,2023-2024
0490026M,102.7,2023-2024
0490869D,102.9,2023-2024
0491645X,116.6,2023-2024
0492004M,127.7,2023-2024
0500079P,101.6,2023-2024
0511179E,98.2,2023-2024
0540115G,95,2023-2024
0541852V,112.3,2023-2024
0560063P,97.2,2023-2024
0561792U,127.6,2023-2024
0594634S,72.9,2023-2024
0601191U,90,2023-2024
0601296H,91.3,2023-2024
0610016L,97.9,2023-2024
0610051Z,104.4,2023-2024
0620096T,82.4,2023-2024
0622864B,101.2,2023-2024
0650018S,105.9,2023-2024
0670017E,105.6,2023-2024
0680135C,116.4,2023-2024
0681961M,84.9,2023-2024
0691675W,94.7,2023-2024
0692155T,98.5,2023-2024
0692157V,87.6,2023-2024
0700788B,85.7,2023-2024
0700894S,96.7,2023-2024
0720024K,100.7,2023-2024
0720069J,89,2023-2024
0731041K,113,2023-2024
0731204M,120,2023-2024
0740930J,123.2,2023-2024
0741187N,113.7,2023-2024
0752526N,147.6,2023-2024
0753938Y,90.1,2023-2024
0761780X,77.5,2023-2024
0761953K,100.7,2023-2024
0762125X,110,2023-2024
0770002J,133.1,2023-2024
0771361L,122.5,2023-2024
0771519H,111.9,2023-2024
0772923J,107.9,2023-2024
0781171Z,117.5,2023-2024
0782087V,146.6,2023-2024
0830051E,114,2023-2024
0831442S,112.9,2023-2024
0840851U,117.5,2023-2024
0841086Z,84.6,2023-2024
0860772X,119.9,2023-2024
0861053C,106.1,2023-2024
0870120H,91.4,2023-2024
0890823L,99.8,2023-2024
0891057R,97.5,2023-2024
0910017Z,125.3,2023-2024
0910775Y,86.5,2023-2024
0911250P,98.2,2023-2024
0920068Z,143.2,2023-2024
0920877D,118.5,2023-2024
0921160L,86.3,2023-2024
0921396T,117.8,2023-2024
0921781L,134.8,2023-2024
0921904V,147.1,2023-2024
0930902A,94.7,2023-2024
0931186J,86.6,2023-2024
0240083K,110.9,2024-2025
0251090Z,96.7,2024-2025
0260029R,83,2024-2025
0260766S,93.1,2024-2025
0270001E,96.5,2024-2025
0280889P,118.6,2024-2025
0290106H,103.2,2024-2025
0290320R,109.3,2024-2025
0291638Y,103.6,2024-2025
0301096D,98.2,2024-2025
0301214G,124.3,2024-2025
0301670C,103.5,2024-2025
0311160T,140.8,2024-2025
0312610U,124.6,2024-2025
0330125G,99.3,2024-2025
0330140Y,72.7,2024-2025
0330163Y,87.2,2024-2025
0331891B,90.2,2024-2025
0340065L,100.9,2024-2025
0341278E,71.7,2024-2025
0341280G,121.9,2024-2025
0341764H,131.1,2024-2025
0350781J,132.7,2024-2025
0350869E,96.6,2024-2025
0351997F,107.9,2024-2025
0360016X,101.7,2024-2025
0370024A,93.8,2024-2025
0370743G,118.8,2024-2025
0370764E,88.8,2024-2025
0371208M,117.1,2024-2025
0382115T,102.7,2024-2025
0382492C,129.7,2024-2025
0382584C,139.3,2024-2025
0383301G,113.8,2024-2025
0390907Z,89.2,2024-2025
0410688A,124.7,2024-2025
0421681Z,76.4,2024-2025
0430001T,105.7,2024-2025
0430029Y,93.3,2024-2025
0440238V,106.1,2024-2025
0440284V,77.3,2024-2025
0441937S,132.5,2024-2025
0450109Z,113.1,2024-2025
0451070U,81.6,2024-2025
0451434P,114.2,2024-2025
0623918X,73.9,2024-2025
0631084L,106.8,2024-2025
0640064X,101.9,2024-2025
0640163E,121.6,2024-2025
0640227Z,97,2024-2025
0640231D,105.6,2024-2025
0641509T,109.4,2024-2025
0660061H,122,2024-2025
0660065M,102.8,2024-2025
0672072N,85.2,2024-2025
0680133A,128.2,2024-2025
0682017Y,115.7,2024-2025
0690626F,107,2024-2025
0694453R,99.9,2024-2025
0700016M,91.5,2024-2025
0710070R,106.7,2024-2025
0711252A,97.7,2024-2025
0720798B,117.2,2024-2025
0720989J,80.3,2024-2025
0740040S,116.1,2024-2025
0740911N,86.3,2024-2025
0741117M,97.1,2024-2025
0750465Y,114.6,2024-2025
0060048V,112.7,2023-2024
0061278G,86,2023-2024
0070062E,109.9,2023-2024
0080839U,83,2023-2024
0080910W,83.6,2023-2024
0081097Z,94.3,2023-2024
0090001C,107.3,2023-2024
0110788X,90.2,2023-2024
0120028R,106.1,2023-2024
0120068J,104.2,2023-2024
0131756N,85.6,2023-2024
0140041U,110.5,2023-2024
0150027Y,101.5,2023-2024
0170059X,108.3,2023-2024
0170120N,111.1,2023-2024
0681125D,94.5,2023-2024
0681126E,89,2023-2024
0681127F,72.1,2023-2024
0681366R,113.7,2023-2024
0690053H,105,2023-2024
0692410V,103.4,2023-2024
0692579D,104.6,2023-2024
0694151M,118.2,2023-2024
0700027Z,99.1,2023-2024
0711293V,102.9,2023-2024
0721483W,106.9,2023-2024
0730023D,109,2023-2024
0731069R,95.8,2023-2024
0741117M,98.8,2023-2024
0750609E,122.3,2023-2024
0752924W,149.9,2023-2024
0754528P,113.1,2023-2024
0761730T,110.4,2023-2024
0771419Z,107.1,2023-2024
0772090D,100.2,2023-2024
0780761D,116.6,2023-2024
0820011S,106.9,2023-2024
0820713E,89.1,2023-2024
0830145G,103.7,2023-2024
0830734X,89.4,2023-2024
0830959S,114.8,2023-2024
0840437U,93.8,2023-2024
0020004U,89.7,2024-2025
0021534G,99.4,2024-2025
0021535H,100.9,2024-2025
0030062B,102.9,2024-2025
0070060C,114.8,2024-2025
0132973L,118.2,2024-2025
0134022B,79.3,2024-2025
0140082N,97.1,2024-2025
0141271F,116.1,2024-2025
0141862Y,118.1,2024-2025
0160113L,67.3,2024-2025
0160793A,88.9,2024-2025
0171056F,106.1,2024-2025
0180710Z,94.8,2024-2025
0211088U,114.3,2024-2025
0211525U,104.5,2024-2025
0220040Z,99.5,2024-2025
0220098M,113.2,2024-2025
0221127F,98.8,2024-2025
0221619R,104.3,2024-2025
0221623V,108,2024-2025
0230001B,99.8,2024-2025
0230004E,99.4,2024-2025
0250055Z,98,2024-2025
0251069B,94.2,2024-2025
0260049M,94,2024-2025
0260090G,125.7,2024-2025
0260945L,120.9,2024-2025
0261091V,76.7,2024-2025
0261094Y,88.4,2024-2025
0261528V,117.8,2024-2025
0270010P,92,2024-2025
0271099Y,95.7,2024-2025
0271321P,104.2,2024-2025
0280033J,117.5,2024-2025
0280751P,100.4,2024-2025
0290293L,104.8,2024-2025
0291086Y,100.7,2024-2025
0291874E,121.9,2024-2025
0300016E,104.6,2024-2025
0301012M,81.3,2024-2025
0310037X,93.1,2024-2025
0311130K,133.8,2024-2025
0311689T,104.2,2024-2025
0311718Z,85.2,2024-2025
0311963R,133.3,2024-2025
0333531J,83.1,2024-2025
0340869K,131.8,2024-2025
0370729S,136.7,2024-2025
0371391L,94.1,2024-2025
0371403Z,125.4,2024-2025
0380002W,116.1,2024-2025
0380004Y,99.3,2024-2025
0380039L,113.1,2024-2025
0382781S,124.2,2024-2025
0400023H,103.4,2024-2025
0400648M,88.1,2024-2025
0410631N,100.4,2024-2025
0410717G,95.5,2024-2025
0421038A,123.7,2024-2025
0421058X,114.6,2024-2025
0440231M,118.4,2024-2025
0440244B,136.7,2024-2025
0440350S,108,2024-2025
0442921L,101.1,2024-2025
0450006M,96.5,2024-2025
0450061X,102.5,2024-2025
0490004N,127.6,2024-2025
0491859E,86,2024-2025
0491928E,112.8,2024-2025
0500034R,98.7,2024-2025
0500039W,104.6,2024-2025
0500083U,96.9,2024-2025
0510022X,88.6,2024-2025
0511216V,102.8,2024-2025
0511251H,68.4,2024-2025
0520708M,89.5,2024-2025
0540012V,103.6,2024-2025
0550055L,114.1,2024-2025
0572929Z,132.5,2024-2025
0622864B,99.2,2024-2025
0630059X,104.9,2024-2025
0640025E,102.4,2024-2025
0671686U,118.2,2024-2025
0672129A,94.7,2024-2025
0680064A,99.3,2024-2025
0691730F,75.6,2024-2025
0693365H,131.4,2024-2025
0694295U,83.5,2024-2025
0700063N,105.9,2024-2025
0720817X,105.2,2024-2025
0721365T,91,2024-2025
0730791N,123.8,2024-2025
0740110T,127.7,2024-2025
0750608D,122.3,2024-2025
0752316K,113.8,2024-2025
0752385K,100.8,2024-2025
0752534X,142.4,2024-2025
0752546K,128.4,2024-2025
0752557X,121.3,2024-2025
0752842G,161.2,2024-2025
0760026R,83.8,2024-2025
0760053V,118.5,2024-2025
0760136K,106,2024-2025
0931845A,142.1,2024-2025
0932302X,145.5,2024-2025
0932726H,89,2024-2025
0940101Z,119.6,2024-2025
0941100K,125.9,2024-2025
0941233E,99.5,2024-2025
0941679P,96,2024-2025
0950788R,132.5,2024-2025
0950908W,99.9,2024-2025
0951052C,115.8,2024-2025
0951194G,103,2024-2025
0952326M,113.4,2024-2025
7200025P,99.9,2024-2025
9711205H,125.8,2024-2025
9720052Z,75.4,2024-2025
9720861D,89.2,2024-2025
9730394R,70.9,2024-2025
9730451C,65.5,2024-2025
9740811N,80.4,2024-2025
9741044S,90.4,2024-2025
9741189Z,71.2,2024-2025
9741387P,108.3,2024-2025
9760166B,78,2024-2025
9760180S,91.8,2024-2025
0010024W,108.5,2023-2024
0040051J,104.6,2023-2024
0100902B,87.5,2023-2024
0120021H,107.2,2023-2024
0131548M,116.2,2023-2024
0131881Z,102.7,2023-2024
0132907P,122.1,2023-2024
0132911U,143.4,2023-2024
0140082N,99.5,2023-2024
0141860W,113.1,2023-2024
0170048K,94.4,2023-2024
0690078K,106.4,2024-2025
0721043T,102.5,2024-2025
0730982W,113.9,2024-2025
0741282S,133.9,2024-2025
0761689Y,108.7,2024-2025
0761785C,97.5,2024-2025
0761953K,102,2024-2025
0771173G,102.2,2024-2025
0771363N,106.6,2024-2025
0771661M,88.3,2024-2025
0772944G,113.9,2024-2025
0780256E,129.3,2024-2025
0780712A,124,2024-2025
0781205L,125.1,2024-2025
0783636D,99.1,2024-2025
0790033G,92.5,2024-2025
0790044U,97.9,2024-2025
0800027V,90.3,2024-2025
0800050V,89.1,2024-2025
0801373H,95.8,2024-2025
0810037A,117.9,2024-2025
0830003C,108.2,2024-2025
0830830B,92.5,2024-2025
0830837J,93.4,2024-2025
0831188R,130.4,2024-2025
0831274J,93.1,2024-2025
0840764Z,96.7,2024-2025
0850107E,110.4,2024-2025
0850113L,105.5,2024-2025
0850149A,94.7,2024-2025
0851435Y,105.4,2024-2025
0870042Y,103.6,2024-2025
0880011J,91.3,2024-2025
0880151L,92.1,2024-2025
0880418B,96.5,2024-2025
0891235J,101.7,2024-2025
0900007U,90.1,2024-2025
0910009R,118.2,2024-2025
0910979V,118.6,2024-2025
0911920T,128.3,2024-2025
0921007V,151.9,2024-2025
0921179G,104,2024-2025
0921591E,148.3,2024-2025
0921785R,147.8,2024-2025
0921786S,131.3,2024-2025
0930043S,92.3,2024-2025
0930089S,89.3,2024-2025
0930859D,89.5,2024-2025
0930969Y,132.5,2024-2025
0931192R,89.1,2024-2025
0931210K,119.9,2024-2025
0931219V,97.9,2024-2025
0931220W,86.5,2024-2025
0931222Y,94.1,2024-2025
0931497X,86.1,2024-2025
